# Generated by GTAClone/tools/split_car_wheels.py from kart-oozi.obj
# Kenney Car Kit (CC0 1.0); the split is a derivative work, also CC0.
mtllib colormap.mtl
v -0.298350 0.316452 0.094764
v -0.298350 0.135190 0.094764
v -0.298350 0.346504 0.082316
v -0.298350 0.358952 0.052264
v -0.298350 0.358952 -0.089139
v -0.298350 0.346504 -0.119191
v -0.298350 0.316452 -0.131638
v -0.298350 0.135190 -0.131638
v -0.366038 0.346504 -0.119191
v -0.349382 0.316452 -0.131638
v -0.453724 0.206207 -0.119191
v -0.423672 0.197589 -0.131638
v -0.466172 0.209777 -0.089139
v -0.466172 0.135190 -0.089139
v -0.453724 0.135190 -0.119191
v -0.372937 0.358952 -0.089139
v -0.423672 0.135190 -0.131638
v -0.372937 0.358952 0.052264
v -0.423672 0.135190 0.094764
v -0.453724 0.135190 0.082316
v -0.466172 0.135190 0.052264
v -0.423672 0.197589 0.094764
v -0.453724 0.206207 0.082316
v -0.366038 0.346504 0.082316
v -0.349382 0.316452 0.094764
v -0.466172 0.209777 0.052264
v 0.466172 0.209777 0.615557
v 0.466172 0.135190 0.589483
v 0.466172 0.209777 0.589483
v 0.466172 0.135190 0.615557
v -0.453724 0.135190 0.559431
v -0.466172 0.135190 0.615557
v -0.466172 0.135190 0.589483
v -0.423672 0.135190 0.546983
v -0.298350 0.135190 0.546983
v -0.298350 0.135190 0.615557
v -0.298350 0.135190 0.783378
v 0.298350 0.135190 0.615557
v 0.298350 0.135190 0.783378
v 0.298350 0.135190 0.546983
v 0.423672 0.135190 0.546983
v 0.453724 0.135190 0.559431
v 0.298350 0.316452 0.546983
v 0.423672 0.197589 0.546983
v 0.349382 0.316452 0.546983
v 0.372937 0.358952 0.615557
v 0.372937 0.358952 0.589483
v 0.298350 0.209777 0.783378
v -0.298350 0.209777 0.783378
v -0.298350 0.358952 0.615557
v 0.298350 0.358952 0.615557
v 0.298350 0.358952 0.690144
v -0.298350 0.358952 0.690144
v -0.423672 0.197589 0.546983
v -0.298350 0.316452 0.546983
v -0.349382 0.316452 0.546983
v -0.466172 0.209777 0.615557
v -0.372937 0.358952 0.615557
v -0.372937 0.358952 0.589483
v -0.298350 0.358952 0.589483
v 0.298350 0.358952 0.589483
v 0.453724 0.206207 0.559431
v 0.366038 0.346504 0.559431
v 0.298350 0.346504 0.559431
v -0.466172 0.209777 0.589483
v -0.298350 0.346504 0.559431
v -0.366038 0.346504 0.559431
v -0.453724 0.206207 0.559431
v -0.149175 0.260695 -0.270830
v 0.149175 0.194691 -0.517157
v 0.149175 0.260695 -0.270830
v -0.149175 0.194691 -0.517157
v -0.149175 0.199426 -0.547584
v -0.149175 0.299637 -0.566627
v -0.149175 0.226716 -0.561848
v -0.149175 0.409870 -0.529208
v -0.149175 0.497392 -0.452454
v -0.149175 0.529713 -0.386912
v -0.149175 0.531006 -0.356146
v -0.149175 0.507023 -0.336833
v 0.149175 0.299637 -0.566627
v 0.149175 0.199426 -0.547584
v 0.149175 0.226716 -0.561848
v 0.149175 0.409870 -0.529208
v 0.149175 0.497392 -0.452454
v 0.149175 0.529713 -0.386912
v 0.149175 0.531006 -0.356146
v 0.149175 0.507023 -0.336833
v 0.423672 0.197589 0.094764
v 0.298350 0.135190 0.094764
v 0.423672 0.135190 0.094764
v 0.298350 0.316452 0.094764
v 0.349382 0.316452 0.094764
v 0.298350 0.316452 -0.131638
v 0.423672 0.135190 -0.131638
v 0.298350 0.135190 -0.131638
v 0.423672 0.197589 -0.131638
v 0.349382 0.316452 -0.131638
v 0.466172 0.209777 0.052264
v 0.466172 0.135190 -0.089139
v 0.466172 0.209777 -0.089139
v 0.466172 0.135190 0.052264
v 0.372937 0.358952 -0.089139
v 0.372937 0.358952 0.052264
v 0.298350 0.358952 0.052264
v 0.366038 0.346504 0.082316
v 0.298350 0.346504 0.082316
v 0.453724 0.206207 0.082316
v 0.453724 0.135190 0.082316
v 0.453724 0.135190 -0.119191
v 0.298350 0.358952 -0.089139
v 0.366038 0.346504 -0.119191
v 0.298350 0.346504 -0.119191
v 0.453724 0.206207 -0.119191
v 0.320395 0.551600 -0.480322
v 0.271545 0.326681 -0.322978
v 0.292092 0.503283 -0.528638
v 0.291338 0.360469 -0.289191
v 0.175980 0.326681 -0.322978
v 0.127130 0.551600 -0.480322
v 0.155433 0.503283 -0.528638
v 0.156188 0.360469 -0.289191
v 0.271545 0.394256 -0.255403
v 0.223763 0.619929 -0.411992
v 0.223763 0.408251 -0.241408
v 0.292092 0.599916 -0.432006
v 0.175980 0.394256 -0.255403
v 0.155433 0.599916 -0.432006
v 0.223763 0.312686 -0.336974
v 0.223763 0.483270 -0.548651
v 0.262230 0.360469 -0.289191
v 0.250963 0.379702 -0.269957
v 0.250963 0.341235 -0.308424
v 0.223763 0.387669 -0.261991
v 0.223763 0.333268 -0.316391
v 0.196562 0.341235 -0.308424
v 0.196562 0.379702 -0.269957
v 0.185295 0.360469 -0.289191
v 0.245523 0.214989 -0.112937
v 0.245523 0.184215 -0.143711
v 0.254536 0.199602 -0.128324
v 0.223763 0.177842 -0.150084
v 0.223763 0.221362 -0.106564
v 0.202002 0.214989 -0.112937
v 0.202002 0.184215 -0.143711
v 0.192989 0.199602 -0.128324
v -0.127130 0.551600 -0.480322
v -0.175980 0.326681 -0.322978
v -0.155433 0.503283 -0.528638
v -0.156188 0.360469 -0.289191
v -0.271545 0.326681 -0.322978
v -0.320395 0.551600 -0.480322
v -0.292092 0.503283 -0.528638
v -0.291338 0.360469 -0.289191
v -0.175980 0.394256 -0.255403
v -0.223763 0.619929 -0.411992
v -0.223763 0.408251 -0.241408
v -0.155433 0.599916 -0.432006
v -0.271545 0.394256 -0.255403
v -0.292092 0.599916 -0.432006
v -0.223763 0.312686 -0.336974
v -0.223763 0.483270 -0.548651
v -0.202002 0.214989 -0.112937
v -0.202002 0.184215 -0.143711
v -0.192989 0.199602 -0.128324
v -0.223763 0.221362 -0.106564
v -0.223763 0.177842 -0.150084
v -0.245523 0.214989 -0.112937
v -0.245523 0.184215 -0.143711
v -0.254536 0.199602 -0.128324
v -0.185295 0.360469 -0.289191
v -0.196562 0.379702 -0.269957
v -0.196562 0.341235 -0.308424
v -0.223763 0.387669 -0.261991
v -0.223763 0.333268 -0.316391
v -0.250963 0.341235 -0.308424
v -0.250963 0.379702 -0.269957
v -0.262230 0.360469 -0.289191
v -0.277372 0.172484 -0.323313
v -0.277372 0.247071 -0.397901
v -0.277372 0.172484 -0.397901
v -0.277372 0.247071 -0.323313
v 0.277372 0.172484 -0.397901
v 0.277372 0.247071 -0.397901
v 0.277372 0.247071 -0.323313
v 0.277372 0.172484 -0.323313
v -0.277372 0.172484 0.361027
v -0.277372 0.247071 0.286439
v -0.277372 0.172484 0.286439
v -0.277372 0.247071 0.361027
v 0.277372 0.172484 0.286439
v 0.277372 0.247071 0.286439
v 0.277372 0.247071 0.361027
v 0.277372 0.172484 0.361027
v 0.223763 0.209777 0.615557
v 0.149175 0.209777 -0.174139
v 0.223763 0.209777 -0.174139
v 0.149175 0.209777 0.615557
v 0.149175 0.284365 -0.174139
v 0.149175 0.284365 0.615557
v 0.223763 0.284365 0.615557
v 0.223763 0.284365 -0.174139
v -0.298350 0.172484 0.094764
v -0.298350 0.247071 -0.216639
v -0.298350 0.172484 -0.216639
v -0.298350 0.247071 0.094764
v 0.298350 0.172484 -0.216639
v 0.298350 0.247071 -0.216639
v 0.255850 0.247071 0.137264
v -0.255850 0.172484 0.137264
v 0.255850 0.172484 0.137264
v -0.255850 0.247071 0.137264
v 0.298350 0.247071 0.094764
v 0.298350 0.172484 0.094764
v 0.285902 0.247071 0.124816
v 0.285902 0.172484 0.124816
v -0.285902 0.172484 0.124816
v -0.285902 0.247071 0.124816
v -0.223763 0.284365 -0.174139
v -0.149175 0.209777 -0.174139
v -0.223763 0.209777 -0.174139
v -0.149175 0.284365 -0.174139
v -0.149175 0.284365 0.615557
v -0.223763 0.209777 0.615557
v -0.149175 0.209777 0.615557
v -0.223763 0.284365 0.615557
v 0.298350 0.154914 0.825878
v 0.213350 0.081302 0.783378
v 0.298350 0.081302 0.783378
v 0.213350 0.154914 0.825878
v 0.213350 0.177690 0.740878
v 0.298350 0.123802 0.709766
v 0.213350 0.123802 0.709766
v 0.298350 0.177690 0.740878
v 0.213350 0.217139 0.740878
v 0.213350 0.313526 0.783378
v 0.213350 0.271026 0.709766
v 0.213350 0.239914 0.825878
v 0.298350 0.313526 0.783378
v 0.298350 0.271026 0.709766
v 0.298350 0.239914 0.825878
v 0.298350 0.217139 0.740878
v -0.213350 0.154914 0.825878
v -0.298350 0.081302 0.783378
v -0.213350 0.081302 0.783378
v -0.298350 0.154914 0.825878
v -0.298350 0.177690 0.740878
v -0.213350 0.123802 0.709766
v -0.298350 0.123802 0.709766
v -0.213350 0.177690 0.740878
v -0.298350 0.217139 0.740878
v -0.298350 0.313526 0.783378
v -0.298350 0.271026 0.709766
v -0.298350 0.239914 0.825878
v -0.213350 0.313526 0.783378
v -0.213350 0.271026 0.709766
v -0.213350 0.239914 0.825878
v -0.213350 0.217139 0.740878
v -0.223763 0.284365 0.576882
v 0.223763 0.284365 -0.318168
v 0.223763 0.284365 0.576882
v -0.223763 0.284365 -0.318168
v -0.223763 0.433540 -0.318168
v -0.223763 0.392664 0.308170
v -0.223763 0.458964 0.352370
v -0.223763 0.287917 0.580433
v -0.149175 0.358952 -0.318168
v -0.149175 0.433540 -0.318168
v 0.149175 0.358952 -0.318168
v 0.223763 0.433540 -0.318168
v 0.149175 0.433540 -0.318168
v 0.149175 0.318077 0.258445
v -0.149175 0.318077 0.258445
v 0.223763 0.392664 0.308170
v 0.149175 0.392664 0.308170
v -0.149175 0.392664 0.308170
v 0.223763 0.458964 0.352370
v 0.223763 0.287917 0.580433
v -0.194634 0.517566 0.391437
v -0.194634 0.338146 0.630663
v -0.124313 0.358952 0.651469
v -0.124313 0.541839 0.407620
v 0.194634 0.517566 0.391437
v 0.194634 0.338146 0.630663
v 0.124313 0.541839 0.407620
v 0.124313 0.358952 0.651469
v 0.273643 0.588003 -0.587267
v 0.273643 0.658544 -0.516725
v 0.294304 0.623274 -0.551996
v 0.223763 0.573393 -0.601876
v 0.223763 0.673154 -0.502116
v 0.173882 0.588003 -0.587267
v 0.173882 0.658544 -0.516725
v 0.153221 0.623274 -0.551996
v -0.173882 0.588003 -0.587267
v -0.173882 0.658544 -0.516725
v -0.153221 0.623274 -0.551996
v -0.223763 0.573393 -0.601876
v -0.223763 0.673154 -0.502116
v -0.273643 0.588003 -0.587267
v -0.273643 0.658544 -0.516725
v -0.294304 0.623274 -0.551996
v 0.155433 0.647698 -0.479788
v 0.127130 0.599382 -0.528104
v 0.155433 0.551066 -0.576421
v 0.223763 0.667712 -0.459775
v 0.292092 0.551066 -0.576421
v 0.223763 0.531053 -0.596434
v 0.292092 0.647698 -0.479788
v 0.320395 0.599382 -0.528104
v -0.292092 0.647698 -0.479788
v -0.320395 0.599382 -0.528104
v -0.292092 0.551066 -0.576421
v -0.223763 0.667712 -0.459775
v -0.155433 0.551066 -0.576421
v -0.223763 0.531053 -0.596434
v -0.155433 0.647698 -0.479788
v -0.127130 0.599382 -0.528104
v 0.367937 1.065641 0.192109
v 0.326765 1.033206 0.194032
v 0.353688 0.903871 0.216605
v 0.250095 1.142851 0.174896
v 0.398252 0.915506 0.218312
v 0.326765 0.774535 0.239177
v 0.281607 1.192920 0.169895
v 0.135351 1.216113 0.162110
v 0.367937 0.765371 0.244514
v 0.250095 0.664890 0.258314
v 0.281607 0.638093 0.266728
v 0.135351 0.591628 0.271100
v 0.408970 0.726180 0.118814
v 0.442666 0.893058 0.089689
v 0.408970 1.059936 0.060564
v 0.152404 1.277964 0.155053
v 0.000000 1.241839 0.157620
v 0.152404 0.553048 0.281571
v 0.000000 0.565902 0.275590
v 0.408970 0.697461 -0.045734
v 0.313012 0.584707 0.143505
v 0.442666 0.864340 -0.074859
v 0.169401 0.490178 0.160003
v 0.313012 1.201409 0.035873
v 0.169401 1.295938 0.019375
v 0.408970 1.031218 -0.103984
v 0.000000 0.523185 0.286783
v 0.000000 0.456984 0.165796
v -0.152404 0.553048 0.281571
v -0.135351 0.591628 0.271100
v -0.169401 0.490178 0.160003
v -0.281607 0.638093 0.266728
v -0.250095 0.664890 0.258314
v -0.367937 0.765371 0.244514
v -0.326765 0.774535 0.239177
v -0.313012 0.584707 0.143505
v -0.398252 0.915506 0.218312
v -0.353688 0.903871 0.216605
v -0.367937 1.065641 0.192109
v -0.326765 1.033206 0.194032
v -0.250095 1.142851 0.174896
v -0.408970 0.726180 0.118814
v -0.313012 0.555989 -0.021043
v -0.442666 0.893058 0.089689
v -0.281607 1.192920 0.169895
v -0.135351 1.216113 0.162110
v -0.169401 0.461460 -0.004546
v -0.408970 0.697461 -0.045734
v -0.152404 1.277964 0.155053
v 0.000000 1.307828 0.149840
v -0.169401 1.295938 0.019375
v 0.000000 1.329132 0.013582
v 0.000000 0.428266 0.001248
v -0.313012 1.201409 0.035873
v -0.408970 1.059936 0.060564
v -0.313012 1.172691 -0.128675
v -0.169401 1.267220 -0.145173
v 0.000000 1.300414 -0.150967
v -0.442666 0.864340 -0.074859
v -0.408970 1.031218 -0.103984
v -0.275258 1.108513 -0.276809
v 0.169401 1.267220 -0.145173
v -0.148969 1.191640 -0.291317
v 0.313012 1.172691 -0.128675
v -0.359642 0.690603 -0.203872
v -0.389274 0.837353 -0.229484
v -0.359642 0.984104 -0.255096
v -0.204304 1.016616 -0.390661
v -0.275258 0.566194 -0.182159
v -0.148969 0.483067 -0.167651
v -0.204304 0.614092 -0.320409
v -0.266936 0.706432 -0.336525
v -0.288930 0.815354 -0.355535
v -0.266936 0.924276 -0.374545
v -0.110569 1.078315 -0.401429
v 0.000000 1.220831 -0.296411
v 0.148969 1.191640 -0.291317
v 0.275258 1.108513 -0.276809
v 0.359642 0.984104 -0.255096
v 0.389274 0.837353 -0.229484
v 0.359642 0.690603 -0.203872
v 0.313012 0.555989 -0.021043
v 0.169401 0.461460 -0.004546
v 0.275258 0.566194 -0.182159
v 0.266936 0.706432 -0.336525
v 0.288930 0.815354 -0.355535
v 0.266936 0.924276 -0.374545
v 0.148969 0.483067 -0.167651
v 0.204304 0.614092 -0.320409
v 0.000000 0.453876 -0.162556
v 0.204304 1.016616 -0.390661
v 0.110569 0.552393 -0.309641
v -0.110569 0.552393 -0.309641
v 0.110569 1.078315 -0.401429
v 0.000000 0.530727 -0.305860
v 0.000000 0.649548 -0.411377
v 0.058832 0.661076 -0.413389
v 0.000000 0.796008 -0.466383
v -0.058832 0.661076 -0.413389
v 0.108708 0.693906 -0.419119
v -0.108708 0.693906 -0.419119
v 0.142034 0.743039 -0.427694
v -0.142034 0.743039 -0.427694
v 0.153736 0.800995 -0.437809
v -0.153736 0.800995 -0.437809
v 0.142034 0.858951 -0.447924
v -0.142034 0.858951 -0.447924
v 0.108708 0.908084 -0.456499
v -0.108708 0.908084 -0.456499
v 0.058832 0.940914 -0.462229
v -0.058832 0.940914 -0.462229
v 0.000000 0.952442 -0.464241
v 0.000000 1.099981 -0.405210
v -0.103273 0.954740 -0.074575
v -0.134932 0.909464 -0.066673
v 0.000000 0.848752 -0.099211
v 0.134932 0.909464 -0.066673
v 0.146049 0.856057 -0.057352
v -0.134932 0.802651 -0.048031
v -0.103273 0.757375 -0.040129
v -0.146049 0.856057 -0.057352
v -0.055891 0.727122 -0.034849
v 0.000000 0.716499 -0.032995
v -0.055891 0.984992 -0.079855
v 0.000000 0.995616 -0.081709
v 0.055891 0.984992 -0.079855
v 0.055891 0.727122 -0.034849
v 0.103273 0.757375 -0.040129
v 0.134932 0.802651 -0.048031
v 0.103273 0.954740 -0.074575
v 0.105040 1.119411 0.020884
v 0.000000 1.139377 0.017400
v -0.274483 0.877093 0.063175
v -0.253589 0.776721 0.080693
v 0.194089 1.062556 0.030807
v -0.194089 1.062556 0.030807
v -0.105040 1.119411 0.020884
v 0.274483 0.877093 0.063175
v 0.253589 0.776721 0.080693
v 0.105040 0.634774 0.105467
v 0.000000 0.614809 0.108951
v -0.194089 0.691630 0.095544
v -0.105040 0.634774 0.105467
v -0.253589 0.977464 0.045658
v 0.253589 0.977464 0.045658
v 0.194089 0.691630 0.095544
v -0.011370 0.695851 0.241488
v -0.034307 0.673914 0.235342
v -0.018247 0.667486 0.239645
v -0.048371 0.684196 0.231573
v -0.054509 0.691589 0.229929
v -0.054509 0.701216 0.229929
v -0.020965 0.699692 0.238917
v -0.029369 0.705835 0.236665
v -0.040358 0.710963 0.233720
v -0.032722 0.709874 0.235766
v 0.031988 0.673914 0.235342
v 0.009051 0.695851 0.241488
v 0.015928 0.667486 0.239645
v 0.046052 0.684196 0.231573
v 0.052191 0.691589 0.229929
v 0.052191 0.701216 0.229929
v 0.018646 0.699692 0.238917
v 0.027050 0.705835 0.236665
v 0.038039 0.710963 0.233720
v 0.030403 0.709874 0.235766
v 0.142218 0.795989 0.153690
v 0.143993 0.778504 0.157512
v 0.114492 0.763591 0.141853
v 0.143099 0.852103 0.215425
v 0.155466 0.830958 0.182222
v 0.132628 0.860784 0.188496
v -0.072069 0.795989 0.135559
v -0.074250 0.758176 0.144281
v -0.114498 0.763591 0.141853
v 0.162090 0.826273 0.196488
v -0.111692 0.795989 0.134637
v 0.122157 0.739874 0.161566
v 0.148842 0.765705 0.167956
v 0.080203 0.730496 0.168110
v 0.088344 0.720364 0.200661
v -0.114498 0.828387 0.141853
v 0.132628 0.731193 0.188496
v -0.074250 0.833801 0.144281
v 0.111686 0.795989 0.134637
v 0.102444 0.833801 0.257042
v 0.104625 0.795989 0.265764
v 0.153570 0.795989 0.242354
v -0.162096 0.826273 0.196488
v -0.132634 0.860784 0.188496
v -0.155472 0.830958 0.182222
v -0.143105 0.852103 0.215425
v -0.080210 0.730496 0.168110
v -0.122163 0.739874 0.161566
v 0.155466 0.761020 0.182222
v 0.150765 0.828387 0.235139
v 0.166939 0.813473 0.206931
v -0.150771 0.763591 0.235139
v -0.143105 0.739874 0.215425
v -0.102450 0.758176 0.257042
v -0.168720 0.795989 0.210754
v -0.166945 0.778504 0.206931
v -0.162096 0.765705 0.196488
v -0.155472 0.761020 0.182222
v -0.132634 0.731193 0.188496
v 0.122157 0.852103 0.161566
v 0.148842 0.826273 0.167956
v 0.143993 0.813473 0.157512
v -0.153577 0.795989 0.242354
v -0.150771 0.828387 0.235139
v -0.143999 0.778504 0.157512
v -0.148848 0.765705 0.167956
v 0.096485 0.861482 0.233212
v -0.166945 0.813473 0.206931
v 0.114492 0.828387 0.141853
v -0.102450 0.833801 0.257042
v -0.104632 0.795989 0.265764
v -0.096491 0.730496 0.233212
v -0.088350 0.871614 0.200661
v -0.122163 0.852103 0.161566
v 0.074244 0.833801 0.144281
v 0.150765 0.763591 0.235139
v 0.143099 0.739874 0.215425
v 0.166939 0.778504 0.206931
v 0.168714 0.795989 0.210754
v 0.074244 0.758176 0.144281
v -0.143999 0.813473 0.157512
v -0.148848 0.826273 0.167956
v 0.162090 0.765705 0.196488
v 0.080203 0.861482 0.168110
v 0.088344 0.871614 0.200661
v -0.080210 0.861482 0.168110
v 0.102444 0.758176 0.257042
v 0.096485 0.730496 0.233212
v -0.088350 0.720364 0.200661
v 0.072063 0.795989 0.135559
v -0.096491 0.861482 0.233212
v -0.142224 0.795989 0.153690
v -0.000003 0.720364 0.224932
v -0.000003 0.730496 0.259720
v -0.000003 0.795989 0.294507
v -0.000003 0.833801 0.285186
v -0.000003 0.861482 0.259720
v -0.000003 0.871614 0.224932
v -0.000003 0.758176 0.164679
v -0.000003 0.795989 0.155357
v -0.000003 0.833801 0.164679
v -0.000003 0.861482 0.190145
v -0.000003 0.758176 0.285186
v -0.000003 0.730496 0.190145
v 0.064121 0.458110 -0.251994
v -0.042609 0.382318 -0.171724
v -0.064116 0.458110 -0.251995
v 0.042612 0.382318 -0.171723
v 0.200875 1.009862 0.041127
v 0.245950 0.918471 -0.078599
v 0.200876 1.009862 -0.066522
v 0.245949 0.918471 0.053205
v -0.180046 0.918471 -0.192750
v -0.200875 1.009862 -0.066527
v -0.147050 1.009862 -0.159753
v -0.245949 0.918471 -0.078605
v -0.175174 0.458110 -0.187878
v -0.116412 0.382318 -0.129115
v -0.073525 1.069237 -0.086226
v 0.026913 1.069237 -0.113138
v -0.026911 1.069237 -0.113138
v 0.073526 1.069237 -0.086225
v -0.100438 1.069237 -0.039613
v 0.100438 1.069237 -0.039611
v -0.100438 1.069237 0.014211
v 0.100437 1.069237 0.014213
v -0.073527 1.069237 0.060825
v 0.073525 1.069237 0.060826
v -0.026914 1.069237 0.087738
v 0.026911 1.069237 0.087738
v 0.053827 1.009862 -0.213575
v -0.053822 1.009862 -0.213576
v -0.065899 0.918471 -0.258651
v 0.065905 0.918471 -0.258649
v -0.053827 1.009862 0.188175
v 0.053822 1.009862 0.188176
v -0.200877 1.009862 0.041122
v -0.245951 0.918471 0.053199
v 0.147049 1.009862 0.134353
v 0.180045 0.918471 0.167350
v 0.147053 1.009862 -0.159750
v 0.042608 0.382318 0.146324
v -0.064122 0.458110 0.226594
v -0.042612 0.382318 0.146323
v 0.064116 0.458110 0.226595
v 0.065899 0.918471 0.233251
v -0.147053 1.009862 0.134350
v 0.180050 0.918471 -0.192746
v 0.116415 0.382318 -0.129112
v -0.159024 0.382318 -0.055312
v 0.159024 0.382318 -0.055309
v -0.159025 0.382318 0.029908
v 0.159023 0.382318 0.029912
v -0.116415 0.382318 0.103712
v 0.116412 0.382318 0.103715
v -0.065905 0.918471 0.233249
v -0.180050 0.918471 0.167346
v 0.175178 0.458110 -0.187874
v -0.239294 0.458110 -0.076822
v 0.239294 0.458110 0.051421
v 0.239295 0.458110 -0.076816
v 0.175174 0.458110 0.162478
v -0.239295 0.458110 0.051416
v -0.175178 0.458110 0.162474
v 0.075542 0.358985 0.275208
v 0.027029 0.484812 0.042227
v 0.042001 0.434571 0.026037
v 0.057927 0.418092 0.294255
v 0.173334 0.441588 0.366282
v 0.111149 0.452159 0.349599
v 0.157450 0.424542 0.364941
v 0.143673 0.487060 0.352343
v 0.158325 0.380993 0.353305
v 0.099901 0.406746 0.339874
v 0.112941 0.362990 0.325773
v 0.151956 0.402363 0.360192
v 0.219122 0.369179 0.338153
v 0.174849 0.366158 0.346127
v 0.197103 0.361834 0.340581
v 0.235006 0.386224 0.339493
v 0.240500 0.408403 0.344243
v 0.234131 0.429774 0.351129
v 0.217606 0.444608 0.358307
v 0.195353 0.448933 0.363853
v 0.182798 0.305993 0.240014
v 0.184935 0.406795 -0.009586
v 0.243699 0.326307 0.233298
v 0.133168 0.389528 -0.003877
v 0.067312 0.503987 -0.026509
v 0.074798 0.478867 -0.034604
v 0.220222 0.549254 0.020922
v 0.239507 0.534937 0.289043
v 0.285213 0.493906 0.269189
v 0.181372 0.584130 0.037797
v 0.073122 0.479437 0.307392
v 0.144483 0.553646 -0.028724
v 0.129055 0.594297 0.050836
v 0.118325 0.558729 -0.022204
v 0.163908 0.536208 -0.037161
v 0.039945 0.536955 0.053394
v 0.092442 0.550096 -0.019350
v 0.073770 0.530059 -0.020925
v 0.077289 0.577029 0.056545
v 0.146265 0.464979 -0.052415
v 0.120382 0.456345 -0.049561
v 0.281197 0.419114 0.307218
v 0.268156 0.462870 0.321318
v 0.171395 0.511088 -0.045256
v 0.222279 0.446869 -0.006435
v 0.164937 0.485016 -0.050840
v 0.235195 0.499013 0.004732
v 0.302828 0.434799 0.250142
v 0.121248 0.317954 0.255354
v 0.080851 0.399695 0.009162
v 0.146776 0.332616 0.311076
v 0.177958 0.546898 0.304383
v 0.234321 0.493244 0.336015
v 0.188757 0.502099 0.347371
v 0.117057 0.526583 0.311099
v 0.094223 0.461428 -0.043041
v 0.269948 0.373701 0.297493
v 0.287633 0.373454 0.237005
v 0.237424 0.338800 0.294749
v 0.192340 0.323762 0.299721
v -0.302835 0.434799 0.250140
v -0.235201 0.499013 0.004729
v -0.287640 0.373454 0.237002
v -0.222285 0.446869 -0.006438
v -0.075549 0.358985 0.275205
v -0.121255 0.317954 0.255351
v -0.042008 0.434571 0.026034
v -0.080858 0.399695 0.009159
v -0.146783 0.332616 0.311074
v -0.182804 0.305993 0.240011
v -0.192347 0.323762 0.299718
v -0.268163 0.462870 0.321315
v -0.285220 0.493906 0.269187
v -0.281203 0.419114 0.307215
v -0.188764 0.502099 0.347368
v -0.234328 0.493244 0.336012
v -0.195359 0.448933 0.363851
v -0.217613 0.444608 0.358304
v -0.118331 0.558729 -0.022207
v -0.092448 0.550096 -0.019353
v -0.144490 0.553646 -0.028727
v -0.163915 0.536208 -0.037164
v -0.073776 0.530059 -0.020928
v -0.171401 0.511088 -0.045259
v -0.067318 0.503987 -0.026512
v -0.164943 0.485016 -0.050843
v -0.074805 0.478867 -0.034607
v -0.146271 0.464979 -0.052418
v -0.094230 0.461428 -0.043044
v -0.120388 0.456345 -0.049564
v -0.143680 0.487060 0.352340
v -0.111156 0.452159 0.349596
v -0.117063 0.526583 0.311096
v -0.073129 0.479437 0.307389
v -0.184941 0.406795 -0.009589
v -0.173341 0.441588 0.366279
v -0.077295 0.577029 0.056542
v -0.177964 0.546898 0.304380
v -0.129061 0.594297 0.050833
v -0.181378 0.584130 0.037794
v -0.239514 0.534937 0.289040
v -0.243705 0.326307 0.233295
v -0.235012 0.386224 0.339490
v -0.269954 0.373701 0.297490
v -0.219128 0.369179 0.338150
v -0.237430 0.338800 0.294746
v -0.197109 0.361834 0.340578
v -0.220228 0.549254 0.020919
v -0.174856 0.366158 0.346124
v -0.240506 0.408403 0.344240
v -0.158331 0.380993 0.353302
v -0.112947 0.362990 0.325771
v -0.039951 0.536955 0.053391
v -0.234137 0.429774 0.351127
v -0.133175 0.389528 -0.003880
v -0.157456 0.424542 0.364939
v -0.099907 0.406746 0.339871
v -0.151962 0.402363 0.360189
v -0.027035 0.484812 0.042224
v -0.057934 0.418092 0.294252
vt 0.718750 0.437013
vt 0.718750 0.275000
vt 0.718750 0.463874
vt 0.718750 0.475000
vt 0.718750 0.338476
vt 0.718750 0.330772
vt 0.718750 0.341667
vt 0.718750 0.283588
vt 0.718750 0.353769
vt 0.718750 0.304321
vt 0.718750 0.420545
vt 0.718750 0.465164
vt 0.718750 0.470368
vt 0.718750 0.450937
vt 0.718750 0.441165
vt 0.718750 0.350939
vt 0.093750 0.338397
vt 0.093750 0.275000
vt 0.093750 0.358013
vt 0.093750 0.311603
vt 0.093750 0.391987
vt 0.093750 0.475000
vt 0.093750 0.438397
vt 0.093750 0.411603
vt 0.093750 0.321350
vt 0.093750 0.308650
vt 0.093750 0.329250
vt 0.093750 0.276104
vt 0.093750 0.298175
vt 0.093750 0.285475
vt 0.093750 0.347458
vt 0.093750 0.291710
vt 0.093750 0.355000
vt 0.343750 0.475000
vt 0.593750 0.713722
vt 0.593750 0.725000
vt 0.593750 0.691165
vt 0.843750 0.355000
vt 0.843750 0.298175
vt 0.843750 0.409429
vt 0.843750 0.402136
vt 0.843750 0.372477
vt 0.843750 0.427279
vt 0.843750 0.375000
vt 0.843750 0.342818
vt 0.843750 0.438616
vt 0.843750 0.444080
vt 0.843750 0.340571
vt 0.843750 0.317674
vt 0.843750 0.311384
vt 0.843750 0.300874
vt 0.843750 0.336732
vt 0.843750 0.413268
vt 0.843750 0.458118
vt 0.843750 0.449979
vt 0.843750 0.291882
vt 0.843750 0.294974
vt 0.843750 0.304289
vt 0.843750 0.282612
vt 0.843750 0.445711
vt 0.843750 0.467388
vt 0.843750 0.285033
vt 0.843750 0.275000
vt 0.843750 0.464967
vt 0.843750 0.475000
vt 0.843750 0.437182
vt 0.843750 0.456245
vt 0.843750 0.341347
vt 0.843750 0.408653
vt 0.843750 0.421153
vt 0.843750 0.312818
vt 0.843750 0.293755
vt 0.843750 0.328847
vt 0.843750 0.350022
vt 0.843750 0.399978
vt 0.843750 0.435302
vt 0.843750 0.462938
vt 0.843750 0.287062
vt 0.843750 0.314698
vt 0.843750 0.309730
vt 0.843750 0.340270
vt 0.843750 0.342914
vt 0.843750 0.350442
vt 0.843750 0.361710
vt 0.843750 0.388290
vt 0.843750 0.399558
vt 0.843750 0.407086
vt 0.843750 0.409730
vt 0.843750 0.440270
vt 0.343750 0.395107
vt 0.343750 0.384724
vt 0.343750 0.372477
vt 0.343750 0.360230
vt 0.343750 0.349847
vt 0.343750 0.342910
vt 0.343750 0.340473
vt 0.343750 0.402044
vt 0.343750 0.404480
vt 0.343750 0.428045
vt 0.343750 0.432623
vt 0.343750 0.349460
vt 0.343750 0.415007
vt 0.343750 0.316909
vt 0.343750 0.312330
vt 0.343750 0.329947
vt 0.343750 0.395494
vt 0.343750 0.402136
vt 0.343750 0.427279
vt 0.343750 0.342818
vt 0.343750 0.317674
vt 0.343750 0.300874
vt 0.343750 0.444080
vt 0.343750 0.449979
vt 0.343750 0.294974
vt 0.343750 0.401784
vt 0.343750 0.295499
vt 0.343750 0.275000
vt 0.343750 0.345315
vt 0.343750 0.381136
vt 0.343750 0.427777
vt 0.343750 0.420392
vt 0.343750 0.450158
vt 0.343750 0.469725
vt 0.343750 0.375000
vt 0.343750 0.351880
vt 0.343750 0.332160
vt 0.343750 0.449201
vt 0.343750 0.421240
vt 0.343750 0.460680
vt 0.343750 0.325000
vt 0.343750 0.415045
vt 0.343750 0.300799
vt 0.343750 0.334955
vt 0.343750 0.288397
vt 0.343750 0.417840
vt 0.343750 0.289320
vt 0.343750 0.425000
vt 0.343750 0.328760
vt 0.343750 0.398120
vt 0.343750 0.351880
vt 0.343750 0.461603
vt 0.093750 0.277707
vt 0.093750 0.310343
vt 0.093750 0.277706
vt 0.093750 0.310343
vt 0.093750 0.396885
vt 0.093750 0.348206
vt 0.093750 0.353117
vt 0.093750 0.401796
vt 0.093750 0.301794
vt 0.093750 0.353115
vt 0.093750 0.315210
vt 0.093750 0.348204
vt 0.093750 0.303775
vt 0.093750 0.327667
vt 0.093750 0.345105
vt 0.093750 0.334164
vt 0.093750 0.334163
vt 0.093750 0.345106
vt 0.093750 0.364057
vt 0.093750 0.364058
vt 0.093750 0.385942
vt 0.093750 0.385943
vt 0.093750 0.404894
vt 0.093750 0.404895
vt 0.093750 0.415836
vt 0.093750 0.415837
vt 0.093750 0.293327
vt 0.093750 0.293326
vt 0.093750 0.275001
vt 0.093750 0.456673
vt 0.093750 0.456674
vt 0.093750 0.396883
vt 0.093750 0.401794
vt 0.093750 0.434790
vt 0.093750 0.448206
vt 0.093750 0.315212
vt 0.093750 0.439657
vt 0.093750 0.472293
vt 0.093750 0.439657
vt 0.093750 0.472294
vt 0.093750 0.434788
vt 0.093750 0.301796
vt 0.093750 0.327668
vt 0.093750 0.357675
vt 0.093750 0.357676
vt 0.093750 0.392324
vt 0.093750 0.392325
vt 0.093750 0.422332
vt 0.093750 0.422333
vt 0.093750 0.474999
vt 0.093750 0.448204
vt 0.093750 0.303777
vt 0.093750 0.348929
vt 0.093750 0.401071
vt 0.093750 0.348931
vt 0.093750 0.446225
vt 0.093750 0.401069
vt 0.093750 0.446223
vt 0.093750 0.433764
vt 0.093750 0.305591
vt 0.093750 0.460225
vn 1.000000 0.000000 0.000000
vn -0.376065 0.609155 -0.698216
vn -0.063350 0.195429 -0.978670
vn -0.791853 0.215431 -0.571452
vn -0.239846 0.082653 -0.967286
vn -0.968566 0.193512 -0.156311
vn -0.986444 0.000000 -0.164096
vn -0.786028 0.000000 -0.618191
vn -0.618220 0.758180 -0.207285
vn -0.201644 0.000000 -0.979459
vn 0.000000 0.707107 -0.707107
vn 0.000000 0.195090 -0.980785
vn 0.000000 0.980785 -0.195090
vn 0.000000 0.980785 0.195090
vn -0.618220 0.758180 0.207285
vn 0.000000 -1.000000 0.000000
vn -0.239846 0.082653 0.967286
vn -0.791853 0.215431 0.571452
vn -0.201644 0.000000 0.979459
vn -0.786028 0.000000 0.618191
vn -0.376065 0.609155 0.698216
vn -0.063350 0.195429 0.978670
vn 0.000000 0.707107 0.707107
vn 0.000000 0.195090 0.980785
vn -0.968566 0.193512 0.156311
vn -0.986444 0.000000 0.164096
vn 0.000000 0.000000 -1.000000
vn 0.000000 0.000000 1.000000
vn 0.901796 0.247506 0.354266
vn 0.980785 0.000000 -0.195090
vn 0.942729 0.270371 -0.195350
vn 0.923879 0.000000 0.382683
vn 0.000000 0.195090 -0.980785
vn 0.195090 0.000000 -0.980785
vn 0.211649 0.060700 -0.975459
vn 0.109410 0.197403 -0.974198
vn 0.528101 0.809304 0.257170
vn 0.474361 0.855865 -0.206098
vn 0.354266 0.247506 0.901796
vn -0.382683 0.000000 0.923879
vn 0.382683 0.000000 0.923879
vn -0.354266 0.247506 0.901796
vn 0.257170 0.809304 0.528101
vn -0.257170 0.809304 0.528101
vn -0.211649 0.060700 -0.975459
vn -0.195090 0.000000 -0.980785
vn -0.109410 0.197403 -0.974198
vn -0.901796 0.247506 0.354266
vn -0.528101 0.809304 0.257170
vn -0.923879 0.000000 0.382683
vn -0.474361 0.855865 -0.206098
vn 0.000000 1.000000 0.000000
vn 0.000000 0.980785 -0.195090
vn 0.707107 0.000000 -0.707107
vn 0.700615 0.200934 -0.684664
vn 0.353423 0.637662 -0.684456
vn -1.000000 0.000000 0.000000
vn -0.942729 0.270371 -0.195350
vn -0.980785 0.000000 -0.195090
vn -0.353423 0.637662 -0.684456
vn -0.700615 0.200934 -0.684664
vn -0.707107 0.000000 -0.707107
vn 0.000000 -0.965926 0.258819
vn 0.000000 -0.998557 0.053696
vn 0.000000 0.500000 -0.866025
vn 0.000000 0.130526 -0.991445
vn 0.000000 0.793353 -0.608761
vn 0.000000 0.968895 -0.247473
vn 0.000000 -0.270130 -0.962824
vn 0.000000 -0.812847 -0.582478
vn 0.000000 0.452777 0.891624
vn 0.000000 0.258819 0.965926
vn 0.000000 0.910864 0.412707
vn 0.239846 0.082653 0.967286
vn 0.201644 0.000000 0.979459
vn 0.063350 0.195429 0.978670
vn 0.201644 0.000000 -0.979459
vn 0.239846 0.082653 -0.967286
vn 0.063350 0.195429 -0.978670
vn 0.968566 0.193512 0.156311
vn 0.986444 0.000000 -0.164096
vn 0.968566 0.193512 -0.156311
vn 0.986444 0.000000 0.164096
vn 0.618220 0.758180 -0.207285
vn 0.618220 0.758180 0.207285
vn 0.376065 0.609155 0.698216
vn 0.791853 0.215431 0.571452
vn 0.786028 0.000000 0.618191
vn 0.376065 0.609155 -0.698216
vn 0.786028 0.000000 -0.618191
vn 0.791853 0.215431 -0.571452
vn 0.994271 -0.075579 0.075579
vn 0.703056 -0.572714 -0.421557
vn -0.703056 -0.572714 -0.421557
vn -0.994271 -0.075579 0.075579
vn 0.703056 0.421557 0.572714
vn 0.000000 0.627478 0.778635
vn -0.703056 0.421557 0.572714
vn 0.000000 -0.778635 -0.627478
vn 0.000000 -0.707107 0.707107
vn 0.000000 -0.730602 -0.682804
vn 0.706703 -0.523613 -0.475816
vn -0.706703 -0.523613 -0.475816
vn 0.999429 -0.023899 0.023899
vn 0.706703 0.475816 0.523613
vn -0.999429 -0.023899 0.023899
vn 0.000000 0.682804 0.730601
vn -0.706703 0.475816 0.523613
vn 0.000000 -0.707107 -0.707107
vn 0.000000 -0.707107 0.707107
vn -0.980785 0.000000 0.195090
vn 0.195090 0.000000 0.980785
vn -0.195090 0.000000 0.980785
vn 0.980785 0.000000 0.195090
vn 0.707107 0.000000 0.707107
vn -0.707107 0.000000 0.707107
vn 0.000000 -0.258819 0.965926
vn 0.000000 -0.500000 0.866025
vn 0.000000 0.258819 -0.965926
vn 0.000000 0.500000 -0.866025
vn 0.000000 -0.866025 -0.500000
vn -1.000000 0.000000 0.000000
vn 0.000000 0.866025 -0.500000
vn 0.000000 0.500000 0.866025
vn 0.000000 0.258819 0.965926
vn 0.000000 -0.500000 -0.866025
vn 0.000000 -0.258819 -0.965926
vn 1.000000 0.000000 0.000000
vn -0.979442 0.161381 0.121035
vn -0.977253 0.169661 0.127246
vn 0.000000 0.997497 0.070711
vn 0.000000 0.997877 0.065122
vn 0.979442 0.161381 0.121035
vn 0.977253 0.169661 0.127246
vn -0.700246 0.571121 0.428341
vn -0.689130 0.579710 0.434782
vn -0.152921 0.114918 0.981534
vn -0.193761 0.784839 0.588629
vn 0.700246 0.571121 0.428341
vn 0.689130 0.579710 0.434782
vn 0.193761 0.784839 0.588629
vn 0.152921 0.114918 0.981534
vn 0.000000 0.554700 -0.832050
vn 0.000000 0.707107 -0.707107
vn -0.674294 0.689700 0.263895
vn -0.791487 0.432174 -0.432174
vn -0.953596 0.212902 -0.212902
vn -0.559666 0.827917 -0.036430
vn -0.559666 0.036430 -0.827917
vn -0.674294 -0.263896 -0.689700
vn 0.000000 0.991839 0.127492
vn 0.000000 0.887197 0.461391
vn 0.000000 -0.127492 -0.991840
vn 0.674294 -0.263896 -0.689700
vn 0.000000 -0.461392 -0.887196
vn 0.559666 0.036430 -0.827917
vn 0.674294 0.689700 0.263895
vn 0.559666 0.827917 -0.036430
vn 0.953596 0.212902 -0.212902
vn 0.791487 0.432174 -0.432174
vn -0.707107 0.500000 0.500000
vn 0.000000 0.707107 0.707107
vn 0.707107 -0.500000 -0.500000
vn 0.000000 -0.707107 -0.707107
vn -0.707107 -0.500000 -0.500000
vn 0.707107 0.500000 0.500000
vn 0.556106 0.362703 0.747792
vn -0.068765 0.145808 0.986920
vn -0.083051 0.174671 0.981118
vn -0.046616 0.127958 0.990684
vn 0.597844 0.136690 0.789873
vn -0.080413 0.207197 0.974989
vn 0.428179 0.557312 0.711383
vn -0.022892 0.119312 0.992593
vn 0.550333 -0.087140 0.830385
vn -0.060938 0.233612 0.970418
vn 0.421349 -0.277141 0.863514
vn -0.032060 0.248935 0.967990
vn 0.911972 -0.344612 0.222598
vn 0.987111 0.027515 0.157652
vn 0.911972 0.399641 0.092705
vn 0.232546 0.688478 0.686964
vn 0.000000 0.116894 0.993144
vn 0.228428 -0.405222 0.885221
vn 0.000000 0.253738 0.967273
vn 0.911972 -0.399641 -0.092705
vn 0.697993 -0.660085 0.277657
vn 0.987111 -0.027515 -0.157652
vn 0.377751 -0.870877 0.314447
vn 0.697993 0.715114 0.037647
vn 0.377751 0.925907 0.000857
vn 0.911972 0.344612 -0.222598
vn 0.000000 -0.450458 0.892798
vn 0.000000 -0.944898 0.327365
vn -0.228428 -0.405222 0.885221
vn 0.032060 0.248935 0.967990
vn -0.377751 -0.870877 0.314447
vn -0.421349 -0.277141 0.863514
vn 0.060938 0.233612 0.970418
vn -0.550333 -0.087140 0.830385
vn 0.080413 0.207197 0.974989
vn -0.697993 -0.660085 0.277657
vn -0.597844 0.136690 0.789873
vn 0.083051 0.174671 0.981118
vn -0.556106 0.362703 0.747792
vn 0.068765 0.145808 0.986920
vn 0.046616 0.127958 0.990684
vn -0.911972 -0.344612 0.222598
vn -0.697993 -0.715114 -0.037647
vn -0.987111 0.027515 0.157652
vn -0.428179 0.557312 0.711383
vn 0.022892 0.119312 0.992593
vn -0.377751 -0.925907 -0.000857
vn -0.911972 -0.399641 -0.092705
vn -0.232546 0.688478 0.686964
vn 0.000000 0.734701 0.678391
vn -0.377751 0.925907 0.000857
vn 0.000000 0.999927 -0.012061
vn 0.000000 -0.999927 0.012061
vn -0.697993 0.715114 0.037647
vn -0.911972 0.399641 0.092705
vn -0.697993 0.660085 -0.277657
vn -0.377751 0.870877 -0.314447
vn 0.000000 0.944898 -0.327365
vn -0.987111 -0.027515 -0.157652
vn -0.911972 0.344612 -0.222598
vn -0.624972 0.535240 -0.568268
vn 0.377751 0.870877 -0.314447
vn -0.338232 0.723980 -0.601208
vn 0.697993 0.660085 -0.277657
vn -0.816565 -0.413621 -0.402665
vn -0.883844 -0.080425 -0.460817
vn -0.816565 0.252770 -0.518969
vn -0.479664 0.346198 -0.806269
vn -0.624972 -0.696091 -0.353366
vn -0.338232 -0.884831 -0.320425
vn -0.479664 -0.598845 -0.641332
vn -0.626711 -0.382050 -0.679169
vn -0.678348 -0.126323 -0.723800
vn -0.626711 0.129404 -0.768432
vn -0.259592 0.491056 -0.831550
vn 0.000000 0.790257 -0.612775
vn 0.338232 0.723980 -0.601208
vn 0.624972 0.535240 -0.568268
vn 0.816565 0.252770 -0.518969
vn 0.883844 -0.080425 -0.460817
vn 0.816565 -0.413621 -0.402665
vn 0.697993 -0.715114 -0.037647
vn 0.377751 -0.925907 -0.000857
vn 0.624972 -0.696091 -0.353366
vn 0.626711 -0.382050 -0.679169
vn 0.678348 -0.126323 -0.723800
vn 0.626711 0.129404 -0.768432
vn 0.338232 -0.884831 -0.320425
vn 0.479664 -0.598845 -0.641332
vn 0.000000 -0.951108 -0.308858
vn 0.479664 0.346198 -0.806269
vn 0.259592 -0.743703 -0.616050
vn -0.259592 -0.743703 -0.616050
vn 0.259592 0.491056 -0.831550
vn 0.000000 -0.794570 -0.607173
vn 0.000000 -0.534314 -0.845286
vn 0.145813 -0.505742 -0.850272
vn 0.000000 -0.171929 -0.985109
vn -0.145813 -0.505742 -0.850272
vn 0.269428 -0.424375 -0.864473
vn -0.269428 -0.424375 -0.864473
vn 0.352025 -0.302602 -0.885726
vn -0.352025 -0.302602 -0.885726
vn 0.381029 -0.158959 -0.910796
vn -0.381029 -0.158959 -0.910796
vn 0.352025 -0.015317 -0.935865
vn -0.352025 -0.015317 -0.935865
vn 0.269428 0.106457 -0.957118
vn -0.269428 0.106457 -0.957118
vn 0.145813 0.187824 -0.971319
vn -0.145813 0.187824 -0.971319
vn 0.000000 0.216396 -0.976306
vn 0.000000 0.541923 -0.840428
vn 0.365692 -0.225372 0.903038
vn 0.480233 -0.055546 0.875380
vn 0.000000 0.171929 0.985109
vn -0.480233 -0.055546 0.875380
vn -0.520912 0.146760 0.840900
vn 0.480233 0.348786 0.804813
vn 0.365692 0.517942 0.773308
vn 0.520912 0.146760 0.840900
vn 0.196928 0.629128 0.751942
vn 0.000000 0.667737 0.744398
vn 0.196928 -0.337223 0.920597
vn 0.000000 -0.376105 0.926577
vn -0.196928 -0.337223 0.920597
vn -0.196928 0.629128 0.751942
vn -0.365692 0.517942 0.773308
vn -0.480233 0.348786 0.804813
vn -0.365692 -0.225372 0.903038
vn -0.304703 -0.646128 0.699768
vn 0.000000 -0.705573 0.708637
vn 0.809523 0.100938 0.578346
vn 0.745747 0.413732 0.522194
vn -0.566852 -0.474453 0.673479
vn 0.566852 -0.474453 0.673479
vn 0.304703 -0.646128 0.699768
vn -0.809523 0.100938 0.578346
vn -0.745747 0.413732 0.522194
vn -0.304703 0.844967 0.439530
vn 0.000000 0.903903 0.427738
vn 0.566852 0.674537 0.472948
vn 0.304703 0.844967 0.439530
vn 0.745747 -0.212386 0.631469
vn -0.745747 -0.212386 0.631469
vn -0.566852 0.674537 0.472948
vn -0.821190 -0.265931 0.504903
vn -0.891360 0.077935 0.446547
vn -0.624265 -0.553633 0.551165
vn 0.821190 -0.265931 0.504903
vn 0.891360 0.077935 0.446547
vn 0.821190 0.421240 0.384973
vn 0.624265 0.707603 0.331045
vn -0.335582 0.894794 0.294498
vn -0.624265 0.707603 0.331045
vn 0.335582 0.894794 0.294498
vn -0.335582 -0.742137 0.580188
vn 0.000000 -0.807407 0.589994
vn 0.335582 -0.742137 0.580188
vn 0.624265 -0.553633 0.551165
vn -0.821190 0.421240 0.384973
vn 0.000000 0.959527 0.281615
vn -0.126325 -0.033781 0.991414
vn -0.258819 0.000000 0.965926
vn -0.135964 -0.031366 0.990217
vn 0.258819 0.000000 0.965926
vn 0.126325 -0.033781 0.991414
vn 0.135964 -0.031366 0.990217
vn 0.719934 0.000000 -0.694043
vn 0.732396 -0.158146 -0.662258
vn 0.271019 -0.383109 -0.883049
vn 0.597916 0.750022 0.282778
vn 0.844212 0.385079 -0.372855
vn 0.483065 0.857993 -0.174629
vn 0.148442 0.000000 -0.988921
vn 0.119165 -0.458903 -0.880459
vn -0.271019 -0.383109 -0.883049
vn 0.922007 0.350361 -0.164774
vn -0.240812 0.000000 -0.970572
vn 0.356331 -0.709192 -0.608338
vn 0.773388 -0.301419 -0.557689
vn -0.025713 -0.838379 -0.544481
vn 0.108673 -0.993560 -0.032070
vn -0.271019 0.383109 -0.883049
vn 0.481271 -0.857671 -0.181048
vn 0.119165 0.458903 -0.880459
vn 0.239954 0.001021 -0.970784
vn 0.322971 0.461243 0.826405
vn 0.348694 -0.000422 0.937236
vn 0.693964 -0.000574 0.720009
vn -0.925187 0.343085 -0.162242
vn -0.478036 0.859213 -0.182301
vn -0.843332 0.378330 -0.381652
vn -0.598324 0.747730 0.287937
vn 0.029236 -0.837327 -0.545920
vn -0.358435 -0.705496 -0.611392
vn 0.844212 -0.385079 -0.372855
vn 0.670706 0.423423 0.608988
vn 0.979818 0.199893 0.000845
vn -0.670357 -0.423009 0.609660
vn -0.595698 -0.750175 0.287022
vn -0.323488 -0.460845 0.826425
vn -0.998273 0.000000 0.058743
vn -0.979818 -0.199893 0.000845
vn -0.925187 -0.343085 -0.162242
vn -0.843332 -0.378330 -0.381652
vn -0.479834 -0.859547 -0.175894
vn 0.358435 0.705496 -0.611392
vn 0.773388 0.301419 -0.557689
vn 0.732396 0.158146 -0.662258
vn -0.693564 0.000000 0.720395
vn -0.670357 0.423009 0.609660
vn -0.732396 -0.158146 -0.662258
vn -0.773388 -0.301419 -0.557689
vn 0.242193 0.838700 0.487775
vn -0.979818 0.199893 0.000845
vn 0.270054 0.382443 -0.883634
vn -0.323488 0.460845 0.826425
vn -0.349164 0.000000 0.937062
vn -0.242193 -0.838700 0.487775
vn -0.108673 0.993560 -0.032070
vn -0.356331 0.709192 -0.608338
vn -0.118523 0.458259 -0.880881
vn 0.670357 -0.423009 0.609660
vn 0.600544 -0.747570 0.283701
vn 0.979818 -0.199893 0.000845
vn 0.998273 0.000000 0.058743
vn -0.119165 -0.458903 -0.880459
vn -0.732396 0.158146 -0.662258
vn -0.773388 0.301419 -0.557689
vn 0.922007 -0.350361 -0.164774
vn -0.029236 0.837327 -0.545920
vn 0.109726 0.993574 -0.027764
vn 0.025713 0.838379 -0.544481
vn 0.323488 -0.460845 0.826425
vn 0.240263 -0.837833 0.490213
vn -0.109726 -0.993574 -0.027764
vn -0.147668 0.000712 -0.989037
vn -0.240263 0.837833 0.490213
vn -0.719934 0.000000 -0.694043
vn 0.000000 -0.998865 0.047628
vn 0.000000 -0.829459 0.558568
vn 0.000000 0.456348 0.889802
vn 0.000000 0.829459 0.558568
vn 0.000000 0.998865 0.047628
vn 0.000000 -0.491432 -0.870916
vn 0.000000 0.491432 -0.870916
vn 0.000000 0.870280 -0.492557
vn 0.000000 -0.456348 0.889802
vn 0.000000 -0.870280 -0.492557
vn 0.238556 -0.387978 -0.890261
vn -0.106455 -0.911488 -0.397313
vn -0.238535 -0.387978 -0.890266
vn 0.106464 -0.911488 -0.397311
vn 0.719186 0.667558 0.192714
vn 0.942639 0.218269 -0.252568
vn 0.719190 0.667558 -0.192698
vn 0.942633 0.218269 0.252589
vn -0.690050 0.218269 -0.690065
vn -0.719186 0.667558 -0.192714
vn -0.526476 0.667558 -0.526488
vn -0.942633 0.218269 -0.252589
vn -0.651711 -0.387978 -0.651726
vn -0.290849 -0.911488 -0.290856
vn -0.208960 0.955338 -0.208964
vn 0.076489 0.955338 -0.285446
vn -0.076482 0.955338 -0.285448
vn 0.208964 0.955338 -0.208960
vn -0.285447 0.955338 -0.076489
vn 0.285448 0.955338 -0.076482
vn -0.285448 0.955338 0.076482
vn 0.285447 0.955338 0.076489
vn -0.208964 0.955338 0.208960
vn 0.208960 0.955338 0.208965
vn -0.076489 0.955337 0.285447
vn 0.076482 0.955337 0.285449
vn 0.192714 0.667558 -0.719186
vn -0.192698 0.667558 -0.719190
vn -0.252568 0.218269 -0.942639
vn 0.252589 0.218269 -0.942633
vn -0.192714 0.667558 0.719186
vn 0.192698 0.667558 0.719190
vn -0.719190 0.667558 0.192698
vn -0.942639 0.218269 0.252568
vn 0.526476 0.667558 0.526488
vn 0.690050 0.218269 0.690065
vn 0.526488 0.667558 -0.526476
vn 0.106455 -0.911488 0.397313
vn -0.238556 -0.387978 0.890261
vn -0.106464 -0.911488 0.397311
vn 0.238535 -0.387978 0.890266
vn 0.252568 0.218269 0.942639
vn -0.526488 0.667558 0.526476
vn 0.690065 0.218269 -0.690050
vn 0.290856 -0.911488 -0.290849
vn -0.397311 -0.911488 -0.106464
vn 0.397313 -0.911488 -0.106455
vn -0.397313 -0.911488 0.106455
vn 0.397311 -0.911488 0.106464
vn -0.290856 -0.911488 0.290849
vn 0.290849 -0.911488 0.290856
vn -0.252589 0.218269 0.942633
vn -0.690065 0.218269 0.690050
vn 0.651725 -0.387978 -0.651711
vn -0.890261 -0.387978 -0.238556
vn 0.890261 -0.387978 0.238556
vn 0.890266 -0.387978 -0.238535
vn 0.651711 -0.387978 0.651725
vn -0.890266 -0.387978 0.238535
vn -0.651725 -0.387978 0.651711
vn -0.778095 -0.582927 0.234017
vn -0.983675 0.027745 -0.177803
vn -0.851934 -0.414303 -0.320252
vn -0.915842 -0.120725 0.382961
vn 0.014371 0.022258 0.999649
vn -0.504343 0.142651 0.851639
vn -0.099222 -0.099639 0.990065
vn -0.245477 0.420441 0.873482
vn -0.092965 -0.411069 0.906852
vn -0.593875 -0.218803 0.774234
vn -0.490084 -0.567068 0.662006
vn -0.138509 -0.258248 0.956098
vn 0.341805 -0.495557 0.798494
vn 0.025208 -0.517155 0.855521
vn 0.184344 -0.548080 0.815859
vn 0.455397 -0.373661 0.808079
vn 0.494685 -0.215052 0.842045
vn 0.449140 -0.062230 0.891292
vn 0.330968 0.043856 0.942623
vn 0.171831 0.074780 0.982284
vn 0.060616 -0.997311 -0.041187
vn 0.405672 -0.658692 -0.633685
vn 0.536849 -0.838458 -0.093706
vn -0.049795 -0.810617 -0.583455
vn -0.631511 0.188286 -0.752159
vn -0.564488 -0.036605 -0.824629
vn 0.716148 0.594740 -0.365261
vn 0.504072 0.792974 0.342205
vn 0.861481 0.472121 0.186956
vn 0.374325 0.901602 -0.216782
vn -0.797018 0.358980 0.485690
vn 0.059367 0.632857 -0.771989
vn -0.085991 0.991055 -0.102057
vn -0.174817 0.678366 -0.713624
vn 0.233268 0.476742 -0.847528
vn -0.870033 0.486533 -0.079553
vn -0.406534 0.601074 -0.688070
vn -0.573696 0.421693 -0.702175
vn -0.541458 0.839129 -0.051828
vn 0.075314 -0.160937 -0.984087
vn -0.156403 -0.238228 -0.958533
vn 0.849111 -0.120364 0.514318
vn 0.745320 0.227901 0.626546
vn 0.300291 0.251852 -0.919998
vn 0.734247 -0.306096 -0.605960
vn 0.242476 0.018445 -0.969982
vn 0.847889 0.152692 -0.507710
vn 0.999228 0.009918 0.038012
vn -0.420686 -0.903780 0.078768
vn -0.510111 -0.721165 -0.468731
vn -0.220780 -0.808827 0.545028
vn 0.022770 0.886505 0.462160
vn 0.476016 0.469660 0.743524
vn 0.113359 0.540135 0.833909
vn -0.453463 0.727652 0.514679
vn -0.390587 -0.192719 -0.900168
vn 0.759579 -0.481818 0.436913
vn 0.880405 -0.469787 -0.064717
vn 0.500713 -0.759608 0.415070
vn 0.141876 -0.879301 0.454643
vn -0.999228 0.009918 0.038012
vn -0.847889 0.152692 -0.507710
vn -0.880405 -0.469787 -0.064717
vn -0.734247 -0.306096 -0.605960
vn 0.778095 -0.582927 0.234017
vn 0.420686 -0.903780 0.078768
vn 0.851934 -0.414303 -0.320252
vn 0.510111 -0.721165 -0.468731
vn 0.220780 -0.808827 0.545028
vn -0.060616 -0.997311 -0.041187
vn -0.141876 -0.879301 0.454643
vn -0.745320 0.227901 0.626546
vn -0.861481 0.472121 0.186956
vn -0.849111 -0.120364 0.514318
vn -0.113359 0.540135 0.833909
vn -0.476016 0.469660 0.743524
vn -0.171831 0.074780 0.982284
vn -0.330968 0.043856 0.942623
vn 0.174817 0.678366 -0.713624
vn 0.406534 0.601074 -0.688070
vn -0.059367 0.632857 -0.771989
vn -0.233268 0.476742 -0.847528
vn 0.573696 0.421693 -0.702175
vn -0.300291 0.251852 -0.919998
vn 0.631511 0.188286 -0.752159
vn -0.242476 0.018445 -0.969982
vn 0.564488 -0.036605 -0.824629
vn -0.075314 -0.160937 -0.984087
vn 0.390587 -0.192719 -0.900168
vn 0.156403 -0.238228 -0.958533
vn 0.245477 0.420441 0.873482
vn 0.504343 0.142651 0.851639
vn 0.453463 0.727652 0.514679
vn 0.797018 0.358980 0.485690
vn -0.405672 -0.658692 -0.633685
vn -0.014371 0.022258 0.999649
vn 0.541458 0.839129 -0.051828
vn -0.022770 0.886505 0.462160
vn 0.085991 0.991055 -0.102057
vn -0.374325 0.901602 -0.216782
vn -0.504072 0.792974 0.342205
vn -0.536849 -0.838458 -0.093706
vn -0.455397 -0.373661 0.808079
vn -0.759579 -0.481818 0.436913
vn -0.341805 -0.495557 0.798494
vn -0.500713 -0.759608 0.415070
vn -0.184344 -0.548080 0.815859
vn -0.716148 0.594740 -0.365261
vn -0.025208 -0.517155 0.855521
vn -0.494685 -0.215052 0.842045
vn 0.092965 -0.411069 0.906852
vn 0.490084 -0.567068 0.662006
vn 0.870033 0.486533 -0.079553
vn -0.449140 -0.062230 0.891292
vn 0.049795 -0.810617 -0.583455
vn 0.099222 -0.099639 0.990065
vn 0.593875 -0.218803 0.774234
vn 0.138509 -0.258248 0.956098
vn 0.983675 0.027745 -0.177803
vn 0.915842 -0.120725 0.382961
usemtl colormap
f 1/1/1 2/2/1 3/3/1
f 3/3/1 2/2/1 4/4/1
f 4/4/1 2/2/1 5/4/1
f 5/4/1 2/2/1 6/3/1
f 6/3/1 2/2/1 7/1/1
f 8/2/1 7/1/1 2/2/1
f 9/3/2 10/1/3 11/5/4
f 12/6/5 11/5/4 10/1/3
f 13/7/6 11/5/4 14/2/7
f 15/2/8 14/2/7 11/5/4
f 9/3/2 11/5/4 16/4/9
f 13/7/6 16/4/9 11/5/4
f 11/5/4 12/6/5 15/2/8
f 17/2/10 15/2/8 12/6/5
f 9/3/2 6/3/11 10/1/3
f 7/1/12 10/1/3 6/3/11
f 6/3/11 9/3/2 5/4/13
f 16/4/9 5/4/13 9/3/2
f 4/4/14 5/4/13 18/4/15
f 16/4/9 18/4/15 5/4/13
f 8/2/16 2/2/16 17/2/16
f 2/2/16 19/2/16 17/2/16
f 17/2/16 19/2/16 15/2/16
f 19/2/16 20/2/16 15/2/16
f 15/2/16 20/2/16 14/2/16
f 21/2/16 14/2/16 20/2/16
f 22/6/17 23/5/18 19/2/19
f 20/2/20 19/2/19 23/5/18
f 24/3/21 25/1/22 3/3/23
f 1/1/24 3/3/23 25/1/22
f 24/3/21 23/5/18 25/1/22
f 22/6/17 25/1/22 23/5/18
f 23/5/18 26/7/25 20/2/20
f 21/2/26 20/2/20 26/7/25
f 24/3/21 18/4/15 23/5/18
f 26/7/25 23/5/18 18/4/15
f 3/3/23 4/4/14 24/3/21
f 18/4/15 24/3/21 4/4/14
f 18/4/15 16/4/9 26/7/25
f 13/7/6 26/7/25 16/4/9
f 21/2/26 26/7/25 14/2/7
f 13/7/6 14/2/7 26/7/25
f 10/1/3 7/1/12 12/6/5
f 12/6/5 7/1/12 17/2/10
f 8/2/27 17/2/10 7/1/12
f 25/1/22 22/6/17 1/1/24
f 1/1/24 22/6/17 2/2/28
f 19/2/19 2/2/28 22/6/17
f 27/7/29 28/2/30 29/7/31
f 28/2/30 27/7/29 30/2/32
f 31/2/16 32/2/16 33/2/16
f 34/2/16 32/2/16 31/2/16
f 35/2/16 32/2/16 34/2/16
f 36/2/16 32/2/16 35/2/16
f 36/2/16 37/2/16 32/2/16
f 38/2/16 37/2/16 36/2/16
f 37/2/16 38/2/16 39/2/16
f 40/2/16 39/2/16 38/2/16
f 41/2/16 39/2/16 40/2/16
f 42/2/16 39/2/16 41/2/16
f 28/2/16 39/2/16 42/2/16
f 39/2/16 28/2/16 30/2/16
f 43/1/33 41/2/34 40/2/27
f 41/2/34 43/1/33 44/6/35
f 44/6/35 43/1/33 45/1/36
f 46/4/37 29/7/31 47/4/38
f 29/7/31 46/4/37 27/7/29
f 48/7/39 37/2/40 39/2/41
f 37/2/40 48/7/39 49/7/42
f 50/4/27 38/2/27 36/2/27
f 38/2/27 50/4/27 51/4/27
f 52/4/43 49/7/42 48/7/39
f 49/7/42 52/4/43 53/4/44
f 54/6/45 35/2/27 34/2/46
f 35/2/27 54/6/45 55/1/33
f 55/1/33 54/6/45 56/1/47
f 52/4/43 27/7/29 46/4/37
f 27/7/29 52/4/43 48/7/39
f 53/4/44 57/7/48 49/7/42
f 57/7/48 53/4/44 58/4/49
f 49/7/42 32/2/50 37/2/40
f 32/2/50 49/7/42 57/7/48
f 48/7/39 30/2/32 27/7/29
f 30/2/32 48/7/39 39/2/41
f 59/4/51 50/4/52 60/4/53
f 58/4/49 50/4/52 59/4/51
f 53/4/44 50/4/52 58/4/49
f 53/4/44 51/4/52 50/4/52
f 52/4/43 51/4/52 53/4/44
f 52/4/43 61/4/53 51/4/52
f 46/4/37 61/4/53 52/4/43
f 61/4/53 46/4/37 47/4/38
f 29/7/31 42/2/54 62/5/55
f 42/2/54 29/7/31 28/2/30
f 63/3/56 61/4/53 47/4/38
f 61/4/53 63/3/56 64/3/11
f 64/3/11 45/1/36 43/1/33
f 45/1/36 64/3/11 63/3/56
f 44/6/35 42/2/54 41/2/34
f 42/2/54 44/6/35 62/5/55
f 47/4/38 62/5/55 63/3/56
f 62/5/55 47/4/38 29/7/31
f 45/1/36 62/5/55 44/6/35
f 62/5/55 45/1/36 63/3/56
f 38/2/57 43/1/57 40/2/57
f 43/1/57 38/2/57 64/3/57
f 64/3/57 38/2/57 61/4/57
f 61/4/57 38/2/57 51/4/57
f 32/2/50 65/7/58 33/2/59
f 65/7/58 32/2/50 57/7/48
f 57/7/48 59/4/51 65/7/58
f 59/4/51 57/7/48 58/4/49
f 56/1/47 66/3/11 55/1/33
f 66/3/11 56/1/47 67/3/60
f 33/2/59 68/5/61 31/2/62
f 68/5/61 33/2/59 65/7/58
f 65/7/58 67/3/60 68/5/61
f 67/3/60 65/7/58 59/4/51
f 68/5/61 34/2/46 31/2/62
f 34/2/46 68/5/61 54/6/45
f 68/5/61 56/1/47 54/6/45
f 56/1/47 68/5/61 67/3/60
f 67/3/60 60/4/53 66/3/11
f 60/4/53 67/3/60 59/4/51
f 66/3/1 35/2/1 55/1/1
f 35/2/1 66/3/1 36/2/1
f 36/2/1 66/3/1 60/4/1
f 36/2/1 60/4/1 50/4/1
f 69/2/63 70/2/64 71/2/63
f 70/2/64 69/2/63 72/2/64
f 73/8/57 74/9/57 75/10/57
f 74/9/57 73/8/57 72/2/57
f 74/9/57 72/2/57 76/11/57
f 76/11/57 72/2/57 69/2/57
f 76/11/57 69/2/57 77/12/57
f 77/12/57 69/2/57 78/4/57
f 78/4/57 69/2/57 79/13/57
f 79/13/57 69/2/57 80/14/57
f 81/9/1 82/8/1 83/10/1
f 82/8/1 81/9/1 70/2/1
f 70/2/1 81/9/1 84/11/1
f 70/2/1 84/11/1 71/2/1
f 71/2/1 84/11/1 85/12/1
f 71/2/1 85/12/1 86/4/1
f 71/2/1 86/4/1 87/13/1
f 71/2/1 87/13/1 88/14/1
f 76/11/65 81/9/66 74/9/66
f 81/9/66 76/11/65 84/11/65
f 76/11/65 85/12/67 84/11/65
f 85/12/67 76/11/65 77/12/67
f 77/12/67 86/4/68 85/12/67
f 86/4/68 77/12/67 78/4/68
f 74/9/66 83/10/69 75/10/69
f 83/10/69 74/9/66 81/9/66
f 72/2/64 82/8/70 70/2/64
f 82/8/70 72/2/64 73/8/70
f 75/10/69 82/8/70 73/8/70
f 82/8/70 75/10/69 83/10/69
f 88/14/71 69/2/72 71/2/72
f 69/2/72 88/14/71 80/14/71
f 78/4/68 87/13/73 86/4/68
f 87/13/73 78/4/68 79/13/73
f 87/13/73 80/14/71 88/14/71
f 80/14/71 87/13/73 79/13/73
f 89/6/74 90/2/28 91/2/75
f 90/2/28 89/6/74 92/1/24
f 92/1/24 89/6/74 93/1/76
f 94/1/12 95/2/77 96/2/27
f 95/2/77 94/1/12 97/6/78
f 97/6/78 94/1/12 98/1/79
f 99/7/80 100/2/81 101/7/82
f 100/2/81 99/7/80 102/2/83
f 103/4/84 99/7/80 101/7/82
f 99/7/80 103/4/84 104/4/85
f 105/4/14 106/3/86 104/4/85
f 106/3/86 105/4/14 107/3/23
f 104/4/85 108/5/87 99/7/80
f 108/5/87 104/4/85 106/3/86
f 99/7/80 109/2/88 102/2/83
f 109/2/88 99/7/80 108/5/87
f 108/5/87 93/1/76 89/6/74
f 93/1/76 108/5/87 106/3/86
f 93/1/76 107/3/23 92/1/24
f 107/3/23 93/1/76 106/3/86
f 108/5/87 91/2/75 109/2/88
f 91/2/75 108/5/87 89/6/74
f 109/2/16 100/2/16 102/2/16
f 100/2/16 109/2/16 110/2/16
f 110/2/16 109/2/16 91/2/16
f 110/2/16 91/2/16 95/2/16
f 95/2/16 91/2/16 90/2/16
f 95/2/16 90/2/16 96/2/16
f 111/4/13 104/4/85 103/4/84
f 104/4/85 111/4/13 105/4/14
f 112/3/89 111/4/13 103/4/84
f 111/4/13 112/3/89 113/3/11
f 113/3/11 98/1/79 94/1/12
f 98/1/79 113/3/11 112/3/89
f 97/6/78 110/2/90 95/2/77
f 110/2/90 97/6/78 114/5/91
f 114/5/91 103/4/84 101/7/82
f 103/4/84 114/5/91 112/3/89
f 114/5/91 100/2/81 110/2/90
f 100/2/81 114/5/91 101/7/82
f 98/1/79 114/5/91 97/6/78
f 114/5/91 98/1/79 112/3/89
f 90/2/57 94/1/57 96/2/57
f 94/1/57 90/2/57 113/3/57
f 113/3/57 90/2/57 111/4/57
f 111/4/57 90/2/57 105/4/57
f 105/4/57 90/2/57 107/3/57
f 107/3/57 90/2/57 92/1/57
f 115/15/92 116/16/93 117/15/93
f 116/16/93 115/15/92 118/16/92
f 119/16/94 120/15/95 121/15/94
f 120/15/95 119/16/94 122/16/95
f 123/16/96 124/15/97 125/16/97
f 124/15/97 123/16/96 126/15/96
f 124/15/97 127/16/98 125/16/97
f 127/16/98 124/15/97 128/15/98
f 121/15/94 129/16/99 119/16/94
f 129/16/99 121/15/94 130/15/99
f 126/15/96 118/16/92 115/15/92
f 118/16/92 126/15/96 123/16/96
f 122/16/95 128/15/98 120/15/95
f 128/15/98 122/16/95 127/16/98
f 129/16/99 117/15/93 116/16/93
f 117/15/93 129/16/99 130/15/99
f 123/16/100 116/16/100 118/16/100
f 116/16/100 123/16/100 131/16/100
f 131/16/100 123/16/100 132/16/100
f 133/16/100 116/16/100 131/16/100
f 132/16/100 123/16/100 125/16/100
f 132/16/100 125/16/100 134/16/100
f 116/16/100 133/16/100 129/16/100
f 129/16/100 133/16/100 135/16/100
f 129/16/100 135/16/100 136/16/100
f 134/16/100 125/16/100 127/16/100
f 129/16/100 136/16/100 119/16/100
f 134/16/100 127/16/100 137/16/100
f 119/16/100 136/16/100 138/16/100
f 137/16/100 127/16/100 138/16/100
f 119/16/100 138/16/100 127/16/100
f 119/16/100 127/16/100 122/16/100
f 139/2/100 140/2/100 141/2/100
f 140/2/100 139/2/100 142/2/100
f 142/2/100 139/2/100 143/2/100
f 142/2/100 143/2/100 144/2/100
f 142/2/100 144/2/100 145/2/100
f 145/2/100 144/2/100 146/2/100
f 142/2/101 133/16/102 140/2/102
f 133/16/102 142/2/101 135/16/101
f 136/16/103 142/2/101 145/2/103
f 142/2/101 136/16/103 135/16/101
f 131/16/104 140/2/102 133/16/102
f 140/2/102 131/16/104 141/2/104
f 132/16/105 141/2/104 131/16/104
f 141/2/104 132/16/105 139/2/105
f 145/2/103 138/16/106 136/16/103
f 138/16/106 145/2/103 146/2/106
f 134/16/107 144/2/108 143/2/107
f 144/2/108 134/16/107 137/16/108
f 132/16/105 143/2/107 139/2/105
f 143/2/107 132/16/105 134/16/107
f 146/2/106 137/16/108 138/16/106
f 137/16/108 146/2/106 144/2/108
f 147/15/92 148/16/93 149/15/93
f 148/16/93 147/15/92 150/16/92
f 151/16/94 152/15/95 153/15/94
f 152/15/95 151/16/94 154/16/95
f 155/16/96 156/15/97 157/16/97
f 156/15/97 155/16/96 158/15/96
f 156/15/97 159/16/98 157/16/97
f 159/16/98 156/15/97 160/15/98
f 153/15/94 161/16/99 151/16/94
f 161/16/99 153/15/94 162/15/99
f 147/15/92 155/16/96 150/16/92
f 155/16/96 147/15/92 158/15/96
f 159/16/98 152/15/95 154/16/95
f 152/15/95 159/16/98 160/15/98
f 161/16/99 149/15/93 148/16/93
f 149/15/93 161/16/99 162/15/99
f 163/2/100 164/2/100 165/2/100
f 164/2/100 163/2/100 166/2/100
f 164/2/100 166/2/100 167/2/100
f 167/2/100 166/2/100 168/2/100
f 167/2/100 168/2/100 169/2/100
f 169/2/100 168/2/100 170/2/100
f 155/16/100 148/16/100 150/16/100
f 148/16/100 155/16/100 171/16/100
f 171/16/100 155/16/100 172/16/100
f 173/16/100 148/16/100 171/16/100
f 172/16/100 155/16/100 157/16/100
f 172/16/100 157/16/100 174/16/100
f 148/16/100 173/16/100 161/16/100
f 161/16/100 173/16/100 175/16/100
f 161/16/100 175/16/100 176/16/100
f 174/16/100 157/16/100 159/16/100
f 161/16/100 176/16/100 151/16/100
f 174/16/100 159/16/100 177/16/100
f 151/16/100 176/16/100 178/16/100
f 177/16/100 159/16/100 178/16/100
f 151/16/100 178/16/100 159/16/100
f 151/16/100 159/16/100 154/16/100
f 176/16/103 167/2/101 169/2/103
f 167/2/101 176/16/103 175/16/101
f 172/16/105 165/2/104 171/16/104
f 165/2/104 172/16/105 163/2/105
f 171/16/104 164/2/102 173/16/102
f 164/2/102 171/16/104 165/2/104
f 169/2/103 178/16/106 176/16/103
f 178/16/106 169/2/103 170/2/106
f 166/2/107 177/16/108 168/2/108
f 177/16/108 166/2/107 174/16/107
f 168/2/108 178/16/106 170/2/106
f 178/16/106 168/2/108 177/16/108
f 172/16/105 166/2/107 163/2/105
f 166/2/107 172/16/105 174/16/107
f 167/2/101 173/16/102 164/2/102
f 173/16/102 167/2/101 175/16/101
f 179/2/57 180/4/57 181/2/57
f 180/4/57 179/2/57 182/4/57
f 180/4/11 183/2/109 181/2/109
f 183/2/109 180/4/11 184/4/11
f 185/4/1 183/2/1 184/4/1
f 183/2/1 185/4/1 186/2/1
f 185/4/23 179/2/110 186/2/110
f 179/2/110 185/4/23 182/4/23
f 180/4/11 185/4/23 184/4/11
f 185/4/23 180/4/11 182/4/23
f 179/2/110 183/2/109 186/2/110
f 183/2/109 179/2/110 181/2/109
f 187/2/57 188/4/57 189/2/57
f 188/4/57 187/2/57 190/4/57
f 188/4/11 191/2/109 189/2/109
f 191/2/109 188/4/11 192/4/11
f 193/4/1 191/2/1 192/4/1
f 191/2/1 193/4/1 194/2/1
f 193/4/23 187/2/110 194/2/110
f 187/2/110 193/4/23 190/4/23
f 188/4/11 193/4/23 192/4/11
f 193/4/23 188/4/11 190/4/23
f 187/2/110 191/2/109 194/2/110
f 191/2/109 187/2/110 189/2/109
f 195/2/16 196/2/16 197/2/16
f 196/2/16 195/2/16 198/2/16
f 198/2/57 199/4/57 196/2/57
f 199/4/57 198/2/57 200/4/57
f 201/4/28 198/2/28 195/2/28
f 198/2/28 201/4/28 200/4/28
f 199/4/27 197/2/27 196/2/27
f 197/2/27 199/4/27 202/4/27
f 201/4/1 197/2/1 202/4/1
f 197/2/1 201/4/1 195/2/1
f 199/4/52 201/4/52 202/4/52
f 201/4/52 199/4/52 200/4/52
f 203/2/111 204/4/57 205/2/57
f 204/4/57 203/2/111 206/4/111
f 204/4/27 207/2/27 205/2/27
f 207/2/27 204/4/27 208/4/27
f 209/4/112 210/2/113 211/2/112
f 210/2/113 209/4/112 212/4/113
f 213/4/114 207/2/1 208/4/1
f 207/2/1 213/4/114 214/2/114
f 215/4/115 211/2/112 216/2/115
f 211/2/112 215/4/115 209/4/112
f 215/4/115 214/2/114 213/4/114
f 214/2/114 215/4/115 216/2/115
f 217/2/116 206/4/111 203/2/111
f 206/4/111 217/2/116 218/4/116
f 212/4/113 217/2/116 210/2/113
f 217/2/116 212/4/113 218/4/116
f 204/4/52 213/4/52 208/4/52
f 213/4/52 204/4/52 215/4/52
f 215/4/52 204/4/52 209/4/52
f 209/4/52 204/4/52 212/4/52
f 212/4/52 204/4/52 218/4/52
f 218/4/52 204/4/52 206/4/52
f 216/2/16 207/2/16 214/2/16
f 207/2/16 216/2/16 205/2/16
f 205/2/16 216/2/16 211/2/16
f 205/2/16 211/2/16 210/2/16
f 205/2/16 210/2/16 217/2/16
f 205/2/16 217/2/16 203/2/16
f 219/4/27 220/2/27 221/2/27
f 220/2/27 219/4/27 222/4/27
f 223/4/28 224/2/28 225/2/28
f 224/2/28 223/4/28 226/4/28
f 223/4/1 220/2/1 222/4/1
f 220/2/1 223/4/1 225/2/1
f 219/4/52 223/4/52 222/4/52
f 223/4/52 219/4/52 226/4/52
f 224/2/57 219/4/57 221/2/57
f 219/4/57 224/2/57 226/4/57
f 225/2/16 221/2/16 220/2/16
f 221/2/16 225/2/16 224/2/16
f 227/17/117 228/18/118 229/18/118
f 228/18/118 227/17/117 230/17/117
f 231/19/119 232/20/120 233/20/120
f 232/20/120 231/19/119 234/19/119
f 228/18/121 232/20/121 229/18/121
f 232/20/121 228/18/121 233/20/121
f 228/18/122 231/19/122 233/20/122
f 231/19/122 228/18/122 235/21/122
f 236/22/122 235/21/122 228/18/122
f 235/21/122 236/22/122 237/23/122
f 236/22/122 228/18/122 230/17/122
f 236/22/122 230/17/122 238/24/122
f 237/23/123 239/22/123 240/23/123
f 239/22/123 237/23/123 236/22/123
f 239/22/124 238/24/125 241/24/125
f 238/24/125 239/22/124 236/22/124
f 237/23/126 242/21/127 235/21/127
f 242/21/127 237/23/126 240/23/126
f 235/21/127 234/19/119 231/19/119
f 234/19/119 235/21/127 242/21/127
f 241/24/125 230/17/117 227/17/117
f 230/17/117 241/24/125 238/24/125
f 239/22/128 242/21/128 240/23/128
f 242/21/128 239/22/128 234/19/128
f 229/18/128 234/19/128 239/22/128
f 234/19/128 229/18/128 232/20/128
f 229/18/128 239/22/128 241/24/128
f 229/18/128 241/24/128 227/17/128
f 243/17/117 244/18/118 245/18/118
f 244/18/118 243/17/117 246/17/117
f 247/19/119 248/20/120 249/20/120
f 248/20/120 247/19/119 250/19/119
f 244/18/121 248/20/121 245/18/121
f 248/20/121 244/18/121 249/20/121
f 244/18/122 247/19/122 249/20/122
f 247/19/122 244/18/122 251/21/122
f 252/22/122 251/21/122 244/18/122
f 251/21/122 252/22/122 253/23/122
f 252/22/122 244/18/122 246/17/122
f 252/22/122 246/17/122 254/24/122
f 253/23/123 255/22/123 256/23/123
f 255/22/123 253/23/123 252/22/123
f 255/22/124 254/24/125 257/24/125
f 254/24/125 255/22/124 252/22/124
f 253/23/126 258/21/127 251/21/127
f 258/21/127 253/23/126 256/23/126
f 251/21/127 250/19/119 247/19/119
f 250/19/119 251/21/127 258/21/127
f 257/24/125 246/17/117 243/17/117
f 246/17/117 257/24/125 254/24/125
f 255/22/128 258/21/128 256/23/128
f 258/21/128 255/22/128 250/19/128
f 245/18/128 250/19/128 255/22/128
f 250/19/128 245/18/128 248/20/128
f 245/18/128 255/22/128 257/24/128
f 245/18/128 257/24/128 243/17/128
f 259/18/16 260/18/16 261/18/16
f 260/18/16 259/18/16 262/18/16
f 259/18/57 263/25/57 262/18/57
f 263/25/57 259/18/57 264/26/57
f 264/26/57 259/18/57 265/27/129
f 265/27/129 259/18/57 266/28/130
f 267/29/27 263/25/27 268/25/27
f 267/29/27 262/18/27 263/25/27
f 262/18/27 267/29/27 260/18/27
f 269/29/27 260/18/27 267/29/27
f 260/18/27 269/29/27 270/25/27
f 270/25/27 269/29/27 271/25/27
f 267/29/131 272/30/131 269/29/131
f 272/30/131 267/29/131 273/30/131
f 271/25/132 274/26/132 270/25/132
f 274/26/132 271/25/132 275/26/132
f 272/30/57 271/25/57 269/29/57
f 271/25/57 272/30/57 275/26/57
f 263/25/132 276/26/132 268/25/132
f 276/26/132 263/25/132 264/26/132
f 276/26/1 267/29/1 268/25/1
f 267/29/1 276/26/1 273/30/1
f 274/26/1 260/18/1 270/25/1
f 260/18/1 274/26/1 261/18/1
f 261/18/1 274/26/1 277/27/133
f 261/18/1 277/27/133 278/28/134
f 266/28/130 279/31/135 265/27/129
f 279/31/135 266/28/130 280/32/136
f 279/31/135 281/29/137 282/33/138
f 281/29/137 279/31/135 280/32/136
f 283/31/139 278/28/134 277/27/133
f 278/28/134 283/31/139 284/32/140
f 285/33/141 284/32/140 283/31/139
f 284/32/140 285/33/141 286/29/142
f 284/32/110 261/18/110 278/28/110
f 261/18/110 284/32/110 259/18/110
f 259/18/110 284/32/110 286/29/142
f 259/18/110 286/29/142 281/29/137
f 259/18/110 281/29/137 280/32/110
f 259/18/110 280/32/110 266/28/110
f 265/27/143 276/26/143 264/26/143
f 276/26/143 265/27/143 275/26/143
f 272/30/143 276/26/143 275/26/143
f 276/26/143 272/30/143 273/30/143
f 275/26/143 265/27/143 274/26/143
f 274/26/143 265/27/143 277/27/143
f 277/27/143 265/27/143 279/31/143
f 277/27/143 279/31/143 283/31/143
f 283/31/143 279/31/143 282/33/143
f 283/31/143 282/33/143 285/33/143
f 287/34/144 288/34/144 289/34/144
f 288/34/144 287/34/144 290/34/144
f 288/34/144 290/34/144 291/34/144
f 291/34/144 290/34/144 292/34/144
f 291/34/144 292/34/144 293/34/144
f 293/34/144 292/34/144 294/34/144
f 295/34/144 296/34/144 297/34/144
f 296/34/144 295/34/144 298/34/144
f 296/34/144 298/34/144 299/34/144
f 299/34/144 298/34/144 300/34/144
f 299/34/144 300/34/144 301/34/144
f 301/34/144 300/34/144 302/34/144
f 303/35/145 294/36/146 304/35/147
f 294/36/146 303/35/145 293/36/148
f 304/35/147 292/36/149 305/35/150
f 292/36/149 304/35/147 294/36/146
f 291/36/151 303/35/145 306/35/152
f 303/35/145 291/36/151 293/36/148
f 290/36/153 307/35/154 308/35/155
f 307/35/154 290/36/153 287/36/156
f 305/35/150 290/36/153 308/35/155
f 290/36/153 305/35/150 292/36/149
f 309/35/157 291/36/151 306/35/152
f 291/36/151 309/35/157 288/36/158
f 287/36/156 310/35/159 307/35/154
f 310/35/159 287/36/156 289/36/160
f 289/36/160 309/35/157 310/35/159
f 309/35/157 289/36/160 288/36/158
f 306/35/152 128/37/161 124/37/162
f 128/37/161 306/35/152 303/35/145
f 307/35/154 115/37/1 117/37/163
f 115/37/1 307/35/154 310/35/159
f 308/35/155 117/37/163 130/37/164
f 117/37/163 308/35/155 307/35/154
f 120/37/57 305/35/150 121/37/165
f 305/35/150 120/37/57 304/35/147
f 128/37/161 304/35/147 120/37/57
f 304/35/147 128/37/161 303/35/145
f 126/37/166 306/35/152 124/37/162
f 306/35/152 126/37/166 309/35/157
f 121/37/165 308/35/155 130/37/164
f 308/35/155 121/37/165 305/35/150
f 309/35/157 115/37/1 310/35/159
f 115/37/1 309/35/157 126/37/166
f 311/35/145 302/36/146 312/35/147
f 302/36/146 311/35/145 301/36/148
f 312/35/147 300/36/149 313/35/150
f 300/36/149 312/35/147 302/36/146
f 299/36/151 311/35/145 314/35/152
f 311/35/145 299/36/151 301/36/148
f 298/36/153 315/35/154 316/35/155
f 315/35/154 298/36/153 295/36/156
f 313/35/150 298/36/153 316/35/155
f 298/36/153 313/35/150 300/36/149
f 317/35/157 299/36/151 314/35/152
f 299/36/151 317/35/157 296/36/158
f 295/36/156 318/35/159 315/35/154
f 318/35/159 295/36/156 297/36/160
f 297/36/160 317/35/157 318/35/159
f 317/35/157 297/36/160 296/36/158
f 314/35/152 160/37/161 156/37/162
f 160/37/161 314/35/152 311/35/145
f 315/35/154 147/37/1 149/37/163
f 147/37/1 315/35/154 318/35/159
f 316/35/155 149/37/163 162/37/164
f 149/37/163 316/35/155 315/35/154
f 152/37/57 313/35/150 153/37/165
f 313/35/150 152/37/57 312/35/147
f 160/37/161 312/35/147 152/37/57
f 312/35/147 160/37/161 311/35/145
f 158/37/166 314/35/152 156/37/162
f 314/35/152 158/37/166 317/35/157
f 313/35/150 162/37/164 153/37/165
f 162/37/164 313/35/150 316/35/155
f 317/35/157 147/37/1 318/35/159
f 147/37/1 317/35/157 158/37/166
f 282/38/138 286/39/142 285/38/141
f 286/39/142 282/38/138 281/39/137
f 1/1/1 2/2/1 3/3/1
f 3/3/1 2/2/1 4/4/1
f 4/4/1 2/2/1 5/4/1
f 5/4/1 2/2/1 6/3/1
f 6/3/1 2/2/1 7/1/1
f 8/2/1 7/1/1 2/2/1
f 9/3/2 10/1/3 11/5/4
f 12/6/5 11/5/4 10/1/3
f 13/7/6 11/5/4 14/2/7
f 15/2/8 14/2/7 11/5/4
f 9/3/2 11/5/4 16/4/9
f 13/7/6 16/4/9 11/5/4
f 11/5/4 12/6/5 15/2/8
f 17/2/10 15/2/8 12/6/5
f 9/3/2 6/3/11 10/1/3
f 7/1/12 10/1/3 6/3/11
f 6/3/11 9/3/2 5/4/13
f 16/4/9 5/4/13 9/3/2
f 4/4/14 5/4/13 18/4/15
f 16/4/9 18/4/15 5/4/13
f 8/2/16 2/2/16 17/2/16
f 2/2/16 19/2/16 17/2/16
f 17/2/16 19/2/16 15/2/16
f 19/2/16 20/2/16 15/2/16
f 15/2/16 20/2/16 14/2/16
f 21/2/16 14/2/16 20/2/16
f 22/6/17 23/5/18 19/2/19
f 20/2/20 19/2/19 23/5/18
f 24/3/21 25/1/22 3/3/23
f 1/1/24 3/3/23 25/1/22
f 24/3/21 23/5/18 25/1/22
f 22/6/17 25/1/22 23/5/18
f 23/5/18 26/7/25 20/2/20
f 21/2/26 20/2/20 26/7/25
f 24/3/21 18/4/15 23/5/18
f 26/7/25 23/5/18 18/4/15
f 3/3/23 4/4/14 24/3/21
f 18/4/15 24/3/21 4/4/14
f 18/4/15 16/4/9 26/7/25
f 13/7/6 26/7/25 16/4/9
f 21/2/26 26/7/25 14/2/7
f 13/7/6 14/2/7 26/7/25
f 10/1/3 7/1/12 12/6/5
f 12/6/5 7/1/12 17/2/10
f 8/2/27 17/2/10 7/1/12
f 25/1/22 22/6/17 1/1/24
f 1/1/24 22/6/17 2/2/28
f 19/2/19 2/2/28 22/6/17
f 27/7/29 28/2/30 29/7/31
f 28/2/30 27/7/29 30/2/32
f 31/2/16 32/2/16 33/2/16
f 34/2/16 32/2/16 31/2/16
f 35/2/16 32/2/16 34/2/16
f 36/2/16 32/2/16 35/2/16
f 36/2/16 37/2/16 32/2/16
f 38/2/16 37/2/16 36/2/16
f 37/2/16 38/2/16 39/2/16
f 40/2/16 39/2/16 38/2/16
f 41/2/16 39/2/16 40/2/16
f 42/2/16 39/2/16 41/2/16
f 28/2/16 39/2/16 42/2/16
f 39/2/16 28/2/16 30/2/16
f 43/1/33 41/2/34 40/2/27
f 41/2/34 43/1/33 44/6/35
f 44/6/35 43/1/33 45/1/36
f 46/4/37 29/7/31 47/4/38
f 29/7/31 46/4/37 27/7/29
f 48/7/39 37/2/40 39/2/41
f 37/2/40 48/7/39 49/7/42
f 50/4/27 38/2/27 36/2/27
f 38/2/27 50/4/27 51/4/27
f 52/4/43 49/7/42 48/7/39
f 49/7/42 52/4/43 53/4/44
f 54/6/45 35/2/27 34/2/46
f 35/2/27 54/6/45 55/1/33
f 55/1/33 54/6/45 56/1/47
f 52/4/43 27/7/29 46/4/37
f 27/7/29 52/4/43 48/7/39
f 53/4/44 57/7/48 49/7/42
f 57/7/48 53/4/44 58/4/49
f 49/7/42 32/2/50 37/2/40
f 32/2/50 49/7/42 57/7/48
f 48/7/39 30/2/32 27/7/29
f 30/2/32 48/7/39 39/2/41
f 59/4/51 50/4/52 60/4/53
f 58/4/49 50/4/52 59/4/51
f 53/4/44 50/4/52 58/4/49
f 53/4/44 51/4/52 50/4/52
f 52/4/43 51/4/52 53/4/44
f 52/4/43 61/4/53 51/4/52
f 46/4/37 61/4/53 52/4/43
f 61/4/53 46/4/37 47/4/38
f 29/7/31 42/2/54 62/5/55
f 42/2/54 29/7/31 28/2/30
f 63/3/56 61/4/53 47/4/38
f 61/4/53 63/3/56 64/3/11
f 64/3/11 45/1/36 43/1/33
f 45/1/36 64/3/11 63/3/56
f 44/6/35 42/2/54 41/2/34
f 42/2/54 44/6/35 62/5/55
f 47/4/38 62/5/55 63/3/56
f 62/5/55 47/4/38 29/7/31
f 45/1/36 62/5/55 44/6/35
f 62/5/55 45/1/36 63/3/56
f 38/2/57 43/1/57 40/2/57
f 43/1/57 38/2/57 64/3/57
f 64/3/57 38/2/57 61/4/57
f 61/4/57 38/2/57 51/4/57
f 32/2/50 65/7/58 33/2/59
f 65/7/58 32/2/50 57/7/48
f 57/7/48 59/4/51 65/7/58
f 59/4/51 57/7/48 58/4/49
f 56/1/47 66/3/11 55/1/33
f 66/3/11 56/1/47 67/3/60
f 33/2/59 68/5/61 31/2/62
f 68/5/61 33/2/59 65/7/58
f 65/7/58 67/3/60 68/5/61
f 67/3/60 65/7/58 59/4/51
f 68/5/61 34/2/46 31/2/62
f 34/2/46 68/5/61 54/6/45
f 68/5/61 56/1/47 54/6/45
f 56/1/47 68/5/61 67/3/60
f 67/3/60 60/4/53 66/3/11
f 60/4/53 67/3/60 59/4/51
f 66/3/1 35/2/1 55/1/1
f 35/2/1 66/3/1 36/2/1
f 36/2/1 66/3/1 60/4/1
f 36/2/1 60/4/1 50/4/1
f 69/2/63 70/2/64 71/2/63
f 70/2/64 69/2/63 72/2/64
f 73/8/57 74/9/57 75/10/57
f 74/9/57 73/8/57 72/2/57
f 74/9/57 72/2/57 76/11/57
f 76/11/57 72/2/57 69/2/57
f 76/11/57 69/2/57 77/12/57
f 77/12/57 69/2/57 78/4/57
f 78/4/57 69/2/57 79/13/57
f 79/13/57 69/2/57 80/14/57
f 81/9/1 82/8/1 83/10/1
f 82/8/1 81/9/1 70/2/1
f 70/2/1 81/9/1 84/11/1
f 70/2/1 84/11/1 71/2/1
f 71/2/1 84/11/1 85/12/1
f 71/2/1 85/12/1 86/4/1
f 71/2/1 86/4/1 87/13/1
f 71/2/1 87/13/1 88/14/1
f 76/11/65 81/9/66 74/9/66
f 81/9/66 76/11/65 84/11/65
f 76/11/65 85/12/67 84/11/65
f 85/12/67 76/11/65 77/12/67
f 77/12/67 86/4/68 85/12/67
f 86/4/68 77/12/67 78/4/68
f 74/9/66 83/10/69 75/10/69
f 83/10/69 74/9/66 81/9/66
f 72/2/64 82/8/70 70/2/64
f 82/8/70 72/2/64 73/8/70
f 75/10/69 82/8/70 73/8/70
f 82/8/70 75/10/69 83/10/69
f 88/14/71 69/2/72 71/2/72
f 69/2/72 88/14/71 80/14/71
f 78/4/68 87/13/73 86/4/68
f 87/13/73 78/4/68 79/13/73
f 87/13/73 80/14/71 88/14/71
f 80/14/71 87/13/73 79/13/73
f 89/6/74 90/2/28 91/2/75
f 90/2/28 89/6/74 92/1/24
f 92/1/24 89/6/74 93/1/76
f 94/1/12 95/2/77 96/2/27
f 95/2/77 94/1/12 97/6/78
f 97/6/78 94/1/12 98/1/79
f 99/7/80 100/2/81 101/7/82
f 100/2/81 99/7/80 102/2/83
f 103/4/84 99/7/80 101/7/82
f 99/7/80 103/4/84 104/4/85
f 105/4/14 106/3/86 104/4/85
f 106/3/86 105/4/14 107/3/23
f 104/4/85 108/5/87 99/7/80
f 108/5/87 104/4/85 106/3/86
f 99/7/80 109/2/88 102/2/83
f 109/2/88 99/7/80 108/5/87
f 108/5/87 93/1/76 89/6/74
f 93/1/76 108/5/87 106/3/86
f 93/1/76 107/3/23 92/1/24
f 107/3/23 93/1/76 106/3/86
f 108/5/87 91/2/75 109/2/88
f 91/2/75 108/5/87 89/6/74
f 109/2/16 100/2/16 102/2/16
f 100/2/16 109/2/16 110/2/16
f 110/2/16 109/2/16 91/2/16
f 110/2/16 91/2/16 95/2/16
f 95/2/16 91/2/16 90/2/16
f 95/2/16 90/2/16 96/2/16
f 111/4/13 104/4/85 103/4/84
f 104/4/85 111/4/13 105/4/14
f 112/3/89 111/4/13 103/4/84
f 111/4/13 112/3/89 113/3/11
f 113/3/11 98/1/79 94/1/12
f 98/1/79 113/3/11 112/3/89
f 97/6/78 110/2/90 95/2/77
f 110/2/90 97/6/78 114/5/91
f 114/5/91 103/4/84 101/7/82
f 103/4/84 114/5/91 112/3/89
f 114/5/91 100/2/81 110/2/90
f 100/2/81 114/5/91 101/7/82
f 98/1/79 114/5/91 97/6/78
f 114/5/91 98/1/79 112/3/89
f 90/2/57 94/1/57 96/2/57
f 94/1/57 90/2/57 113/3/57
f 113/3/57 90/2/57 111/4/57
f 111/4/57 90/2/57 105/4/57
f 105/4/57 90/2/57 107/3/57
f 107/3/57 90/2/57 92/1/57
f 115/15/92 116/16/93 117/15/93
f 116/16/93 115/15/92 118/16/92
f 119/16/94 120/15/95 121/15/94
f 120/15/95 119/16/94 122/16/95
f 123/16/96 124/15/97 125/16/97
f 124/15/97 123/16/96 126/15/96
f 124/15/97 127/16/98 125/16/97
f 127/16/98 124/15/97 128/15/98
f 121/15/94 129/16/99 119/16/94
f 129/16/99 121/15/94 130/15/99
f 126/15/96 118/16/92 115/15/92
f 118/16/92 126/15/96 123/16/96
f 122/16/95 128/15/98 120/15/95
f 128/15/98 122/16/95 127/16/98
f 129/16/99 117/15/93 116/16/93
f 117/15/93 129/16/99 130/15/99
f 123/16/100 116/16/100 118/16/100
f 116/16/100 123/16/100 131/16/100
f 131/16/100 123/16/100 132/16/100
f 133/16/100 116/16/100 131/16/100
f 132/16/100 123/16/100 125/16/100
f 132/16/100 125/16/100 134/16/100
f 116/16/100 133/16/100 129/16/100
f 129/16/100 133/16/100 135/16/100
f 129/16/100 135/16/100 136/16/100
f 134/16/100 125/16/100 127/16/100
f 129/16/100 136/16/100 119/16/100
f 134/16/100 127/16/100 137/16/100
f 119/16/100 136/16/100 138/16/100
f 137/16/100 127/16/100 138/16/100
f 119/16/100 138/16/100 127/16/100
f 119/16/100 127/16/100 122/16/100
f 139/2/100 140/2/100 141/2/100
f 140/2/100 139/2/100 142/2/100
f 142/2/100 139/2/100 143/2/100
f 142/2/100 143/2/100 144/2/100
f 142/2/100 144/2/100 145/2/100
f 145/2/100 144/2/100 146/2/100
f 142/2/101 133/16/102 140/2/102
f 133/16/102 142/2/101 135/16/101
f 136/16/103 142/2/101 145/2/103
f 142/2/101 136/16/103 135/16/101
f 131/16/104 140/2/102 133/16/102
f 140/2/102 131/16/104 141/2/104
f 132/16/105 141/2/104 131/16/104
f 141/2/104 132/16/105 139/2/105
f 145/2/103 138/16/106 136/16/103
f 138/16/106 145/2/103 146/2/106
f 134/16/107 144/2/108 143/2/107
f 144/2/108 134/16/107 137/16/108
f 132/16/105 143/2/107 139/2/105
f 143/2/107 132/16/105 134/16/107
f 146/2/106 137/16/108 138/16/106
f 137/16/108 146/2/106 144/2/108
f 147/15/92 148/16/93 149/15/93
f 148/16/93 147/15/92 150/16/92
f 151/16/94 152/15/95 153/15/94
f 152/15/95 151/16/94 154/16/95
f 155/16/96 156/15/97 157/16/97
f 156/15/97 155/16/96 158/15/96
f 156/15/97 159/16/98 157/16/97
f 159/16/98 156/15/97 160/15/98
f 153/15/94 161/16/99 151/16/94
f 161/16/99 153/15/94 162/15/99
f 147/15/92 155/16/96 150/16/92
f 155/16/96 147/15/92 158/15/96
f 159/16/98 152/15/95 154/16/95
f 152/15/95 159/16/98 160/15/98
f 161/16/99 149/15/93 148/16/93
f 149/15/93 161/16/99 162/15/99
f 163/2/100 164/2/100 165/2/100
f 164/2/100 163/2/100 166/2/100
f 164/2/100 166/2/100 167/2/100
f 167/2/100 166/2/100 168/2/100
f 167/2/100 168/2/100 169/2/100
f 169/2/100 168/2/100 170/2/100
f 155/16/100 148/16/100 150/16/100
f 148/16/100 155/16/100 171/16/100
f 171/16/100 155/16/100 172/16/100
f 173/16/100 148/16/100 171/16/100
f 172/16/100 155/16/100 157/16/100
f 172/16/100 157/16/100 174/16/100
f 148/16/100 173/16/100 161/16/100
f 161/16/100 173/16/100 175/16/100
f 161/16/100 175/16/100 176/16/100
f 174/16/100 157/16/100 159/16/100
f 161/16/100 176/16/100 151/16/100
f 174/16/100 159/16/100 177/16/100
f 151/16/100 176/16/100 178/16/100
f 177/16/100 159/16/100 178/16/100
f 151/16/100 178/16/100 159/16/100
f 151/16/100 159/16/100 154/16/100
f 176/16/103 167/2/101 169/2/103
f 167/2/101 176/16/103 175/16/101
f 172/16/105 165/2/104 171/16/104
f 165/2/104 172/16/105 163/2/105
f 171/16/104 164/2/102 173/16/102
f 164/2/102 171/16/104 165/2/104
f 169/2/103 178/16/106 176/16/103
f 178/16/106 169/2/103 170/2/106
f 166/2/107 177/16/108 168/2/108
f 177/16/108 166/2/107 174/16/107
f 168/2/108 178/16/106 170/2/106
f 178/16/106 168/2/108 177/16/108
f 172/16/105 166/2/107 163/2/105
f 166/2/107 172/16/105 174/16/107
f 167/2/101 173/16/102 164/2/102
f 173/16/102 167/2/101 175/16/101
f 179/2/57 180/4/57 181/2/57
f 180/4/57 179/2/57 182/4/57
f 180/4/11 183/2/109 181/2/109
f 183/2/109 180/4/11 184/4/11
f 185/4/1 183/2/1 184/4/1
f 183/2/1 185/4/1 186/2/1
f 185/4/23 179/2/110 186/2/110
f 179/2/110 185/4/23 182/4/23
f 180/4/11 185/4/23 184/4/11
f 185/4/23 180/4/11 182/4/23
f 179/2/110 183/2/109 186/2/110
f 183/2/109 179/2/110 181/2/109
f 187/2/57 188/4/57 189/2/57
f 188/4/57 187/2/57 190/4/57
f 188/4/11 191/2/109 189/2/109
f 191/2/109 188/4/11 192/4/11
f 193/4/1 191/2/1 192/4/1
f 191/2/1 193/4/1 194/2/1
f 193/4/23 187/2/110 194/2/110
f 187/2/110 193/4/23 190/4/23
f 188/4/11 193/4/23 192/4/11
f 193/4/23 188/4/11 190/4/23
f 187/2/110 191/2/109 194/2/110
f 191/2/109 187/2/110 189/2/109
f 195/2/16 196/2/16 197/2/16
f 196/2/16 195/2/16 198/2/16
f 198/2/57 199/4/57 196/2/57
f 199/4/57 198/2/57 200/4/57
f 201/4/28 198/2/28 195/2/28
f 198/2/28 201/4/28 200/4/28
f 199/4/27 197/2/27 196/2/27
f 197/2/27 199/4/27 202/4/27
f 201/4/1 197/2/1 202/4/1
f 197/2/1 201/4/1 195/2/1
f 199/4/52 201/4/52 202/4/52
f 201/4/52 199/4/52 200/4/52
f 203/2/111 204/4/57 205/2/57
f 204/4/57 203/2/111 206/4/111
f 204/4/27 207/2/27 205/2/27
f 207/2/27 204/4/27 208/4/27
f 209/4/112 210/2/113 211/2/112
f 210/2/113 209/4/112 212/4/113
f 213/4/114 207/2/1 208/4/1
f 207/2/1 213/4/114 214/2/114
f 215/4/115 211/2/112 216/2/115
f 211/2/112 215/4/115 209/4/112
f 215/4/115 214/2/114 213/4/114
f 214/2/114 215/4/115 216/2/115
f 217/2/116 206/4/111 203/2/111
f 206/4/111 217/2/116 218/4/116
f 212/4/113 217/2/116 210/2/113
f 217/2/116 212/4/113 218/4/116
f 204/4/52 213/4/52 208/4/52
f 213/4/52 204/4/52 215/4/52
f 215/4/52 204/4/52 209/4/52
f 209/4/52 204/4/52 212/4/52
f 212/4/52 204/4/52 218/4/52
f 218/4/52 204/4/52 206/4/52
f 216/2/16 207/2/16 214/2/16
f 207/2/16 216/2/16 205/2/16
f 205/2/16 216/2/16 211/2/16
f 205/2/16 211/2/16 210/2/16
f 205/2/16 210/2/16 217/2/16
f 205/2/16 217/2/16 203/2/16
f 219/4/27 220/2/27 221/2/27
f 220/2/27 219/4/27 222/4/27
f 223/4/28 224/2/28 225/2/28
f 224/2/28 223/4/28 226/4/28
f 223/4/1 220/2/1 222/4/1
f 220/2/1 223/4/1 225/2/1
f 219/4/52 223/4/52 222/4/52
f 223/4/52 219/4/52 226/4/52
f 224/2/57 219/4/57 221/2/57
f 219/4/57 224/2/57 226/4/57
f 225/2/16 221/2/16 220/2/16
f 221/2/16 225/2/16 224/2/16
f 227/17/117 228/18/118 229/18/118
f 228/18/118 227/17/117 230/17/117
f 231/19/119 232/20/120 233/20/120
f 232/20/120 231/19/119 234/19/119
f 228/18/121 232/20/121 229/18/121
f 232/20/121 228/18/121 233/20/121
f 228/18/122 231/19/122 233/20/122
f 231/19/122 228/18/122 235/21/122
f 236/22/122 235/21/122 228/18/122
f 235/21/122 236/22/122 237/23/122
f 236/22/122 228/18/122 230/17/122
f 236/22/122 230/17/122 238/24/122
f 237/23/123 239/22/123 240/23/123
f 239/22/123 237/23/123 236/22/123
f 239/22/124 238/24/125 241/24/125
f 238/24/125 239/22/124 236/22/124
f 237/23/126 242/21/127 235/21/127
f 242/21/127 237/23/126 240/23/126
f 235/21/127 234/19/119 231/19/119
f 234/19/119 235/21/127 242/21/127
f 241/24/125 230/17/117 227/17/117
f 230/17/117 241/24/125 238/24/125
f 239/22/128 242/21/128 240/23/128
f 242/21/128 239/22/128 234/19/128
f 229/18/128 234/19/128 239/22/128
f 234/19/128 229/18/128 232/20/128
f 229/18/128 239/22/128 241/24/128
f 229/18/128 241/24/128 227/17/128
f 243/17/117 244/18/118 245/18/118
f 244/18/118 243/17/117 246/17/117
f 247/19/119 248/20/120 249/20/120
f 248/20/120 247/19/119 250/19/119
f 244/18/121 248/20/121 245/18/121
f 248/20/121 244/18/121 249/20/121
f 244/18/122 247/19/122 249/20/122
f 247/19/122 244/18/122 251/21/122
f 252/22/122 251/21/122 244/18/122
f 251/21/122 252/22/122 253/23/122
f 252/22/122 244/18/122 246/17/122
f 252/22/122 246/17/122 254/24/122
f 253/23/123 255/22/123 256/23/123
f 255/22/123 253/23/123 252/22/123
f 255/22/124 254/24/125 257/24/125
f 254/24/125 255/22/124 252/22/124
f 253/23/126 258/21/127 251/21/127
f 258/21/127 253/23/126 256/23/126
f 251/21/127 250/19/119 247/19/119
f 250/19/119 251/21/127 258/21/127
f 257/24/125 246/17/117 243/17/117
f 246/17/117 257/24/125 254/24/125
f 255/22/128 258/21/128 256/23/128
f 258/21/128 255/22/128 250/19/128
f 245/18/128 250/19/128 255/22/128
f 250/19/128 245/18/128 248/20/128
f 245/18/128 255/22/128 257/24/128
f 245/18/128 257/24/128 243/17/128
f 259/18/16 260/18/16 261/18/16
f 260/18/16 259/18/16 262/18/16
f 259/18/57 263/25/57 262/18/57
f 263/25/57 259/18/57 264/26/57
f 264/26/57 259/18/57 265/27/129
f 265/27/129 259/18/57 266/28/130
f 267/29/27 263/25/27 268/25/27
f 267/29/27 262/18/27 263/25/27
f 262/18/27 267/29/27 260/18/27
f 269/29/27 260/18/27 267/29/27
f 260/18/27 269/29/27 270/25/27
f 270/25/27 269/29/27 271/25/27
f 267/29/131 272/30/131 269/29/131
f 272/30/131 267/29/131 273/30/131
f 271/25/132 274/26/132 270/25/132
f 274/26/132 271/25/132 275/26/132
f 272/30/57 271/25/57 269/29/57
f 271/25/57 272/30/57 275/26/57
f 263/25/132 276/26/132 268/25/132
f 276/26/132 263/25/132 264/26/132
f 276/26/1 267/29/1 268/25/1
f 267/29/1 276/26/1 273/30/1
f 274/26/1 260/18/1 270/25/1
f 260/18/1 274/26/1 261/18/1
f 261/18/1 274/26/1 277/27/133
f 261/18/1 277/27/133 278/28/134
f 266/28/130 279/31/135 265/27/129
f 279/31/135 266/28/130 280/32/136
f 279/31/135 281/29/137 282/33/138
f 281/29/137 279/31/135 280/32/136
f 283/31/139 278/28/134 277/27/133
f 278/28/134 283/31/139 284/32/140
f 285/33/141 284/32/140 283/31/139
f 284/32/140 285/33/141 286/29/142
f 284/32/110 261/18/110 278/28/110
f 261/18/110 284/32/110 259/18/110
f 259/18/110 284/32/110 286/29/142
f 259/18/110 286/29/142 281/29/137
f 259/18/110 281/29/137 280/32/110
f 259/18/110 280/32/110 266/28/110
f 265/27/143 276/26/143 264/26/143
f 276/26/143 265/27/143 275/26/143
f 272/30/143 276/26/143 275/26/143
f 276/26/143 272/30/143 273/30/143
f 275/26/143 265/27/143 274/26/143
f 274/26/143 265/27/143 277/27/143
f 277/27/143 265/27/143 279/31/143
f 277/27/143 279/31/143 283/31/143
f 283/31/143 279/31/143 282/33/143
f 283/31/143 282/33/143 285/33/143
f 287/34/144 288/34/144 289/34/144
f 288/34/144 287/34/144 290/34/144
f 288/34/144 290/34/144 291/34/144
f 291/34/144 290/34/144 292/34/144
f 291/34/144 292/34/144 293/34/144
f 293/34/144 292/34/144 294/34/144
f 295/34/144 296/34/144 297/34/144
f 296/34/144 295/34/144 298/34/144
f 296/34/144 298/34/144 299/34/144
f 299/34/144 298/34/144 300/34/144
f 299/34/144 300/34/144 301/34/144
f 301/34/144 300/34/144 302/34/144
f 303/35/145 294/36/146 304/35/147
f 294/36/146 303/35/145 293/36/148
f 304/35/147 292/36/149 305/35/150
f 292/36/149 304/35/147 294/36/146
f 291/36/151 303/35/145 306/35/152
f 303/35/145 291/36/151 293/36/148
f 290/36/153 307/35/154 308/35/155
f 307/35/154 290/36/153 287/36/156
f 305/35/150 290/36/153 308/35/155
f 290/36/153 305/35/150 292/36/149
f 309/35/157 291/36/151 306/35/152
f 291/36/151 309/35/157 288/36/158
f 287/36/156 310/35/159 307/35/154
f 310/35/159 287/36/156 289/36/160
f 289/36/160 309/35/157 310/35/159
f 309/35/157 289/36/160 288/36/158
f 306/35/152 128/37/161 124/37/162
f 128/37/161 306/35/152 303/35/145
f 307/35/154 115/37/1 117/37/163
f 115/37/1 307/35/154 310/35/159
f 308/35/155 117/37/163 130/37/164
f 117/37/163 308/35/155 307/35/154
f 120/37/57 305/35/150 121/37/165
f 305/35/150 120/37/57 304/35/147
f 128/37/161 304/35/147 120/37/57
f 304/35/147 128/37/161 303/35/145
f 126/37/166 306/35/152 124/37/162
f 306/35/152 126/37/166 309/35/157
f 121/37/165 308/35/155 130/37/164
f 308/35/155 121/37/165 305/35/150
f 309/35/157 115/37/1 310/35/159
f 115/37/1 309/35/157 126/37/166
f 311/35/145 302/36/146 312/35/147
f 302/36/146 311/35/145 301/36/148
f 312/35/147 300/36/149 313/35/150
f 300/36/149 312/35/147 302/36/146
f 299/36/151 311/35/145 314/35/152
f 311/35/145 299/36/151 301/36/148
f 298/36/153 315/35/154 316/35/155
f 315/35/154 298/36/153 295/36/156
f 313/35/150 298/36/153 316/35/155
f 298/36/153 313/35/150 300/36/149
f 317/35/157 299/36/151 314/35/152
f 299/36/151 317/35/157 296/36/158
f 295/36/156 318/35/159 315/35/154
f 318/35/159 295/36/156 297/36/160
f 297/36/160 317/35/157 318/35/159
f 317/35/157 297/36/160 296/36/158
f 314/35/152 160/37/161 156/37/162
f 160/37/161 314/35/152 311/35/145
f 315/35/154 147/37/1 149/37/163
f 147/37/1 315/35/154 318/35/159
f 316/35/155 149/37/163 162/37/164
f 149/37/163 316/35/155 315/35/154
f 152/37/57 313/35/150 153/37/165
f 313/35/150 152/37/57 312/35/147
f 160/37/161 312/35/147 152/37/57
f 312/35/147 160/37/161 311/35/145
f 158/37/166 314/35/152 156/37/162
f 314/35/152 158/37/166 317/35/157
f 313/35/150 162/37/164 153/37/165
f 162/37/164 313/35/150 316/35/155
f 317/35/157 147/37/1 318/35/159
f 147/37/1 317/35/157 158/37/166
f 282/38/138 286/39/142 285/38/141
f 286/39/142 282/38/138 281/39/137
f 319/40/167 320/41/168 321/42/169
f 322/43/170 320/41/168 319/40/167
f 319/40/167 321/42/169 323/44/171
f 323/44/171 321/42/169 324/45/172
f 325/46/173 322/43/170 319/40/167
f 326/47/174 322/43/170 325/46/173
f 323/44/171 324/45/172 327/48/175
f 324/45/172 328/49/176 327/48/175
f 327/48/175 328/49/176 329/50/177
f 328/49/176 330/51/178 329/50/177
f 331/52/179 323/44/171 327/48/175
f 329/50/177 331/52/179 327/48/175
f 332/44/180 319/40/167 323/44/171
f 323/44/171 331/52/179 332/44/180
f 333/53/181 325/46/173 319/40/167
f 319/40/167 332/44/180 333/53/181
f 334/54/182 326/47/174 325/46/173
f 334/54/182 335/55/183 326/47/174
f 329/50/177 330/51/178 336/56/184
f 330/51/178 337/57/185 336/56/184
f 338/52/186 332/44/180 331/52/179
f 331/52/179 329/50/177 339/58/187
f 339/58/187 338/52/186 331/52/179
f 340/44/188 333/53/181 332/44/180
f 332/44/180 338/52/186 340/44/188
f 341/59/189 329/50/177 336/56/184
f 329/50/177 341/59/189 339/58/187
f 325/46/173 333/53/181 342/60/190
f 325/46/173 343/61/191 334/54/182
f 343/61/191 325/46/173 342/60/190
f 333/53/181 340/44/188 344/53/192
f 344/53/192 342/60/190 333/53/181
f 337/57/185 345/62/193 336/56/184
f 336/56/184 346/63/194 341/59/189
f 346/63/194 336/56/184 345/62/193
f 337/57/185 347/56/195 345/62/193
f 348/51/196 347/56/195 337/57/185
f 349/59/197 345/62/193 347/56/195
f 345/62/193 349/59/197 346/63/194
f 350/50/198 347/56/195 348/51/196
f 350/50/198 349/59/197 347/56/195
f 351/49/199 350/50/198 348/51/196
f 352/48/200 350/50/198 351/49/199
f 353/45/201 352/48/200 351/49/199
f 349/59/197 350/50/198 354/58/202
f 352/48/200 354/58/202 350/50/198
f 355/44/203 352/48/200 353/45/201
f 355/44/203 353/45/201 356/42/204
f 357/40/205 355/44/203 356/42/204
f 357/40/205 356/42/204 358/41/206
f 359/43/207 357/40/205 358/41/206
f 354/58/202 352/48/200 360/52/208
f 355/44/203 360/52/208 352/48/200
f 361/58/209 349/59/197 354/58/202
f 360/52/208 361/58/209 354/58/202
f 360/52/208 355/44/203 362/44/210
f 357/40/205 362/44/210 355/44/203
f 363/46/211 357/40/205 359/43/207
f 364/47/212 363/46/211 359/43/207
f 349/59/197 361/58/209 365/59/213
f 365/59/213 346/63/194 349/59/197
f 361/58/209 360/52/208 366/52/214
f 362/44/210 366/52/214 360/52/208
f 367/54/215 363/46/211 364/47/212
f 367/54/215 364/47/212 335/55/183
f 368/64/216 367/54/215 335/55/183
f 368/64/216 335/55/183 334/54/182
f 369/61/217 363/46/211 367/54/215
f 368/64/216 369/61/217 367/54/215
f 334/54/182 370/65/218 368/64/216
f 369/61/217 368/64/216 370/65/218
f 370/65/218 334/54/182 343/61/191
f 346/63/194 365/59/213 371/63/219
f 371/63/219 341/59/189 346/63/194
f 363/46/211 369/61/217 372/60/220
f 372/60/220 357/40/205 363/46/211
f 362/44/210 357/40/205 373/53/221
f 357/40/205 372/60/220 373/53/221
f 369/61/217 374/60/222 372/60/220
f 374/60/222 373/53/221 372/60/220
f 370/65/218 375/61/223 369/61/217
f 374/60/222 369/61/217 375/61/223
f 343/61/191 376/65/224 370/65/218
f 375/61/223 370/65/218 376/65/224
f 373/53/221 377/44/225 362/44/210
f 366/52/214 362/44/210 377/44/225
f 373/53/221 374/60/222 378/53/226
f 377/44/225 373/53/221 378/53/226
f 375/61/223 379/66/227 374/60/222
f 379/66/227 378/53/226 374/60/222
f 376/65/224 343/61/191 380/61/228
f 342/60/190 380/61/228 343/61/191
f 376/65/224 381/67/229 375/61/223
f 379/66/227 375/61/223 381/67/229
f 380/61/228 342/60/190 382/60/230
f 342/60/190 344/53/192 382/60/230
f 377/44/225 383/68/231 366/52/214
f 378/53/226 384/44/232 377/44/225
f 383/68/231 377/44/225 384/44/232
f 378/53/226 379/66/227 385/69/233
f 384/44/232 378/53/226 385/69/233
f 381/67/229 386/70/234 379/66/227
f 386/70/234 385/69/233 379/66/227
f 387/71/235 366/52/214 383/68/231
f 366/52/214 387/71/235 361/58/209
f 387/71/235 365/59/213 361/58/209
f 365/59/213 387/71/235 388/72/236
f 388/72/236 371/63/219 365/59/213
f 383/68/231 389/73/237 387/71/235
f 389/73/237 388/72/236 387/71/235
f 384/44/232 390/74/238 383/68/231
f 389/73/237 383/68/231 390/74/238
f 385/69/233 391/44/239 384/44/232
f 390/74/238 384/44/232 391/44/239
f 385/69/233 386/70/234 392/75/240
f 391/44/239 385/69/233 392/75/240
f 386/70/234 381/67/229 393/76/241
f 394/77/242 393/76/241 381/67/229
f 381/67/229 376/65/224 394/77/242
f 376/65/224 395/67/243 394/77/242
f 395/67/243 376/65/224 380/61/228
f 380/61/228 396/66/244 395/67/243
f 396/66/244 380/61/228 382/60/230
f 382/60/230 397/69/245 396/66/244
f 397/69/245 382/60/230 344/53/192
f 344/53/192 398/44/246 397/69/245
f 398/44/246 344/53/192 340/44/188
f 340/44/188 399/68/247 398/44/246
f 399/68/247 340/44/188 338/52/186
f 400/58/248 399/68/247 338/52/186
f 338/52/186 339/58/187 400/58/248
f 339/58/187 401/59/249 400/58/248
f 401/59/249 339/58/187 341/59/189
f 341/59/189 371/63/219 401/59/249
f 399/68/247 400/58/248 402/71/250
f 401/59/249 402/71/250 400/58/248
f 403/74/251 398/44/246 399/68/247
f 402/71/250 403/74/251 399/68/247
f 404/44/252 397/69/245 398/44/246
f 398/44/246 403/74/251 404/44/252
f 405/75/253 396/66/244 397/69/245
f 397/69/245 404/44/252 405/75/253
f 371/63/219 406/72/254 401/59/249
f 402/71/250 401/59/249 406/72/254
f 403/74/251 402/71/250 407/73/255
f 406/72/254 407/73/255 402/71/250
f 406/72/254 371/63/219 408/78/256
f 371/63/219 388/72/236 408/78/256
f 396/66/244 405/75/253 409/70/257
f 409/70/257 395/67/243 396/66/244
f 407/73/255 406/72/254 410/79/258
f 408/78/256 410/79/258 406/72/254
f 411/79/259 408/78/256 388/72/236
f 388/72/236 389/73/237 411/79/259
f 395/67/243 409/70/257 412/76/260
f 412/76/260 394/77/242 395/67/243
f 410/79/258 408/78/256 413/80/261
f 408/78/256 411/79/259 413/80/261
f 414/81/262 410/79/258 413/80/261
f 411/79/259 414/81/262 413/80/261
f 415/82/263 407/73/255 410/79/258
f 410/79/258 414/81/262 415/82/263
f 416/44/264 415/82/263 414/81/262
f 414/81/262 411/79/259 417/82/265
f 389/73/237 417/82/265 411/79/259
f 416/44/264 414/81/262 417/82/265
f 407/73/255 415/82/263 418/83/266
f 416/44/264 418/83/266 415/82/263
f 418/83/266 403/74/251 407/73/255
f 417/82/265 389/73/237 419/83/267
f 416/44/264 417/82/265 419/83/267
f 390/74/238 419/83/267 389/73/237
f 403/74/251 418/83/266 420/84/268
f 416/44/264 420/84/268 418/83/266
f 420/84/268 404/44/252 403/74/251
f 419/83/267 390/74/238 421/84/269
f 416/44/264 419/83/267 421/84/269
f 391/44/239 421/84/269 390/74/238
f 422/44/270 420/84/268 416/44/264
f 404/44/252 420/84/268 422/44/270
f 423/44/271 416/44/264 421/84/269
f 421/84/269 391/44/239 423/44/271
f 424/85/272 422/44/270 416/44/264
f 424/85/272 404/44/252 422/44/270
f 404/44/252 424/85/272 405/75/253
f 391/44/239 425/85/273 423/44/271
f 425/85/273 416/44/264 423/44/271
f 425/85/273 391/44/239 392/75/240
f 426/86/274 405/75/253 424/85/272
f 426/86/274 424/85/272 416/44/264
f 405/75/253 426/86/274 409/70/257
f 392/75/240 427/86/275 425/85/273
f 427/86/275 416/44/264 425/85/273
f 427/86/275 392/75/240 386/70/234
f 428/87/276 409/70/257 426/86/274
f 428/87/276 426/86/274 416/44/264
f 409/70/257 428/87/276 412/76/260
f 386/70/234 429/87/277 427/86/275
f 429/87/277 416/44/264 427/86/275
f 429/87/277 386/70/234 393/76/241
f 430/88/278 428/87/276 416/44/264
f 430/88/278 416/44/264 429/87/277
f 430/88/278 412/76/260 428/87/276
f 393/76/241 430/88/278 429/87/277
f 412/76/260 430/88/278 431/89/279
f 430/88/278 393/76/241 431/89/279
f 394/77/242 412/76/260 431/89/279
f 393/76/241 394/77/242 431/89/279
f 432/90/280 433/91/281 434/92/282
f 435/91/283 434/92/282 436/92/284
f 434/92/282 437/93/285 438/94/286
f 439/92/287 437/93/285 434/92/282
f 434/92/282 440/95/288 441/96/289
f 442/97/290 432/90/280 434/92/282
f 443/98/291 434/92/282 444/97/292
f 434/92/282 445/95/293 446/94/294
f 436/92/284 434/92/282 447/93/295
f 434/92/282 446/94/294 447/93/295
f 444/97/292 434/92/282 448/90/296
f 433/91/281 439/92/287 434/92/282
f 443/98/291 442/97/290 434/92/282
f 434/92/282 438/94/286 440/95/288
f 448/90/296 434/92/282 435/91/283
f 434/92/282 441/96/289 445/95/293
f 449/99/297 443/98/291 444/97/292
f 443/98/291 449/99/297 450/100/298
f 437/93/285 451/92/299 452/101/300
f 451/92/299 437/93/285 439/92/287
f 453/102/301 444/97/292 448/90/296
f 444/97/292 453/102/301 449/99/297
f 442/97/290 454/102/302 432/90/280
f 454/102/302 442/97/290 455/99/303
f 456/92/304 447/93/295 457/101/305
f 447/93/295 456/92/304 436/92/284
f 458/103/306 441/96/289 459/104/307
f 441/96/289 458/103/306 445/95/293
f 438/94/286 452/101/300 460/105/308
f 452/101/300 438/94/286 437/93/285
f 441/96/289 461/103/309 459/104/307
f 461/103/309 441/96/289 440/95/288
f 443/98/291 455/99/303 442/97/290
f 455/99/303 443/98/291 450/100/298
f 440/95/288 460/105/308 461/103/309
f 460/105/308 440/95/288 438/94/286
f 432/90/280 462/106/310 433/91/281
f 462/106/310 432/90/280 454/102/302
f 456/92/304 435/91/283 436/92/284
f 435/91/283 456/92/304 463/106/311
f 463/106/311 448/90/296 435/91/283
f 448/90/296 463/106/311 453/102/301
f 433/91/281 451/92/299 439/92/287
f 451/92/299 433/91/281 462/106/310
f 457/101/305 446/94/294 464/105/312
f 446/94/294 457/101/305 447/93/295
f 464/105/312 445/95/293 458/103/306
f 445/95/293 464/105/312 446/94/294
f 456/92/304 320/107/313 463/106/311
f 320/107/313 456/92/304 321/92/314
f 463/106/311 322/108/315 453/102/301
f 322/108/315 463/106/311 320/107/313
f 358/107/316 451/92/299 462/106/310
f 451/92/299 358/107/316 356/92/317
f 353/109/318 460/105/308 452/101/300
f 460/105/308 353/109/318 351/110/319
f 464/105/312 330/111/320 328/110/321
f 330/111/320 464/105/312 458/103/306
f 460/105/308 348/111/322 461/103/309
f 348/111/322 460/105/308 351/110/319
f 326/112/323 453/102/301 322/108/315
f 453/102/301 326/112/323 449/99/297
f 356/92/317 452/101/300 451/92/299
f 452/101/300 356/92/317 353/109/318
f 335/113/324 455/99/303 450/100/298
f 455/99/303 335/113/324 364/112/325
f 364/112/325 454/102/302 455/99/303
f 454/102/302 364/112/325 359/108/326
f 359/108/326 462/106/310 454/102/302
f 462/106/310 359/108/326 358/107/316
f 457/101/305 321/92/314 456/92/304
f 321/92/314 457/101/305 324/109/327
f 458/103/306 337/114/328 330/111/320
f 337/114/328 458/103/306 459/104/307
f 461/103/309 337/114/328 459/104/307
f 337/114/328 461/103/309 348/111/322
f 335/113/324 449/99/297 326/112/323
f 449/99/297 335/113/324 450/100/298
f 464/105/312 324/109/327 457/101/305
f 324/109/327 464/105/312 328/110/321
f 465/115/329 466/116/330 467/117/331
f 466/116/330 465/115/329 468/118/330
f 468/118/330 465/115/329 469/119/330
f 469/119/330 465/115/329 470/120/330
f 470/120/330 465/115/329 471/121/330
f 470/120/330 471/121/330 472/122/330
f 470/120/330 472/122/330 473/34/330
f 473/34/330 472/122/330 474/123/330
f 475/116/332 476/115/333 477/117/334
f 476/115/333 475/116/332 478/118/332
f 476/115/333 478/118/332 479/119/332
f 476/115/333 479/119/332 480/120/332
f 476/115/333 480/120/332 481/121/332
f 481/121/332 480/120/332 482/122/332
f 482/122/332 480/120/332 483/34/332
f 482/122/332 483/34/332 484/123/332
f 476/115/333 467/117/331 477/117/334
f 467/117/331 476/115/333 465/115/329
f 485/124/335 486/125/336 487/126/337
f 488/127/338 489/128/339 490/129/340
f 491/124/341 492/130/342 493/126/343
f 488/127/338 494/131/344 489/128/339
f 491/124/341 493/126/343 495/124/345
f 486/125/336 496/132/346 487/126/337
f 486/125/336 497/133/347 496/132/346
f 498/134/348 496/132/346 499/117/349
f 500/135/350 491/124/341 495/124/345
f 499/117/349 496/132/346 501/136/351
f 502/137/352 491/124/341 500/135/350
f 485/124/335 487/126/337 503/124/353
f 504/137/354 505/124/355 506/124/356
f 507/131/357 508/129/358 509/128/359
f 510/127/360 508/129/358 507/131/357
f 492/130/342 511/134/361 512/132/362
f 501/136/351 497/133/347 513/138/363
f 514/135/364 515/139/365 488/127/338
f 516/126/366 517/132/367 518/130/368
f 516/126/366 519/124/369 520/140/370
f 521/133/371 522/138/372 523/136/373
f 524/127/374 525/131/375 526/139/376
f 527/124/377 528/135/378 519/124/369
f 529/140/379 512/132/362 530/133/380
f 504/137/354 514/135/364 488/127/338
f 488/127/338 515/139/365 494/131/344
f 531/141/381 488/127/338 490/129/340
f 510/127/360 507/131/357 532/139/382
f 533/135/383 485/124/335 503/124/353
f 534/137/384 528/135/378 535/124/385
f 518/130/368 517/132/367 536/134/386
f 508/129/358 537/34/387 538/127/388
f 528/135/378 510/127/360 532/139/382
f 524/127/374 533/135/383 539/137/389
f 540/126/390 541/132/391 542/125/392
f 514/135/364 543/124/393 515/139/365
f 544/130/394 496/132/346 498/134/348
f 528/135/378 532/139/382 519/124/369
f 529/140/379 493/126/343 512/132/362
f 528/135/378 527/124/377 535/124/385
f 535/124/385 527/124/377 516/126/366
f 538/127/388 500/135/350 545/139/395
f 541/132/391 501/136/351 513/138/363
f 504/137/354 506/124/356 514/135/364
f 490/129/340 525/131/375 524/127/374
f 538/127/388 545/139/395 546/131/396
f 541/132/391 513/138/363 547/133/397
f 548/141/398 524/127/374 539/137/389
f 487/126/337 496/132/346 544/130/394
f 506/124/356 543/124/393 514/135/364
f 533/135/383 526/139/376 485/124/335
f 541/132/391 547/133/397 542/125/392
f 540/126/390 542/125/392 543/124/393
f 506/124/356 540/126/390 543/124/393
f 549/34/399 531/141/381 490/129/340
f 531/141/381 504/137/354 488/127/338
f 508/129/358 538/127/388 546/131/396
f 508/129/358 546/131/396 509/128/359
f 527/124/377 519/124/369 516/126/366
f 538/127/388 537/34/387 550/141/400
f 517/132/367 521/133/371 523/136/373
f 490/129/340 489/128/339 525/131/375
f 535/124/385 516/126/366 518/130/368
f 501/136/351 496/132/346 497/133/347
f 524/127/374 526/139/376 533/135/383
f 493/126/343 492/130/342 512/132/362
f 551/130/401 552/134/402 541/132/391
f 523/136/373 553/117/403 536/134/386
f 517/132/367 523/136/373 536/134/386
f 548/141/398 490/129/340 524/127/374
f 551/130/401 541/132/391 540/126/390
f 523/136/373 511/134/361 553/117/403
f 539/137/389 503/124/353 554/124/404
f 510/127/360 555/141/405 537/34/387
f 539/137/389 533/135/383 503/124/353
f 510/127/360 537/34/387 508/129/358
f 554/124/404 487/126/337 544/130/394
f 503/124/353 487/126/337 554/124/404
f 523/136/373 530/133/380 512/132/362
f 523/136/373 522/138/372 530/133/380
f 548/141/398 549/34/399 490/129/340
f 538/127/388 502/137/352 500/135/350
f 550/141/400 502/137/352 538/127/388
f 500/135/350 495/124/345 556/124/406
f 500/135/350 556/124/406 545/139/395
f 555/141/405 510/127/360 534/137/384
f 506/124/356 505/124/355 540/126/390
f 523/136/373 512/132/362 511/134/361
f 505/124/355 551/130/401 540/126/390
f 495/124/345 493/126/343 556/124/406
f 556/124/406 493/126/343 529/140/379
f 517/132/367 520/140/370 521/133/371
f 516/126/366 520/140/370 517/132/367
f 528/135/378 534/137/384 510/127/360
f 499/117/349 501/136/351 541/132/391
f 499/117/349 541/132/391 552/134/402
f 536/134/386 557/117/407 558/134/408
f 557/117/407 536/134/386 553/117/403
f 529/140/379 545/139/395 556/124/406
f 545/139/395 529/140/379 546/131/396
f 546/131/396 529/140/379 530/133/380
f 546/131/396 530/133/380 509/128/359
f 509/128/359 530/133/380 522/138/372
f 509/128/359 522/138/372 507/131/357
f 507/131/357 522/138/372 521/133/371
f 507/131/357 521/133/371 532/139/382
f 532/139/382 521/133/371 520/140/370
f 532/139/382 520/140/370 519/124/369
f 559/124/28 534/137/384 535/124/385
f 534/137/384 559/124/28 560/137/409
f 537/34/387 561/141/410 562/34/411
f 561/141/410 537/34/387 555/141/405
f 491/124/341 563/130/412 492/130/342
f 563/130/412 491/124/341 564/124/27
f 502/137/352 564/124/27 491/124/341
f 564/124/27 502/137/352 565/137/413
f 526/139/376 486/125/336 485/124/335
f 486/125/336 526/139/376 497/133/347
f 497/133/347 526/139/376 525/131/375
f 497/133/347 525/131/375 513/138/363
f 513/138/363 525/131/375 489/128/339
f 513/138/363 489/128/339 547/133/397
f 547/133/397 489/128/339 494/131/344
f 547/133/397 494/131/344 542/125/392
f 542/125/392 494/131/344 515/139/365
f 542/125/392 515/139/365 543/124/393
f 550/141/400 565/137/413 502/137/352
f 565/137/413 550/141/400 566/141/414
f 567/130/415 535/124/385 518/130/368
f 535/124/385 567/130/415 559/124/28
f 560/137/409 555/141/405 534/137/384
f 555/141/405 560/137/409 561/141/410
f 553/117/403 568/134/416 557/117/407
f 568/134/416 553/117/403 511/134/361
f 492/130/342 568/134/416 511/134/361
f 568/134/416 492/130/342 563/130/412
f 566/141/414 537/34/387 562/34/411
f 537/34/387 566/141/414 550/141/400
f 558/134/408 518/130/368 536/134/386
f 518/130/368 558/134/408 567/130/415
f 549/34/399 561/141/410 531/141/381
f 561/141/410 549/34/399 562/34/411
f 548/141/398 562/34/411 549/34/399
f 562/34/411 548/141/398 566/141/414
f 558/134/408 499/117/349 552/134/402
f 499/117/349 558/134/408 557/117/407
f 564/124/27 544/130/394 563/130/412
f 544/130/394 564/124/27 554/124/404
f 552/134/402 567/130/415 558/134/408
f 567/130/415 552/134/402 551/130/401
f 565/137/413 554/124/404 564/124/27
f 554/124/404 565/137/413 539/137/389
f 563/130/412 498/134/348 568/134/416
f 498/134/348 563/130/412 544/130/394
f 504/137/354 561/141/410 560/137/409
f 561/141/410 504/137/354 531/141/381
f 557/117/407 498/134/348 499/117/349
f 498/134/348 557/117/407 568/134/416
f 551/130/401 559/124/28 567/130/415
f 559/124/28 551/130/401 505/124/355
f 566/141/414 539/137/389 565/137/413
f 539/137/389 566/141/414 548/141/398
f 505/124/355 560/137/409 559/124/28
f 560/137/409 505/124/355 504/137/354
f 569/142/417 570/143/418 571/144/419
f 570/143/418 569/142/417 572/145/420
f 573/146/421 574/147/422 575/148/423
f 574/147/422 573/146/421 576/149/424
f 577/150/425 578/151/426 579/152/427
f 578/151/426 577/150/425 580/153/428
f 570/143/418 581/154/429 571/144/419
f 581/154/429 570/143/418 582/155/430
f 583/156/431 584/157/432 585/158/433
f 584/157/432 583/156/431 586/159/434
f 586/159/434 583/156/431 587/160/435
f 586/159/434 587/160/435 588/161/436
f 588/161/436 587/160/435 589/162/437
f 588/161/436 589/162/437 590/163/438
f 590/163/438 589/162/437 591/164/439
f 590/163/438 591/164/439 592/165/440
f 592/165/440 591/164/439 593/166/441
f 592/165/440 593/166/441 594/167/442
f 585/158/433 595/168/443 596/169/444
f 595/168/443 585/158/433 584/157/432
f 597/18/445 595/168/443 598/170/446
f 595/168/443 597/18/445 596/169/444
f 599/171/447 594/167/442 593/166/441
f 594/167/442 599/171/447 600/172/448
f 580/153/428 601/173/449 578/151/426
f 601/173/449 580/153/428 602/174/450
f 603/175/451 576/149/424 573/146/421
f 576/149/424 603/175/451 604/176/452
f 586/159/434 575/148/423 605/177/453
f 575/148/423 586/159/434 588/161/436
f 592/165/440 573/146/421 590/163/438
f 573/146/421 592/165/440 603/175/451
f 606/178/454 607/179/455 608/180/456
f 607/179/455 606/178/454 609/181/457
f 594/167/442 603/175/451 592/165/440
f 603/175/451 594/167/442 600/172/448
f 603/175/451 610/22/458 604/176/452
f 610/22/458 603/175/451 600/172/448
f 601/173/449 591/164/439 589/162/437
f 591/164/439 601/173/449 611/182/459
f 575/148/423 612/183/460 605/177/453
f 612/183/460 575/148/423 574/147/422
f 601/173/449 587/160/435 578/151/426
f 587/160/435 601/173/449 589/162/437
f 572/145/420 582/155/430 570/143/418
f 582/155/430 572/145/420 613/184/461
f 582/155/430 613/184/461 614/185/462
f 614/185/462 613/184/461 615/186/463
f 614/185/462 615/186/463 616/187/464
f 616/187/464 615/186/463 617/188/465
f 616/187/464 617/188/465 618/189/466
f 618/189/466 617/188/465 619/190/467
f 618/189/466 619/190/467 608/180/456
f 608/180/456 619/190/467 606/178/454
f 598/170/446 605/177/453 612/183/460
f 605/177/453 598/170/446 595/168/443
f 588/161/436 573/146/421 575/148/423
f 573/146/421 588/161/436 590/163/438
f 611/182/459 620/191/468 599/171/447
f 620/191/468 611/182/459 621/192/469
f 622/193/470 572/145/420 569/142/417
f 572/145/420 622/193/470 613/184/461
f 582/155/430 623/194/471 581/154/429
f 623/194/471 582/155/430 614/185/462
f 624/195/472 615/186/463 625/196/473
f 615/186/463 624/195/472 617/188/465
f 584/157/432 605/177/453 595/168/443
f 605/177/453 584/157/432 586/159/434
f 579/152/427 585/158/433 596/169/444
f 585/158/433 579/152/427 583/156/431
f 625/196/473 613/184/461 622/193/470
f 613/184/461 625/196/473 615/186/463
f 624/195/472 619/190/467 617/188/465
f 619/190/467 624/195/472 626/197/474
f 626/197/474 606/178/454 619/190/467
f 606/178/454 626/197/474 609/181/457
f 614/185/462 627/198/475 623/194/471
f 627/198/475 614/185/462 616/187/464
f 618/189/466 627/198/475 616/187/464
f 627/198/475 618/189/466 628/199/476
f 608/180/456 628/199/476 618/189/466
f 628/199/476 608/180/456 607/179/455
f 597/18/445 579/152/427 596/169/444
f 579/152/427 597/18/445 577/150/425
f 600/172/448 620/191/468 610/22/458
f 620/191/468 600/172/448 599/171/447
f 627/198/475 621/192/469 602/174/450
f 621/192/469 627/198/475 628/199/476
f 576/149/424 625/196/473 574/147/422
f 625/196/473 576/149/424 624/195/472
f 569/142/417 597/18/445 598/170/446
f 597/18/445 569/142/417 571/144/419
f 574/147/422 622/193/470 612/183/460
f 622/193/470 574/147/422 625/196/473
f 604/176/452 624/195/472 576/149/424
f 624/195/472 604/176/452 626/197/474
f 620/191/468 609/181/457 610/22/458
f 609/181/457 620/191/468 607/179/455
f 622/193/470 598/170/446 612/183/460
f 598/170/446 622/193/470 569/142/417
f 602/174/450 611/182/459 601/173/449
f 611/182/459 602/174/450 621/192/469
f 623/194/471 602/174/450 580/153/428
f 602/174/450 623/194/471 627/198/475
f 581/154/429 597/18/445 571/144/419
f 597/18/445 581/154/429 577/150/425
f 578/151/426 583/156/431 579/152/427
f 583/156/431 578/151/426 587/160/435
f 610/22/458 626/197/474 604/176/452
f 626/197/474 610/22/458 609/181/457
f 611/182/459 593/166/441 591/164/439
f 593/166/441 611/182/459 599/171/447
f 620/191/468 628/199/476 607/179/455
f 628/199/476 620/191/468 621/192/469
f 581/154/429 580/153/428 577/150/425
f 580/153/428 581/154/429 623/194/471
f 629/200/477 630/201/478 631/201/479
f 630/201/478 629/200/477 632/200/480
f 633/22/481 634/202/482 635/22/483
f 634/202/482 633/22/481 636/202/484
f 637/22/485 638/202/486 639/202/487
f 638/202/486 637/22/485 640/22/488
f 639/202/487 632/200/480 629/200/477
f 632/200/480 639/202/487 638/202/486
f 641/22/489 642/22/490 643/22/491
f 642/22/490 641/22/489 644/22/492
f 642/22/490 644/22/492 637/22/485
f 637/22/485 644/22/492 645/22/493
f 637/22/485 645/22/493 640/22/488
f 640/22/488 645/22/493 646/22/494
f 640/22/488 646/22/494 635/22/483
f 635/22/483 646/22/494 647/22/495
f 635/22/483 647/22/495 633/22/481
f 633/22/481 647/22/495 648/22/496
f 649/200/497 650/201/498 651/200/499
f 650/201/498 649/200/497 652/201/500
f 631/201/479 653/18/501 654/18/502
f 653/18/501 631/201/479 630/201/478
f 655/201/503 656/200/504 657/200/505
f 656/200/504 655/201/503 658/201/506
f 638/202/486 659/200/507 632/200/480
f 659/200/507 638/202/486 634/202/482
f 660/18/508 661/201/509 658/201/506
f 661/201/509 660/18/508 662/18/510
f 660/18/508 655/201/503 663/18/511
f 655/201/503 660/18/508 658/201/506
f 664/201/512 665/18/513 666/18/514
f 665/18/513 664/201/512 667/201/515
f 652/201/500 668/18/516 650/201/498
f 668/18/516 652/201/500 669/18/517
f 670/202/518 646/22/494 645/22/493
f 646/22/494 670/202/518 671/202/519
f 672/18/520 673/201/521 674/18/522
f 673/201/521 672/18/520 675/201/523
f 665/18/513 661/201/509 662/18/510
f 661/201/509 665/18/513 667/201/515
f 655/201/503 676/200/524 675/201/523
f 676/200/524 655/201/503 657/200/505
f 632/200/480 664/201/512 630/201/478
f 664/201/512 632/200/480 659/200/507
f 677/200/525 652/201/500 649/200/497
f 652/201/500 677/200/525 678/201/526
f 630/201/478 666/18/514 653/18/501
f 666/18/514 630/201/478 664/201/512
f 639/202/487 677/200/525 679/202/527
f 677/200/525 639/202/487 629/200/477
f 680/200/528 681/202/529 656/200/504
f 681/202/529 680/200/528 682/202/530
f 680/200/528 636/202/484 682/202/530
f 636/202/484 680/200/528 683/200/531
f 635/22/483 638/202/486 640/22/488
f 638/202/486 635/22/483 634/202/482
f 678/201/526 669/18/517 652/201/500
f 669/18/517 678/201/526 684/18/532
f 685/202/533 651/200/499 686/200/534
f 651/200/499 685/202/533 687/202/535
f 631/201/479 684/18/532 678/201/526
f 684/18/532 631/201/479 654/18/502
f 676/200/524 685/202/533 686/200/534
f 685/202/533 676/200/524 670/202/518
f 671/202/519 647/22/495 646/22/494
f 647/22/495 671/202/519 681/202/529
f 664/201/512 683/200/531 667/201/515
f 683/200/531 664/201/512 659/200/507
f 642/22/490 639/202/487 679/202/527
f 639/202/487 642/22/490 637/22/485
f 670/202/518 644/22/492 685/202/533
f 644/22/492 670/202/518 645/22/493
f 687/202/535 649/200/497 651/200/499
f 649/200/497 687/202/535 688/202/536
f 643/22/491 679/202/527 688/202/536
f 679/202/527 643/22/491 642/22/490
f 656/200/504 671/202/519 657/200/505
f 671/202/519 656/200/504 681/202/529
f 663/18/511 675/201/523 672/18/520
f 675/201/523 663/18/511 655/201/503
f 687/202/535 643/22/491 688/202/536
f 643/22/491 687/202/535 641/22/489
f 685/202/533 641/22/489 687/202/535
f 641/22/489 685/202/533 644/22/492
f 673/201/521 651/200/499 650/201/498
f 651/200/499 673/201/521 686/200/534
f 658/201/506 680/200/528 656/200/504
f 680/200/528 658/201/506 661/201/509
f 667/201/515 680/200/528 661/201/509
f 680/200/528 667/201/515 683/200/531
f 648/22/496 636/202/484 633/22/481
f 636/202/484 648/22/496 682/202/530
f 668/18/516 673/201/521 650/201/498
f 673/201/521 668/18/516 674/18/522
f 634/202/482 683/200/531 659/200/507
f 683/200/531 634/202/482 636/202/484
f 684/18/532 668/18/516 669/18/517
f 668/18/516 684/18/532 654/18/502
f 668/18/516 654/18/502 674/18/522
f 674/18/522 654/18/502 653/18/501
f 674/18/522 653/18/501 672/18/520
f 672/18/520 653/18/501 666/18/514
f 672/18/520 666/18/514 663/18/511
f 663/18/511 666/18/514 665/18/513
f 663/18/511 665/18/513 660/18/508
f 660/18/508 665/18/513 662/18/510
f 681/202/529 648/22/496 647/22/495
f 648/22/496 681/202/529 682/202/530
f 657/200/505 670/202/518 676/200/524
f 670/202/518 657/200/505 671/202/519
f 679/202/527 649/200/497 688/202/536
f 649/200/497 679/202/527 677/200/525
f 677/200/525 631/201/479 678/201/526
f 631/201/479 677/200/525 629/200/477
f 675/201/523 686/200/534 673/201/521
f 686/200/534 675/201/523 676/200/524
f 689/200/537 690/201/538 691/200/539
f 692/201/540 691/200/539 690/201/538
f 693/200/541 694/200/542 695/201/543
f 696/201/544 695/201/543 694/200/542
f 694/200/542 697/202/545 698/200/546
f 699/202/547 698/200/546 697/202/545
f 700/202/548 701/200/549 702/202/550
f 689/200/537 702/202/550 701/200/549
f 703/202/551 704/202/552 705/22/553
f 706/22/554 705/22/553 704/202/552
f 707/18/555 708/18/556 709/18/557
f 709/18/557 708/18/556 710/18/558
f 708/18/556 711/18/559 710/18/558
f 710/18/558 711/18/559 712/18/560
f 711/18/559 713/18/561 712/18/560
f 712/18/560 713/18/561 714/18/562
f 713/18/561 715/18/563 714/18/562
f 714/18/562 715/18/563 716/18/564
f 715/18/563 717/18/565 716/18/564
f 718/18/566 716/18/564 717/18/565
f 719/202/567 720/202/568 721/200/569
f 722/200/570 721/200/569 720/202/568
f 714/18/562 716/18/564 692/201/540
f 723/201/571 692/201/540 716/18/564
f 703/202/551 705/22/553 719/202/567
f 724/22/572 719/202/567 705/22/553
f 721/200/569 725/201/573 726/200/574
f 727/201/575 726/200/574 725/201/573
f 727/201/575 728/201/576 726/200/574
f 729/200/577 726/200/574 728/201/576
f 691/200/539 692/201/540 730/200/578
f 723/201/571 730/200/578 692/201/540
f 731/22/579 732/202/580 733/22/581
f 734/202/582 733/22/581 732/202/580
f 733/22/581 734/202/582 735/22/583
f 699/202/547 735/22/583 734/202/582
f 736/201/584 710/18/558 690/201/538
f 712/18/560 690/201/538 710/18/558
f 704/202/552 729/200/577 700/202/548
f 701/200/549 700/202/548 729/200/577
f 737/22/585 735/22/583 697/202/545
f 699/202/547 697/202/545 735/22/583
f 699/202/547 734/202/582 698/200/546
f 730/200/578 698/200/546 734/202/582
f 738/22/586 702/202/550 731/22/579
f 732/202/580 731/22/579 702/202/550
f 739/22/587 737/22/585 740/202/588
f 697/202/545 740/202/588 737/22/585
f 722/200/570 741/201/589 721/200/569
f 725/201/573 721/200/569 741/201/589
f 704/202/552 700/202/548 706/22/554
f 742/22/590 706/22/554 700/202/548
f 702/202/550 689/200/537 732/202/580
f 691/200/539 732/202/580 689/200/537
f 715/18/563 695/201/543 717/18/565
f 696/201/544 717/18/565 695/201/543
f 734/202/582 732/202/580 730/200/578
f 691/200/539 730/200/578 732/202/580
f 717/18/565 696/201/544 718/18/566
f 743/201/591 718/18/566 696/201/544
f 720/202/568 744/22/592 745/202/593
f 746/22/594 745/202/593 744/22/592
f 721/200/569 726/200/574 719/202/567
f 703/202/551 719/202/567 726/200/574
f 703/202/551 726/200/574 704/202/552
f 729/200/577 704/202/552 726/200/574
f 693/200/541 740/202/588 694/200/542
f 697/202/545 694/200/542 740/202/588
f 741/201/589 747/201/595 711/18/559
f 713/18/561 711/18/559 747/201/595
f 696/201/544 694/200/542 743/201/591
f 698/200/546 743/201/591 694/200/542
f 722/200/570 748/200/596 741/201/589
f 747/201/595 741/201/589 748/200/596
f 701/200/549 736/201/584 689/200/537
f 690/201/538 689/200/537 736/201/584
f 725/201/573 708/18/556 727/201/575
f 707/18/555 727/201/575 708/18/556
f 690/201/538 712/18/560 692/201/540
f 714/18/562 692/201/540 712/18/560
f 700/202/548 702/202/550 742/22/590
f 738/22/586 742/22/590 702/202/550
f 718/18/566 743/201/591 716/18/564
f 723/201/571 716/18/564 743/201/591
f 725/201/573 741/201/589 708/18/556
f 711/18/559 708/18/556 741/201/589
f 728/201/576 709/18/557 736/201/584
f 710/18/558 736/201/584 709/18/557
f 707/18/555 709/18/557 727/201/575
f 728/201/576 727/201/575 709/18/557
f 720/202/568 745/202/593 722/200/570
f 748/200/596 722/200/570 745/202/593
f 728/201/576 736/201/584 729/200/577
f 701/200/549 729/200/577 736/201/584
f 747/201/595 695/201/543 713/18/561
f 715/18/563 713/18/561 695/201/543
f 743/201/591 698/200/546 723/201/571
f 730/200/578 723/201/571 698/200/546
f 705/22/553 706/22/554 724/22/572
f 724/22/572 706/22/554 744/22/592
f 706/22/554 742/22/590 744/22/592
f 744/22/592 742/22/590 746/22/594
f 742/22/590 738/22/586 746/22/594
f 746/22/594 738/22/586 739/22/587
f 738/22/586 731/22/579 739/22/587
f 739/22/587 731/22/579 737/22/585
f 731/22/579 733/22/581 737/22/585
f 735/22/583 737/22/585 733/22/581
f 745/202/593 740/202/588 748/200/596
f 693/200/541 748/200/596 740/202/588
f 746/22/594 739/22/587 745/202/593
f 740/202/588 745/202/593 739/22/587
f 719/202/567 724/22/572 720/202/568
f 744/22/592 720/202/568 724/22/572
f 748/200/596 693/200/541 747/201/595
f 695/201/543 747/201/595 693/200/541
