# Generated by GTAClone/tools/split_car_wheels.py from kart-oodi.obj
# Kenney Car Kit (CC0 1.0); the split is a derivative work, also CC0.
mtllib colormap.mtl
v -0.298350 0.316452 0.094764
v -0.298350 0.135190 0.094764
v -0.298350 0.346504 0.082316
v -0.298350 0.358952 0.052264
v -0.298350 0.358952 -0.089139
v -0.298350 0.346504 -0.119191
v -0.298350 0.316452 -0.131638
v -0.298350 0.135190 -0.131638
v -0.366038 0.346504 -0.119191
v -0.349382 0.316452 -0.131638
v -0.453724 0.206207 -0.119191
v -0.423672 0.197589 -0.131638
v -0.466172 0.209777 -0.089139
v -0.466172 0.135190 -0.089139
v -0.453724 0.135190 -0.119191
v -0.372937 0.358952 -0.089139
v -0.423672 0.135190 -0.131638
v -0.372937 0.358952 0.052264
v -0.423672 0.135190 0.094764
v -0.453724 0.135190 0.082316
v -0.466172 0.135190 0.052264
v -0.423672 0.197589 0.094764
v -0.453724 0.206207 0.082316
v -0.366038 0.346504 0.082316
v -0.349382 0.316452 0.094764
v -0.466172 0.209777 0.052264
v 0.466172 0.209777 0.615557
v 0.466172 0.135190 0.589483
v 0.466172 0.209777 0.589483
v 0.466172 0.135190 0.615557
v -0.453724 0.135190 0.559431
v -0.466172 0.135190 0.615557
v -0.466172 0.135190 0.589483
v -0.423672 0.135190 0.546983
v -0.298350 0.135190 0.546983
v -0.298350 0.135190 0.615557
v -0.298350 0.135190 0.783378
v 0.298350 0.135190 0.615557
v 0.298350 0.135190 0.783378
v 0.298350 0.135190 0.546983
v 0.423672 0.135190 0.546983
v 0.453724 0.135190 0.559431
v 0.298350 0.316452 0.546983
v 0.423672 0.197589 0.546983
v 0.349382 0.316452 0.546983
v 0.372937 0.358952 0.615557
v 0.372937 0.358952 0.589483
v 0.298350 0.209777 0.783378
v -0.298350 0.209777 0.783378
v -0.298350 0.358952 0.615557
v 0.298350 0.358952 0.615557
v 0.298350 0.358952 0.690144
v -0.298350 0.358952 0.690144
v -0.423672 0.197589 0.546983
v -0.298350 0.316452 0.546983
v -0.349382 0.316452 0.546983
v -0.466172 0.209777 0.615557
v -0.372937 0.358952 0.615557
v -0.372937 0.358952 0.589483
v -0.298350 0.358952 0.589483
v 0.298350 0.358952 0.589483
v 0.453724 0.206207 0.559431
v 0.366038 0.346504 0.559431
v 0.298350 0.346504 0.559431
v -0.466172 0.209777 0.589483
v -0.298350 0.346504 0.559431
v -0.366038 0.346504 0.559431
v -0.453724 0.206207 0.559431
v -0.149175 0.260695 -0.270830
v 0.149175 0.194691 -0.517157
v 0.149175 0.260695 -0.270830
v -0.149175 0.194691 -0.517157
v -0.149175 0.199426 -0.547584
v -0.149175 0.299637 -0.566627
v -0.149175 0.226716 -0.561848
v -0.149175 0.409870 -0.529208
v -0.149175 0.497392 -0.452454
v -0.149175 0.529713 -0.386912
v -0.149175 0.531006 -0.356146
v -0.149175 0.507023 -0.336833
v 0.149175 0.299637 -0.566627
v 0.149175 0.199426 -0.547584
v 0.149175 0.226716 -0.561848
v 0.149175 0.409870 -0.529208
v 0.149175 0.497392 -0.452454
v 0.149175 0.529713 -0.386912
v 0.149175 0.531006 -0.356146
v 0.149175 0.507023 -0.336833
v 0.423672 0.197589 0.094764
v 0.298350 0.135190 0.094764
v 0.423672 0.135190 0.094764
v 0.298350 0.316452 0.094764
v 0.349382 0.316452 0.094764
v 0.298350 0.316452 -0.131638
v 0.423672 0.135190 -0.131638
v 0.298350 0.135190 -0.131638
v 0.423672 0.197589 -0.131638
v 0.349382 0.316452 -0.131638
v 0.466172 0.209777 0.052264
v 0.466172 0.135190 -0.089139
v 0.466172 0.209777 -0.089139
v 0.466172 0.135190 0.052264
v 0.372937 0.358952 -0.089139
v 0.372937 0.358952 0.052264
v 0.298350 0.358952 0.052264
v 0.366038 0.346504 0.082316
v 0.298350 0.346504 0.082316
v 0.453724 0.206207 0.082316
v 0.453724 0.135190 0.082316
v 0.453724 0.135190 -0.119191
v 0.298350 0.358952 -0.089139
v 0.366038 0.346504 -0.119191
v 0.298350 0.346504 -0.119191
v 0.453724 0.206207 -0.119191
v 0.320395 0.551600 -0.480322
v 0.271545 0.326681 -0.322978
v 0.292092 0.503283 -0.528638
v 0.291338 0.360469 -0.289191
v 0.175980 0.326681 -0.322978
v 0.127130 0.551600 -0.480322
v 0.155433 0.503283 -0.528638
v 0.156188 0.360469 -0.289191
v 0.271545 0.394256 -0.255403
v 0.223763 0.619929 -0.411992
v 0.223763 0.408251 -0.241408
v 0.292092 0.599916 -0.432006
v 0.175980 0.394256 -0.255403
v 0.155433 0.599916 -0.432006
v 0.223763 0.312686 -0.336974
v 0.223763 0.483270 -0.548651
v 0.262230 0.360469 -0.289191
v 0.250963 0.379702 -0.269957
v 0.250963 0.341235 -0.308424
v 0.223763 0.387669 -0.261991
v 0.223763 0.333268 -0.316391
v 0.196562 0.341235 -0.308424
v 0.196562 0.379702 -0.269957
v 0.185295 0.360469 -0.289191
v 0.245523 0.214989 -0.112937
v 0.245523 0.184215 -0.143711
v 0.254536 0.199602 -0.128324
v 0.223763 0.177842 -0.150084
v 0.223763 0.221362 -0.106564
v 0.202002 0.214989 -0.112937
v 0.202002 0.184215 -0.143711
v 0.192989 0.199602 -0.128324
v -0.127130 0.551600 -0.480322
v -0.175980 0.326681 -0.322978
v -0.155433 0.503283 -0.528638
v -0.156188 0.360469 -0.289191
v -0.271545 0.326681 -0.322978
v -0.320395 0.551600 -0.480322
v -0.292092 0.503283 -0.528638
v -0.291338 0.360469 -0.289191
v -0.155433 0.599916 -0.432006
v -0.223763 0.408251 -0.241408
v -0.175980 0.394256 -0.255403
v -0.223763 0.619929 -0.411992
v -0.292092 0.599916 -0.432006
v -0.271545 0.394256 -0.255403
v -0.223763 0.312686 -0.336974
v -0.223763 0.483270 -0.548651
v -0.202002 0.214989 -0.112937
v -0.202002 0.184215 -0.143711
v -0.192989 0.199602 -0.128324
v -0.223763 0.221362 -0.106564
v -0.223763 0.177842 -0.150084
v -0.245523 0.214989 -0.112937
v -0.245523 0.184215 -0.143711
v -0.254536 0.199602 -0.128324
v -0.185295 0.360469 -0.289191
v -0.196562 0.379702 -0.269957
v -0.196562 0.341235 -0.308424
v -0.223763 0.387669 -0.261991
v -0.223763 0.333268 -0.316391
v -0.250963 0.341235 -0.308424
v -0.250963 0.379702 -0.269957
v -0.262230 0.360469 -0.289191
v -0.277372 0.172484 -0.323313
v -0.277372 0.247071 -0.397901
v -0.277372 0.172484 -0.397901
v -0.277372 0.247071 -0.323313
v 0.277372 0.172484 -0.397901
v 0.277372 0.247071 -0.397901
v 0.277372 0.247071 -0.323313
v 0.277372 0.172484 -0.323313
v -0.277372 0.172484 0.361027
v -0.277372 0.247071 0.286439
v -0.277372 0.172484 0.286439
v -0.277372 0.247071 0.361027
v 0.277372 0.172484 0.286439
v 0.277372 0.247071 0.286439
v 0.277372 0.247071 0.361027
v 0.277372 0.172484 0.361027
v 0.223763 0.209777 0.615557
v 0.149175 0.209777 -0.174139
v 0.223763 0.209777 -0.174139
v 0.149175 0.209777 0.615557
v 0.149175 0.284365 -0.174139
v 0.149175 0.284365 0.615557
v 0.223763 0.284365 0.615557
v 0.223763 0.284365 -0.174139
v -0.298350 0.172484 0.094764
v -0.298350 0.247071 -0.216639
v -0.298350 0.172484 -0.216639
v -0.298350 0.247071 0.094764
v 0.298350 0.172484 -0.216639
v 0.298350 0.247071 -0.216639
v 0.255850 0.247071 0.137264
v -0.255850 0.172484 0.137264
v 0.255850 0.172484 0.137264
v -0.255850 0.247071 0.137264
v 0.298350 0.247071 0.094764
v 0.298350 0.172484 0.094764
v 0.285902 0.247071 0.124816
v 0.285902 0.172484 0.124816
v -0.285902 0.172484 0.124816
v -0.285902 0.247071 0.124816
v -0.223763 0.284365 -0.174139
v -0.149175 0.209777 -0.174139
v -0.223763 0.209777 -0.174139
v -0.149175 0.284365 -0.174139
v -0.149175 0.284365 0.615557
v -0.223763 0.209777 0.615557
v -0.149175 0.209777 0.615557
v -0.223763 0.284365 0.615557
v 0.298350 0.154914 0.825878
v 0.213350 0.081302 0.783378
v 0.298350 0.081302 0.783378
v 0.213350 0.154914 0.825878
v 0.213350 0.177690 0.740878
v 0.298350 0.123802 0.709766
v 0.213350 0.123802 0.709766
v 0.298350 0.177690 0.740878
v 0.213350 0.217139 0.740878
v 0.213350 0.313526 0.783378
v 0.213350 0.271026 0.709766
v 0.213350 0.239914 0.825878
v 0.298350 0.313526 0.783378
v 0.298350 0.271026 0.709766
v 0.298350 0.239914 0.825878
v 0.298350 0.217139 0.740878
v -0.213350 0.154914 0.825878
v -0.298350 0.081302 0.783378
v -0.213350 0.081302 0.783378
v -0.298350 0.154914 0.825878
v -0.298350 0.177690 0.740878
v -0.213350 0.123802 0.709766
v -0.298350 0.123802 0.709766
v -0.213350 0.177690 0.740878
v -0.298350 0.217139 0.740878
v -0.298350 0.313526 0.783378
v -0.298350 0.271026 0.709766
v -0.298350 0.239914 0.825878
v -0.213350 0.313526 0.783378
v -0.213350 0.271026 0.709766
v -0.213350 0.239914 0.825878
v -0.213350 0.217139 0.740878
v -0.223763 0.284365 0.576882
v 0.223763 0.284365 -0.318168
v 0.223763 0.284365 0.576882
v -0.223763 0.284365 -0.318168
v -0.223763 0.433540 -0.318168
v -0.223763 0.392664 0.308170
v -0.223763 0.458964 0.352370
v -0.223763 0.287917 0.580433
v -0.149175 0.358952 -0.318168
v -0.149175 0.433540 -0.318168
v 0.149175 0.358952 -0.318168
v 0.223763 0.433540 -0.318168
v 0.149175 0.433540 -0.318168
v 0.149175 0.318077 0.258445
v -0.149175 0.318077 0.258445
v 0.223763 0.392664 0.308170
v 0.149175 0.392664 0.308170
v -0.149175 0.392664 0.308170
v 0.223763 0.458964 0.352370
v 0.223763 0.287917 0.580433
v -0.194634 0.517566 0.391437
v -0.194634 0.338146 0.630663
v -0.124313 0.358952 0.651469
v -0.124313 0.541839 0.407620
v 0.194634 0.517566 0.391437
v 0.194634 0.338146 0.630663
v 0.124313 0.541839 0.407620
v 0.124313 0.358952 0.651469
v 0.273643 0.588003 -0.587267
v 0.273643 0.658544 -0.516725
v 0.294304 0.623274 -0.551996
v 0.223763 0.573393 -0.601876
v 0.223763 0.673154 -0.502116
v 0.173882 0.588003 -0.587267
v 0.173882 0.658544 -0.516725
v 0.153221 0.623274 -0.551996
v -0.173882 0.588003 -0.587267
v -0.173882 0.658544 -0.516725
v -0.153221 0.623274 -0.551996
v -0.223763 0.573393 -0.601876
v -0.223763 0.673154 -0.502116
v -0.273643 0.588003 -0.587267
v -0.273643 0.658544 -0.516725
v -0.294304 0.623274 -0.551996
v 0.155433 0.647698 -0.479788
v 0.127130 0.599382 -0.528104
v 0.155433 0.551066 -0.576421
v 0.223763 0.667712 -0.459775
v 0.292092 0.551066 -0.576421
v 0.223763 0.531053 -0.596434
v 0.292092 0.647698 -0.479788
v 0.320395 0.599382 -0.528104
v -0.292092 0.647698 -0.479788
v -0.320395 0.599382 -0.528104
v -0.292092 0.551066 -0.576421
v -0.223763 0.667712 -0.459775
v -0.155433 0.551066 -0.576421
v -0.223763 0.531053 -0.596434
v -0.155433 0.647698 -0.479788
v -0.127130 0.599382 -0.528104
v -0.093478 0.839611 0.240348
v -0.068431 0.882992 0.212196
v -0.093478 0.839611 0.212196
v -0.093478 0.789517 0.212196
v -0.068431 0.882992 0.240348
v -0.071044 0.833599 0.269380
v -0.025050 0.908039 0.212196
v -0.093478 0.789517 0.240348
v -0.068431 0.746135 0.240348
v -0.068431 0.746135 0.212196
v -0.025050 0.721089 0.212196
v -0.025050 0.721089 0.240348
v 0.025044 0.721089 0.212196
v -0.052009 0.762558 0.269380
v -0.071044 0.795529 0.269380
v 0.025044 0.721089 0.240348
v 0.068426 0.746135 0.212196
v 0.068426 0.746135 0.240348
v 0.093472 0.789517 0.212196
v 0.019032 0.743523 0.269380
v 0.052003 0.762558 0.269380
v 0.093472 0.789517 0.240348
v -0.019038 0.743523 0.269380
v -0.009521 0.779043 0.283896
v -0.026006 0.788561 0.283896
v 0.009515 0.779043 0.283896
v -0.035523 0.805046 0.283896
v 0.026000 0.788561 0.283896
v 0.071038 0.795529 0.269380
v 0.071038 0.833599 0.269380
v 0.035518 0.805046 0.283896
v -0.035523 0.824082 0.283896
v 0.035518 0.824082 0.283896
v -0.026006 0.840567 0.283896
v 0.093472 0.839611 0.240348
v 0.093472 0.839611 0.212196
v 0.068426 0.882992 0.212196
v 0.068426 0.882992 0.240348
v 0.025044 0.908039 0.212196
v 0.026000 0.840567 0.283896
v 0.025044 0.908039 0.240348
v 0.052003 0.866570 0.269380
v -0.025050 0.908039 0.240348
v 0.009515 0.850085 0.283896
v 0.019032 0.885605 0.269380
v -0.052009 0.866570 0.269380
v -0.019038 0.885605 0.269380
v -0.009521 0.850085 0.283896
v 0.367937 1.065641 0.192109
v 0.326765 1.033206 0.194032
v 0.353688 0.903871 0.216605
v 0.250095 1.142851 0.174896
v 0.398252 0.915506 0.218312
v 0.326765 0.774535 0.239177
v 0.281607 1.192920 0.169895
v 0.135351 1.216113 0.162110
v 0.367937 0.765371 0.244514
v 0.250095 0.664890 0.258314
v 0.281607 0.638093 0.266728
v 0.135351 0.591628 0.271100
v 0.408970 0.726180 0.118814
v 0.442666 0.893058 0.089689
v 0.408970 1.059936 0.060564
v 0.152404 1.277964 0.155053
v 0.000000 1.241839 0.157620
v 0.152404 0.553048 0.281571
v 0.000000 0.565902 0.275590
v 0.408970 0.697461 -0.045734
v 0.313012 0.584707 0.143505
v 0.442666 0.864340 -0.074859
v 0.169401 0.490178 0.160003
v 0.313012 1.201409 0.035873
v 0.169401 1.295938 0.019375
v 0.408970 1.031218 -0.103984
v 0.000000 0.523185 0.286783
v 0.000000 0.456984 0.165796
v -0.152404 0.553048 0.281571
v -0.135351 0.591628 0.271100
v -0.169401 0.490178 0.160003
v -0.281607 0.638093 0.266728
v -0.250095 0.664890 0.258314
v -0.367937 0.765371 0.244514
v -0.326765 0.774535 0.239177
v -0.313012 0.584707 0.143505
v -0.398252 0.915506 0.218312
v -0.353688 0.903871 0.216605
v -0.367937 1.065641 0.192109
v -0.326765 1.033206 0.194032
v -0.250095 1.142851 0.174896
v -0.408970 0.726180 0.118814
v -0.313012 0.555989 -0.021043
v -0.442666 0.893058 0.089689
v -0.281607 1.192920 0.169895
v -0.135351 1.216113 0.162110
v -0.169401 0.461460 -0.004546
v -0.408970 0.697461 -0.045734
v -0.152404 1.277964 0.155053
v 0.000000 1.307828 0.149840
v -0.169401 1.295938 0.019375
v 0.000000 1.329132 0.013582
v 0.000000 0.428266 0.001248
v -0.313012 1.201409 0.035873
v -0.408970 1.059936 0.060564
v -0.313012 1.172691 -0.128675
v -0.169401 1.267220 -0.145173
v 0.000000 1.300414 -0.150967
v -0.442666 0.864340 -0.074859
v -0.408970 1.031218 -0.103984
v -0.275258 1.108513 -0.276809
v 0.169401 1.267220 -0.145173
v -0.148969 1.191640 -0.291317
v 0.313012 1.172691 -0.128675
v -0.359642 0.690603 -0.203872
v -0.389274 0.837353 -0.229484
v -0.359642 0.984104 -0.255096
v -0.204304 1.016616 -0.390661
v -0.275258 0.566194 -0.182159
v -0.148969 0.483067 -0.167651
v -0.204304 0.614092 -0.320409
v -0.266936 0.706432 -0.336525
v -0.288930 0.815354 -0.355535
v -0.266936 0.924276 -0.374545
v -0.110569 1.078315 -0.401429
v 0.000000 1.220831 -0.296411
v 0.148969 1.191640 -0.291317
v 0.275258 1.108513 -0.276809
v 0.359642 0.984104 -0.255096
v 0.389274 0.837353 -0.229484
v 0.359642 0.690603 -0.203872
v 0.313012 0.555989 -0.021043
v 0.169401 0.461460 -0.004546
v 0.275258 0.566194 -0.182159
v 0.266936 0.706432 -0.336525
v 0.288930 0.815354 -0.355535
v 0.266936 0.924276 -0.374545
v 0.148969 0.483067 -0.167651
v 0.204304 0.614092 -0.320409
v 0.000000 0.453876 -0.162556
v 0.204304 1.016616 -0.390661
v 0.110569 0.552393 -0.309641
v -0.110569 0.552393 -0.309641
v 0.110569 1.078315 -0.401429
v 0.000000 0.530727 -0.305860
v 0.000000 0.649548 -0.411377
v 0.058832 0.661076 -0.413389
v 0.000000 0.796008 -0.466383
v -0.058832 0.661076 -0.413389
v 0.108708 0.693906 -0.419119
v -0.108708 0.693906 -0.419119
v 0.142034 0.743039 -0.427694
v -0.142034 0.743039 -0.427694
v 0.153736 0.800995 -0.437809
v -0.153736 0.800995 -0.437809
v 0.142034 0.858951 -0.447924
v -0.142034 0.858951 -0.447924
v 0.108708 0.908084 -0.456499
v -0.108708 0.908084 -0.456499
v 0.058832 0.940914 -0.462229
v -0.058832 0.940914 -0.462229
v 0.000000 0.952442 -0.464241
v 0.000000 1.099981 -0.405210
v -0.011370 0.683351 0.241488
v -0.034307 0.661414 0.235342
v -0.018247 0.654986 0.239645
v -0.048371 0.671696 0.231573
v -0.054509 0.679089 0.229929
v -0.054509 0.688716 0.229929
v -0.020965 0.687192 0.238917
v -0.029369 0.693335 0.236665
v -0.040358 0.698463 0.233720
v -0.032722 0.697374 0.235766
v 0.031988 0.661414 0.235342
v 0.009051 0.683351 0.241488
v 0.015928 0.654986 0.239645
v 0.046052 0.671696 0.231573
v 0.052191 0.679089 0.229929
v 0.052191 0.688716 0.229929
v 0.018646 0.687192 0.238917
v 0.027050 0.693335 0.236665
v 0.038039 0.698463 0.233720
v 0.030403 0.697374 0.235766
v -0.016534 0.752870 0.270765
v 0.016528 0.752870 0.254508
v 0.016528 0.752870 0.270765
v -0.016534 0.752870 0.254508
v -0.016534 0.876258 0.254508
v 0.016528 0.876258 0.270765
v 0.016528 0.876258 0.254508
v -0.016534 0.876258 0.270765
v 0.061691 0.831095 0.270765
v 0.061691 0.798033 0.254508
v 0.061691 0.831095 0.254508
v 0.061691 0.798033 0.270765
v -0.045166 0.769401 0.270765
v -0.045166 0.769401 0.254508
v -0.006285 0.838008 0.295914
v -0.034327 0.848888 0.287531
v -0.017165 0.831726 0.295914
v -0.012566 0.861451 0.287531
v 0.006279 0.791121 0.295914
v -0.017165 0.797402 0.295914
v -0.006285 0.791121 0.295914
v 0.017159 0.797402 0.295914
v -0.023446 0.808282 0.295914
v 0.023441 0.808282 0.295914
v -0.023446 0.820846 0.295914
v 0.023441 0.820846 0.295914
v 0.017159 0.831726 0.295914
v 0.006279 0.838008 0.295914
v 0.046884 0.827127 0.287531
v 0.046884 0.802001 0.287531
v 0.045160 0.859727 0.270765
v 0.045160 0.859727 0.254508
v 0.034321 0.848888 0.287531
v 0.012560 0.861451 0.287531
v -0.034327 0.780240 0.287531
v -0.061696 0.798033 0.270765
v -0.046890 0.802001 0.287531
v 0.012560 0.767677 0.287531
v -0.012566 0.767677 0.287531
v 0.034321 0.780240 0.287531
v 0.045160 0.769401 0.270765
v -0.045166 0.859727 0.270765
v -0.045166 0.859727 0.254508
v -0.046890 0.827127 0.287531
v -0.061696 0.831095 0.270765
v 0.045160 0.769401 0.254508
v -0.061696 0.798033 0.254508
v -0.061696 0.831095 0.254508
v -0.103273 0.954740 -0.074575
v -0.134932 0.909464 -0.066673
v 0.000000 0.848752 -0.099211
v 0.134932 0.909464 -0.066673
v 0.146049 0.856057 -0.057352
v -0.134932 0.802651 -0.048031
v -0.103273 0.757375 -0.040129
v -0.146049 0.856057 -0.057352
v -0.055891 0.727122 -0.034849
v 0.000000 0.716499 -0.032995
v -0.055891 0.984992 -0.079855
v 0.000000 0.995616 -0.081709
v 0.055891 0.984992 -0.079855
v 0.055891 0.727122 -0.034849
v 0.103273 0.757375 -0.040129
v 0.134932 0.802651 -0.048031
v 0.103273 0.954740 -0.074575
v 0.105040 1.119411 0.020884
v 0.000000 1.139377 0.017400
v -0.274483 0.877093 0.063175
v -0.253589 0.776721 0.080693
v 0.194089 1.062556 0.030807
v -0.194089 1.062556 0.030807
v -0.105040 1.119411 0.020884
v 0.274483 0.877093 0.063175
v 0.253589 0.776721 0.080693
v 0.105040 0.634774 0.105467
v 0.000000 0.614809 0.108951
v -0.194089 0.691630 0.095544
v -0.105040 0.634774 0.105467
v -0.253589 0.977464 0.045658
v 0.253589 0.977464 0.045658
v 0.194089 0.691630 0.095544
v 0.064121 0.458110 -0.251994
v -0.042609 0.382318 -0.171724
v -0.064116 0.458110 -0.251995
v 0.042612 0.382318 -0.171723
v 0.200875 1.009862 0.041127
v 0.245950 0.918471 -0.078599
v 0.200876 1.009862 -0.066522
v 0.245949 0.918471 0.053205
v -0.180046 0.918471 -0.192750
v -0.200875 1.009862 -0.066527
v -0.147050 1.009862 -0.159753
v -0.245949 0.918471 -0.078605
v -0.175174 0.458110 -0.187878
v -0.116412 0.382318 -0.129115
v -0.073525 1.069237 -0.086226
v 0.026913 1.069237 -0.113138
v -0.026911 1.069237 -0.113138
v 0.073526 1.069237 -0.086225
v -0.100438 1.069237 -0.039613
v 0.100438 1.069237 -0.039611
v -0.100438 1.069237 0.014211
v 0.100437 1.069237 0.014213
v -0.073527 1.069237 0.060825
v 0.073525 1.069237 0.060826
v -0.026914 1.069237 0.087738
v 0.026911 1.069237 0.087738
v 0.053827 1.009862 -0.213575
v -0.053822 1.009862 -0.213576
v -0.065899 0.918471 -0.258651
v 0.065905 0.918471 -0.258649
v -0.053827 1.009862 0.188175
v 0.053822 1.009862 0.188176
v -0.200877 1.009862 0.041122
v -0.245951 0.918471 0.053199
v 0.147049 1.009862 0.134353
v 0.180046 0.918471 0.167350
v 0.147053 1.009862 -0.159750
v 0.042608 0.382318 0.146324
v -0.064122 0.458110 0.226594
v -0.042612 0.382318 0.146323
v 0.064116 0.458110 0.226595
v 0.065899 0.918471 0.233251
v -0.147053 1.009862 0.134350
v 0.180050 0.918471 -0.192746
v 0.116415 0.382318 -0.129112
v -0.159024 0.382318 -0.055312
v 0.159024 0.382318 -0.055309
v -0.159024 0.382318 0.029908
v 0.159023 0.382318 0.029912
v -0.116415 0.382318 0.103712
v 0.116412 0.382318 0.103715
v -0.065905 0.918471 0.233249
v -0.180050 0.918471 0.167346
v 0.175178 0.458110 -0.187874
v -0.239294 0.458110 -0.076822
v 0.239294 0.458110 0.051421
v 0.239295 0.458110 -0.076816
v 0.175174 0.458110 0.162478
v -0.239295 0.458110 0.051416
v -0.175178 0.458110 0.162474
v 0.075542 0.358985 0.275208
v 0.027029 0.484812 0.042227
v 0.042002 0.434571 0.026037
v 0.057927 0.418092 0.294255
v 0.173334 0.441588 0.366282
v 0.111150 0.452159 0.349599
v 0.157450 0.424542 0.364941
v 0.143673 0.487060 0.352343
v 0.158325 0.380993 0.353305
v 0.099901 0.406746 0.339874
v 0.112941 0.362990 0.325773
v 0.151956 0.402363 0.360192
v 0.219122 0.369179 0.338153
v 0.174850 0.366158 0.346127
v 0.197103 0.361834 0.340581
v 0.235006 0.386224 0.339493
v 0.240500 0.408403 0.344243
v 0.234131 0.429774 0.351129
v 0.217606 0.444608 0.358307
v 0.195353 0.448933 0.363853
v 0.182798 0.305993 0.240014
v 0.184935 0.406795 -0.009586
v 0.243699 0.326307 0.233298
v 0.133169 0.389528 -0.003877
v 0.067312 0.503987 -0.026509
v 0.074798 0.478867 -0.034604
v 0.220222 0.549254 0.020922
v 0.239508 0.534937 0.289043
v 0.285213 0.493906 0.269189
v 0.181372 0.584130 0.037797
v 0.073123 0.479437 0.307392
v 0.144483 0.553646 -0.028724
v 0.129055 0.594297 0.050836
v 0.118325 0.558729 -0.022204
v 0.163908 0.536208 -0.037161
v 0.039945 0.536955 0.053394
v 0.092442 0.550096 -0.019350
v 0.073770 0.530059 -0.020925
v 0.077289 0.577029 0.056545
v 0.146265 0.464979 -0.052415
v 0.120382 0.456345 -0.049561
v 0.281197 0.419114 0.307218
v 0.268156 0.462870 0.321318
v 0.171395 0.511088 -0.045256
v 0.222279 0.446869 -0.006435
v 0.164937 0.485016 -0.050840
v 0.235195 0.499013 0.004732
v 0.302829 0.434799 0.250142
v 0.121248 0.317954 0.255354
v 0.080852 0.399695 0.009162
v 0.146776 0.332616 0.311076
v 0.177958 0.546898 0.304383
v 0.234321 0.493244 0.336015
v 0.188757 0.502099 0.347371
v 0.117057 0.526583 0.311099
v 0.094223 0.461428 -0.043041
v 0.269948 0.373701 0.297493
v 0.287633 0.373454 0.237005
v 0.237424 0.338800 0.294749
v 0.192340 0.323762 0.299721
v -0.302835 0.434799 0.250140
v -0.235201 0.499013 0.004729
v -0.287639 0.373454 0.237002
v -0.222285 0.446869 -0.006438
v -0.075549 0.358985 0.275205
v -0.121255 0.317954 0.255351
v -0.042008 0.434571 0.026034
v -0.080858 0.399695 0.009159
v -0.146783 0.332616 0.311074
v -0.182804 0.305993 0.240011
v -0.192346 0.323762 0.299718
v -0.268163 0.462870 0.321315
v -0.285220 0.493906 0.269187
v -0.281203 0.419114 0.307215
v -0.188764 0.502099 0.347368
v -0.234327 0.493244 0.336012
v -0.195359 0.448933 0.363851
v -0.217612 0.444608 0.358304
v -0.118331 0.558729 -0.022207
v -0.092448 0.550096 -0.019353
v -0.144490 0.553646 -0.028727
v -0.163915 0.536208 -0.037164
v -0.073776 0.530059 -0.020928
v -0.171401 0.511088 -0.045259
v -0.067318 0.503987 -0.026512
v -0.164943 0.485016 -0.050843
v -0.074805 0.478867 -0.034607
v -0.146271 0.464979 -0.052418
v -0.094229 0.461428 -0.043044
v -0.120388 0.456345 -0.049564
v -0.143680 0.487060 0.352340
v -0.111156 0.452159 0.349596
v -0.117063 0.526583 0.311096
v -0.073129 0.479437 0.307389
v -0.184941 0.406795 -0.009589
v -0.173341 0.441588 0.366279
v -0.077295 0.577029 0.056542
v -0.177964 0.546898 0.304380
v -0.129061 0.594297 0.050833
v -0.181378 0.584130 0.037794
v -0.239514 0.534937 0.289040
v -0.243705 0.326307 0.233295
v -0.235012 0.386224 0.339490
v -0.269954 0.373701 0.297490
v -0.219128 0.369179 0.338150
v -0.237430 0.338800 0.294746
v -0.197109 0.361834 0.340578
v -0.220228 0.549254 0.020919
v -0.174856 0.366158 0.346124
v -0.240506 0.408403 0.344240
v -0.158331 0.380993 0.353302
v -0.112947 0.362990 0.325771
v -0.039951 0.536955 0.053391
v -0.234137 0.429774 0.351127
v -0.133175 0.389528 -0.003880
v -0.157456 0.424542 0.364939
v -0.099907 0.406746 0.339871
v -0.151962 0.402363 0.360189
v -0.027035 0.484812 0.042224
v -0.057933 0.418092 0.294252
vt 0.718750 0.437013
vt 0.718750 0.275000
vt 0.718750 0.463874
vt 0.718750 0.475000
vt 0.718750 0.338476
vt 0.718750 0.330772
vt 0.718750 0.341667
vt 0.718750 0.283588
vt 0.718750 0.353769
vt 0.718750 0.304321
vt 0.718750 0.420545
vt 0.718750 0.465164
vt 0.718750 0.470368
vt 0.718750 0.450937
vt 0.718750 0.441165
vt 0.718750 0.350939
vt 0.968750 0.088397
vt 0.968750 0.025000
vt 0.968750 0.108013
vt 0.968750 0.061603
vt 0.968750 0.141987
vt 0.968750 0.225000
vt 0.968750 0.188397
vt 0.968750 0.161603
vt 0.968750 0.071350
vt 0.968750 0.058650
vt 0.968750 0.079250
vt 0.968750 0.026104
vt 0.968750 0.048175
vt 0.968750 0.035475
vt 0.968750 0.097458
vt 0.968750 0.041710
vt 0.968750 0.105000
vt 0.343750 0.475000
vt 0.593750 0.713722
vt 0.593750 0.725000
vt 0.593750 0.691165
vt 0.843750 0.355000
vt 0.843750 0.298175
vt 0.843750 0.407730
vt 0.843750 0.450378
vt 0.843750 0.358486
vt 0.843750 0.401821
vt 0.843750 0.475000
vt 0.843750 0.315839
vt 0.843750 0.291216
vt 0.843750 0.331983
vt 0.843750 0.364395
vt 0.843750 0.313270
vt 0.843750 0.348189
vt 0.843750 0.357546
vt 0.843750 0.373752
vt 0.843750 0.392465
vt 0.843750 0.408670
vt 0.843750 0.434233
vt 0.843750 0.418027
vt 0.843750 0.452946
vt 0.843750 0.409429
vt 0.843750 0.402136
vt 0.843750 0.372477
vt 0.843750 0.427279
vt 0.843750 0.375000
vt 0.843750 0.342818
vt 0.843750 0.438616
vt 0.843750 0.444080
vt 0.843750 0.340571
vt 0.843750 0.317674
vt 0.843750 0.311384
vt 0.843750 0.300874
vt 0.843750 0.336732
vt 0.843750 0.413268
vt 0.843750 0.458118
vt 0.843750 0.449979
vt 0.843750 0.291882
vt 0.843750 0.294974
vt 0.843750 0.304289
vt 0.843750 0.282612
vt 0.843750 0.445711
vt 0.843750 0.467388
vt 0.843750 0.285033
vt 0.843750 0.275000
vt 0.843750 0.464967
vt 0.843750 0.437182
vt 0.843750 0.456245
vt 0.843750 0.341347
vt 0.843750 0.408653
vt 0.843750 0.421153
vt 0.843750 0.312818
vt 0.843750 0.293755
vt 0.843750 0.328847
vt 0.843750 0.350022
vt 0.843750 0.399978
vt 0.843750 0.435302
vt 0.843750 0.462938
vt 0.843750 0.287062
vt 0.843750 0.314698
vt 0.843750 0.309730
vt 0.843750 0.340270
vt 0.843750 0.342914
vt 0.843750 0.350442
vt 0.843750 0.361710
vt 0.843750 0.388290
vt 0.843750 0.399558
vt 0.843750 0.407086
vt 0.843750 0.409730
vt 0.843750 0.440270
vt 0.343750 0.401784
vt 0.343750 0.295499
vt 0.343750 0.275000
vt 0.343750 0.345315
vt 0.343750 0.381136
vt 0.343750 0.427777
vt 0.343750 0.420392
vt 0.343750 0.450158
vt 0.343750 0.469725
vt 0.343750 0.291216
vt 0.343750 0.407730
vt 0.343750 0.358486
vt 0.343750 0.315839
vt 0.343750 0.418027
vt 0.343750 0.434233
vt 0.343750 0.408670
vt 0.343750 0.452946
vt 0.343750 0.348189
vt 0.343750 0.357546
vt 0.343750 0.373752
vt 0.343750 0.392465
vt 0.343750 0.401821
vt 0.343750 0.364395
vt 0.343750 0.450378
vt 0.343750 0.331983
vt 0.343750 0.313270
vt 0.343750 0.395107
vt 0.343750 0.384724
vt 0.343750 0.372477
vt 0.343750 0.360230
vt 0.343750 0.349847
vt 0.343750 0.342910
vt 0.343750 0.340473
vt 0.343750 0.402044
vt 0.343750 0.404480
vt 0.343750 0.428045
vt 0.343750 0.432623
vt 0.343750 0.349460
vt 0.343750 0.415007
vt 0.343750 0.316909
vt 0.343750 0.312330
vt 0.343750 0.329947
vt 0.343750 0.395494
vt 0.343750 0.402136
vt 0.343750 0.427279
vt 0.343750 0.342818
vt 0.343750 0.317674
vt 0.343750 0.300874
vt 0.343750 0.444080
vt 0.343750 0.449979
vt 0.343750 0.294974
vt 0.968750 0.027707
vt 0.968750 0.060343
vt 0.968750 0.027706
vt 0.968750 0.060343
vt 0.968750 0.146885
vt 0.968750 0.098206
vt 0.968750 0.103117
vt 0.968750 0.151796
vt 0.968750 0.051794
vt 0.968750 0.103115
vt 0.968750 0.065210
vt 0.968750 0.098204
vt 0.968750 0.053775
vt 0.968750 0.077667
vt 0.968750 0.095105
vt 0.968750 0.084164
vt 0.968750 0.084163
vt 0.968750 0.095106
vt 0.968750 0.114057
vt 0.968750 0.114058
vt 0.968750 0.135942
vt 0.968750 0.135943
vt 0.968750 0.154894
vt 0.968750 0.154895
vt 0.968750 0.165836
vt 0.968750 0.165837
vt 0.968750 0.043327
vt 0.968750 0.043327
vt 0.968750 0.025001
vt 0.968750 0.206673
vt 0.968750 0.206674
vt 0.968750 0.146883
vt 0.968750 0.151794
vt 0.968750 0.184790
vt 0.968750 0.198206
vt 0.968750 0.065212
vt 0.968750 0.189657
vt 0.968750 0.222294
vt 0.968750 0.189657
vt 0.968750 0.222294
vt 0.968750 0.184788
vt 0.968750 0.051796
vt 0.968750 0.077668
vt 0.968750 0.107675
vt 0.968750 0.107676
vt 0.968750 0.142324
vt 0.968750 0.142325
vt 0.968750 0.172331
vt 0.968750 0.172333
vt 0.968750 0.224999
vt 0.968750 0.198204
vt 0.968750 0.053777
vt 0.968750 0.098929
vt 0.968750 0.151071
vt 0.968750 0.098931
vt 0.968750 0.196225
vt 0.968750 0.151069
vt 0.968750 0.196223
vt 0.968750 0.183764
vt 0.968750 0.055591
vt 0.968750 0.210225
vn 1.000000 0.000000 0.000000
vn -0.376065 0.609155 -0.698216
vn -0.063350 0.195429 -0.978670
vn -0.791853 0.215431 -0.571452
vn -0.239846 0.082653 -0.967286
vn -0.968566 0.193512 -0.156311
vn -0.986444 0.000000 -0.164096
vn -0.786028 0.000000 -0.618191
vn -0.618220 0.758180 -0.207285
vn -0.201644 0.000000 -0.979459
vn 0.000000 0.707107 -0.707107
vn 0.000000 0.195090 -0.980785
vn 0.000000 0.980785 -0.195090
vn 0.000000 0.980785 0.195090
vn -0.618220 0.758180 0.207285
vn 0.000000 -1.000000 0.000000
vn -0.239846 0.082653 0.967286
vn -0.791853 0.215431 0.571452
vn -0.201644 0.000000 0.979459
vn -0.786028 0.000000 0.618191
vn -0.376065 0.609155 0.698216
vn -0.063350 0.195429 0.978670
vn 0.000000 0.707107 0.707107
vn 0.000000 0.195090 0.980785
vn -0.968566 0.193512 0.156311
vn -0.986444 0.000000 0.164096
vn 0.000000 0.000000 -1.000000
vn 0.000000 0.000000 1.000000
vn 0.901796 0.247506 0.354266
vn 0.980785 0.000000 -0.195090
vn 0.942729 0.270371 -0.195350
vn 0.923879 0.000000 0.382683
vn 0.000000 0.195090 -0.980785
vn 0.195090 0.000000 -0.980785
vn 0.211649 0.060700 -0.975459
vn 0.109410 0.197403 -0.974198
vn 0.528101 0.809304 0.257170
vn 0.474361 0.855865 -0.206098
vn 0.354266 0.247506 0.901796
vn -0.382683 0.000000 0.923879
vn 0.382683 0.000000 0.923879
vn -0.354266 0.247506 0.901796
vn 0.257170 0.809304 0.528101
vn -0.257170 0.809304 0.528101
vn -0.211649 0.060700 -0.975459
vn -0.195090 0.000000 -0.980785
vn -0.109410 0.197403 -0.974198
vn -0.901796 0.247506 0.354266
vn -0.528101 0.809304 0.257170
vn -0.923879 0.000000 0.382683
vn -0.474361 0.855865 -0.206098
vn 0.000000 1.000000 0.000000
vn 0.000000 0.980785 -0.195090
vn 0.707107 0.000000 -0.707107
vn 0.700615 0.200934 -0.684664
vn 0.353423 0.637662 -0.684456
vn -1.000000 0.000000 0.000000
vn -0.942729 0.270371 -0.195350
vn -0.980785 0.000000 -0.195090
vn -0.353423 0.637662 -0.684456
vn -0.700615 0.200934 -0.684664
vn -0.707107 0.000000 -0.707107
vn 0.000000 -0.965926 0.258819
vn 0.000000 -0.998557 0.053696
vn 0.000000 0.500000 -0.866025
vn 0.000000 0.130526 -0.991445
vn 0.000000 0.793353 -0.608761
vn 0.000000 0.968895 -0.247473
vn 0.000000 -0.270130 -0.962824
vn 0.000000 -0.812847 -0.582478
vn 0.000000 0.452777 0.891624
vn 0.000000 0.258819 0.965926
vn 0.000000 0.910864 0.412707
vn 0.239846 0.082653 0.967286
vn 0.201644 0.000000 0.979459
vn 0.063350 0.195429 0.978670
vn 0.201644 0.000000 -0.979459
vn 0.239846 0.082653 -0.967286
vn 0.063350 0.195429 -0.978670
vn 0.968566 0.193512 0.156311
vn 0.986444 0.000000 -0.164096
vn 0.968566 0.193512 -0.156311
vn 0.986444 0.000000 0.164096
vn 0.618220 0.758180 -0.207285
vn 0.618220 0.758180 0.207285
vn 0.376065 0.609155 0.698216
vn 0.791853 0.215431 0.571452
vn 0.786028 0.000000 0.618191
vn 0.376065 0.609155 -0.698216
vn 0.786028 0.000000 -0.618191
vn 0.791853 0.215431 -0.571452
vn 0.994271 -0.075579 0.075579
vn 0.703056 -0.572714 -0.421557
vn -0.703056 -0.572714 -0.421557
vn -0.994271 -0.075579 0.075579
vn 0.703056 0.421557 0.572714
vn 0.000000 0.627478 0.778635
vn -0.703056 0.421557 0.572714
vn 0.000000 -0.778635 -0.627478
vn 0.000000 -0.707107 0.707107
vn 0.000000 -0.730602 -0.682804
vn 0.706703 -0.523613 -0.475816
vn -0.706703 -0.523613 -0.475816
vn 0.999429 -0.023899 0.023899
vn 0.706703 0.475816 0.523613
vn -0.999429 -0.023899 0.023899
vn 0.000000 0.682804 0.730601
vn -0.706703 0.475816 0.523613
vn 0.000000 -0.707107 -0.707107
vn 0.000000 -0.707107 0.707107
vn -0.980785 0.000000 0.195090
vn 0.195090 0.000000 0.980785
vn -0.195090 0.000000 0.980785
vn 0.980785 0.000000 0.195090
vn 0.707107 0.000000 0.707107
vn -0.707107 0.000000 0.707107
vn 0.000000 -0.258819 0.965926
vn 0.000000 -0.500000 0.866025
vn 0.000000 0.258819 -0.965926
vn 0.000000 0.500000 -0.866025
vn 0.000000 -0.866025 -0.500000
vn -1.000000 0.000000 0.000000
vn 0.000000 0.866025 -0.500000
vn 0.000000 0.500000 0.866025
vn 0.000000 0.258819 0.965926
vn 0.000000 -0.500000 -0.866025
vn 0.000000 -0.258819 -0.965926
vn 1.000000 0.000000 0.000000
vn -0.979442 0.161381 0.121035
vn -0.977253 0.169661 0.127246
vn 0.000000 0.997497 0.070711
vn 0.000000 0.997877 0.065122
vn 0.979442 0.161381 0.121035
vn 0.977253 0.169661 0.127246
vn -0.700246 0.571121 0.428341
vn -0.689130 0.579710 0.434782
vn -0.152921 0.114918 0.981534
vn -0.193761 0.784839 0.588629
vn 0.700246 0.571121 0.428341
vn 0.689130 0.579710 0.434782
vn 0.193761 0.784839 0.588629
vn 0.152921 0.114918 0.981534
vn 0.000000 0.554700 -0.832050
vn 0.000000 0.707107 -0.707107
vn -0.674294 0.689700 0.263895
vn -0.791487 0.432174 -0.432174
vn -0.953596 0.212902 -0.212902
vn -0.559666 0.827917 -0.036430
vn -0.559666 0.036430 -0.827917
vn -0.674294 -0.263896 -0.689700
vn 0.000000 0.991839 0.127492
vn 0.000000 0.887197 0.461391
vn 0.000000 -0.127492 -0.991840
vn 0.674294 -0.263896 -0.689700
vn 0.000000 -0.461392 -0.887196
vn 0.559666 0.036430 -0.827917
vn 0.674294 0.689700 0.263895
vn 0.559666 0.827917 -0.036430
vn 0.953596 0.212902 -0.212902
vn 0.791487 0.432174 -0.432174
vn -0.707107 0.500000 0.500000
vn 0.000000 0.707107 0.707107
vn 0.707107 -0.500000 -0.500000
vn 0.000000 -0.707107 -0.707107
vn -0.707107 -0.500000 -0.500000
vn 0.707107 0.500000 0.500000
vn -0.916718 0.245634 0.315106
vn -0.707107 0.707107 0.000000
vn -0.965926 0.258819 0.000000
vn -0.965926 -0.258819 0.000000
vn -0.671084 0.671084 0.315105
vn -0.599125 0.160535 0.784396
vn -0.258819 0.965926 0.000000
vn -0.916718 -0.245634 0.315106
vn -0.671084 -0.671084 0.315105
vn -0.707107 -0.707107 0.000000
vn -0.258819 -0.965926 0.000000
vn -0.245634 -0.916718 0.315106
vn 0.258819 -0.965926 0.000000
vn -0.438590 -0.438590 0.784396
vn -0.599125 -0.160535 0.784396
vn 0.245634 -0.916718 0.315106
vn 0.707107 -0.707107 0.000000
vn 0.671084 -0.671084 0.315105
vn 0.965926 -0.258819 0.000000
vn 0.160535 -0.599125 0.784396
vn 0.438590 -0.438590 0.784396
vn 0.916718 -0.245634 0.315106
vn -0.160535 -0.599125 0.784396
vn -0.056048 -0.209174 0.976271
vn -0.153126 -0.153126 0.976271
vn 0.056048 -0.209174 0.976271
vn -0.209174 -0.056048 0.976271
vn 0.153126 -0.153126 0.976271
vn 0.599125 -0.160535 0.784396
vn 0.599125 0.160535 0.784396
vn 0.209174 -0.056048 0.976271
vn -0.209174 0.056048 0.976271
vn 0.209174 0.056048 0.976271
vn -0.153126 0.153126 0.976271
vn 0.916718 0.245634 0.315106
vn 0.965926 0.258819 0.000000
vn 0.707107 0.707107 0.000000
vn 0.671084 0.671084 0.315105
vn 0.258819 0.965926 0.000000
vn 0.153126 0.153126 0.976271
vn 0.245634 0.916718 0.315106
vn 0.438590 0.438590 0.784396
vn -0.245634 0.916718 0.315106
vn 0.056048 0.209174 0.976271
vn 0.160535 0.599125 0.784396
vn -0.438590 0.438590 0.784396
vn -0.160535 0.599125 0.784396
vn -0.056048 0.209174 0.976271
vn 0.556106 0.362703 0.747792
vn -0.068765 0.145808 0.986920
vn -0.083051 0.174671 0.981118
vn -0.046616 0.127958 0.990684
vn 0.597844 0.136690 0.789873
vn -0.080413 0.207197 0.974989
vn 0.428179 0.557312 0.711383
vn -0.022892 0.119312 0.992593
vn 0.550333 -0.087140 0.830385
vn -0.060938 0.233612 0.970418
vn 0.421349 -0.277141 0.863514
vn -0.032060 0.248935 0.967990
vn 0.911972 -0.344612 0.222598
vn 0.987111 0.027515 0.157652
vn 0.911972 0.399641 0.092705
vn 0.232546 0.688478 0.686964
vn 0.000000 0.116894 0.993144
vn 0.228428 -0.405222 0.885221
vn 0.000000 0.253738 0.967273
vn 0.911972 -0.399641 -0.092705
vn 0.697993 -0.660085 0.277657
vn 0.987111 -0.027515 -0.157652
vn 0.377751 -0.870877 0.314447
vn 0.697993 0.715114 0.037647
vn 0.377751 0.925907 0.000857
vn 0.911972 0.344612 -0.222598
vn 0.000000 -0.450458 0.892798
vn 0.000000 -0.944898 0.327365
vn -0.228428 -0.405222 0.885221
vn 0.032060 0.248935 0.967990
vn -0.377751 -0.870877 0.314447
vn -0.421349 -0.277141 0.863514
vn 0.060938 0.233612 0.970418
vn -0.550333 -0.087140 0.830385
vn 0.080413 0.207197 0.974989
vn -0.697993 -0.660085 0.277657
vn -0.597844 0.136690 0.789873
vn 0.083051 0.174671 0.981118
vn -0.556106 0.362703 0.747792
vn 0.068765 0.145808 0.986920
vn 0.046616 0.127958 0.990684
vn -0.911972 -0.344612 0.222598
vn -0.697993 -0.715114 -0.037647
vn -0.987111 0.027515 0.157652
vn -0.428179 0.557312 0.711383
vn 0.022892 0.119312 0.992593
vn -0.377751 -0.925907 -0.000857
vn -0.911972 -0.399641 -0.092705
vn -0.232546 0.688478 0.686964
vn 0.000000 0.734701 0.678391
vn -0.377751 0.925907 0.000857
vn 0.000000 0.999927 -0.012061
vn 0.000000 -0.999927 0.012061
vn -0.697993 0.715114 0.037647
vn -0.911972 0.399641 0.092705
vn -0.697993 0.660085 -0.277657
vn -0.377751 0.870877 -0.314447
vn 0.000000 0.944898 -0.327365
vn -0.987111 -0.027515 -0.157652
vn -0.911972 0.344612 -0.222598
vn -0.624972 0.535240 -0.568268
vn 0.377751 0.870877 -0.314447
vn -0.338232 0.723980 -0.601208
vn 0.697993 0.660085 -0.277657
vn -0.816565 -0.413621 -0.402665
vn -0.883844 -0.080425 -0.460817
vn -0.816565 0.252770 -0.518969
vn -0.479664 0.346198 -0.806269
vn -0.624972 -0.696091 -0.353366
vn -0.338232 -0.884831 -0.320425
vn -0.479664 -0.598845 -0.641332
vn -0.626711 -0.382050 -0.679169
vn -0.678348 -0.126323 -0.723800
vn -0.626711 0.129404 -0.768432
vn -0.259592 0.491056 -0.831550
vn 0.000000 0.790257 -0.612775
vn 0.338232 0.723980 -0.601208
vn 0.624972 0.535240 -0.568268
vn 0.816565 0.252770 -0.518969
vn 0.883844 -0.080425 -0.460817
vn 0.816565 -0.413621 -0.402665
vn 0.697993 -0.715114 -0.037647
vn 0.377751 -0.925907 -0.000857
vn 0.624972 -0.696091 -0.353366
vn 0.626711 -0.382050 -0.679169
vn 0.678348 -0.126323 -0.723800
vn 0.626711 0.129404 -0.768432
vn 0.338232 -0.884831 -0.320425
vn 0.479664 -0.598845 -0.641332
vn 0.000000 -0.951108 -0.308858
vn 0.479664 0.346198 -0.806269
vn 0.259592 -0.743703 -0.616050
vn -0.259592 -0.743703 -0.616050
vn 0.259592 0.491056 -0.831550
vn 0.000000 -0.794570 -0.607173
vn 0.000000 -0.534314 -0.845286
vn 0.145813 -0.505742 -0.850272
vn 0.000000 -0.171929 -0.985109
vn -0.145813 -0.505742 -0.850272
vn 0.269428 -0.424375 -0.864473
vn -0.269428 -0.424375 -0.864473
vn 0.352025 -0.302602 -0.885726
vn -0.352025 -0.302602 -0.885726
vn 0.381029 -0.158959 -0.910796
vn -0.381029 -0.158959 -0.910796
vn 0.352025 -0.015317 -0.935865
vn -0.352025 -0.015317 -0.935865
vn 0.269428 0.106457 -0.957118
vn -0.269428 0.106457 -0.957118
vn 0.145813 0.187824 -0.971319
vn -0.145813 0.187824 -0.971319
vn 0.000000 0.216396 -0.976306
vn 0.000000 0.541923 -0.840428
vn -0.126325 -0.033781 0.991414
vn -0.258819 0.000000 0.965926
vn -0.135964 -0.031366 0.990217
vn 0.258819 0.000000 0.965926
vn 0.126325 -0.033781 0.991414
vn 0.135964 -0.031366 0.990217
vn -0.240379 -0.897107 0.370698
vn 0.240379 -0.897107 0.370698
vn 0.240379 0.897107 0.370698
vn -0.240379 0.897107 0.370698
vn 0.897107 0.240379 0.370698
vn 0.897107 -0.240379 0.370698
vn -0.656728 -0.656728 0.370698
vn -0.048402 0.180639 0.982358
vn -0.392582 0.392582 0.831720
vn -0.132237 0.132237 0.982358
vn -0.143695 0.536277 0.831720
vn 0.048402 -0.180639 0.982358
vn -0.132237 -0.132237 0.982358
vn -0.048402 -0.180639 0.982358
vn 0.132237 -0.132237 0.982358
vn -0.180639 -0.048402 0.982358
vn 0.180639 -0.048402 0.982358
vn -0.180639 0.048402 0.982358
vn 0.180639 0.048402 0.982358
vn 0.132237 0.132237 0.982358
vn 0.048402 0.180639 0.982358
vn 0.536277 0.143695 0.831720
vn 0.536277 -0.143695 0.831720
vn 0.656728 0.656728 0.370698
vn 0.392582 0.392582 0.831720
vn 0.143695 0.536277 0.831720
vn -0.392582 -0.392582 0.831720
vn -0.897107 -0.240379 0.370698
vn -0.536277 -0.143695 0.831720
vn 0.143695 -0.536277 0.831720
vn -0.143695 -0.536277 0.831720
vn 0.392582 -0.392582 0.831720
vn 0.656728 -0.656728 0.370698
vn -0.656728 0.656728 0.370698
vn -0.536277 0.143695 0.831720
vn -0.897107 0.240379 0.370698
vn 0.365692 -0.225372 0.903038
vn 0.480233 -0.055546 0.875380
vn 0.000000 0.171929 0.985109
vn -0.480233 -0.055546 0.875380
vn -0.520912 0.146760 0.840900
vn 0.480233 0.348786 0.804813
vn 0.365692 0.517942 0.773308
vn 0.520912 0.146760 0.840900
vn 0.196928 0.629128 0.751942
vn 0.000000 0.667737 0.744398
vn 0.196928 -0.337223 0.920597
vn 0.000000 -0.376105 0.926577
vn -0.196928 -0.337223 0.920597
vn -0.196928 0.629128 0.751942
vn -0.365692 0.517942 0.773308
vn -0.480233 0.348786 0.804813
vn -0.365692 -0.225372 0.903038
vn -0.304703 -0.646128 0.699768
vn 0.000000 -0.705573 0.708637
vn 0.809523 0.100938 0.578346
vn 0.745747 0.413732 0.522194
vn -0.566852 -0.474453 0.673479
vn 0.566852 -0.474453 0.673479
vn 0.304703 -0.646128 0.699768
vn -0.809523 0.100938 0.578346
vn -0.745747 0.413732 0.522194
vn -0.304703 0.844967 0.439530
vn 0.000000 0.903903 0.427738
vn 0.566852 0.674537 0.472948
vn 0.304703 0.844967 0.439530
vn 0.745747 -0.212386 0.631469
vn -0.745747 -0.212386 0.631469
vn -0.566852 0.674537 0.472948
vn -0.821190 -0.265931 0.504903
vn -0.891360 0.077935 0.446547
vn -0.624265 -0.553633 0.551165
vn 0.821190 -0.265931 0.504903
vn 0.891360 0.077935 0.446547
vn 0.821190 0.421240 0.384973
vn 0.624265 0.707603 0.331045
vn -0.335582 0.894794 0.294498
vn -0.624265 0.707603 0.331045
vn 0.335582 0.894794 0.294498
vn -0.335582 -0.742137 0.580188
vn 0.000000 -0.807407 0.589994
vn 0.335582 -0.742137 0.580188
vn 0.624265 -0.553633 0.551165
vn -0.821190 0.421240 0.384973
vn 0.000000 0.959527 0.281615
vn 0.238556 -0.387978 -0.890261
vn -0.106455 -0.911488 -0.397313
vn -0.238535 -0.387978 -0.890266
vn 0.106464 -0.911488 -0.397311
vn 0.719186 0.667558 0.192714
vn 0.942639 0.218269 -0.252568
vn 0.719190 0.667558 -0.192698
vn 0.942633 0.218269 0.252589
vn -0.690050 0.218269 -0.690065
vn -0.719186 0.667558 -0.192714
vn -0.526476 0.667558 -0.526488
vn -0.942633 0.218269 -0.252589
vn -0.651711 -0.387978 -0.651726
vn -0.290849 -0.911488 -0.290856
vn -0.208960 0.955338 -0.208964
vn 0.076489 0.955338 -0.285446
vn -0.076482 0.955338 -0.285448
vn 0.208964 0.955338 -0.208960
vn -0.285447 0.955338 -0.076489
vn 0.285448 0.955338 -0.076482
vn -0.285448 0.955338 0.076482
vn 0.285447 0.955338 0.076489
vn -0.208964 0.955338 0.208960
vn 0.208960 0.955338 0.208965
vn -0.076489 0.955337 0.285447
vn 0.076482 0.955337 0.285449
vn 0.192714 0.667558 -0.719186
vn -0.192698 0.667558 -0.719190
vn -0.252568 0.218269 -0.942639
vn 0.252589 0.218269 -0.942633
vn -0.192714 0.667558 0.719186
vn 0.192698 0.667558 0.719190
vn -0.719190 0.667558 0.192698
vn -0.942639 0.218269 0.252568
vn 0.526476 0.667558 0.526488
vn 0.690050 0.218269 0.690065
vn 0.526488 0.667558 -0.526476
vn 0.106455 -0.911488 0.397313
vn -0.238556 -0.387978 0.890261
vn -0.106464 -0.911488 0.397311
vn 0.238535 -0.387978 0.890266
vn 0.252568 0.218269 0.942639
vn -0.526488 0.667558 0.526476
vn 0.690065 0.218269 -0.690050
vn 0.290856 -0.911488 -0.290849
vn -0.397311 -0.911488 -0.106464
vn 0.397313 -0.911488 -0.106455
vn -0.397313 -0.911488 0.106455
vn 0.397311 -0.911488 0.106464
vn -0.290856 -0.911488 0.290849
vn 0.290849 -0.911488 0.290856
vn -0.252589 0.218269 0.942633
vn -0.690065 0.218269 0.690050
vn 0.651725 -0.387978 -0.651711
vn -0.890261 -0.387978 -0.238556
vn 0.890261 -0.387978 0.238556
vn 0.890266 -0.387978 -0.238535
vn 0.651711 -0.387978 0.651725
vn -0.890266 -0.387978 0.238535
vn -0.651725 -0.387978 0.651711
vn -0.778095 -0.582927 0.234017
vn -0.983675 0.027745 -0.177803
vn -0.851934 -0.414303 -0.320252
vn -0.915842 -0.120725 0.382961
vn 0.014371 0.022258 0.999649
vn -0.504343 0.142651 0.851639
vn -0.099222 -0.099639 0.990065
vn -0.245477 0.420441 0.873482
vn -0.092965 -0.411069 0.906852
vn -0.593875 -0.218803 0.774234
vn -0.490084 -0.567068 0.662006
vn -0.138509 -0.258248 0.956098
vn 0.341805 -0.495557 0.798494
vn 0.025208 -0.517155 0.855521
vn 0.184344 -0.548080 0.815859
vn 0.455397 -0.373661 0.808079
vn 0.494685 -0.215052 0.842045
vn 0.449140 -0.062230 0.891292
vn 0.330968 0.043856 0.942623
vn 0.171831 0.074780 0.982284
vn 0.060616 -0.997311 -0.041187
vn 0.405672 -0.658692 -0.633685
vn 0.536849 -0.838458 -0.093706
vn -0.049795 -0.810617 -0.583455
vn -0.631511 0.188286 -0.752159
vn -0.564488 -0.036605 -0.824629
vn 0.716148 0.594740 -0.365261
vn 0.504072 0.792974 0.342205
vn 0.861481 0.472121 0.186956
vn 0.374325 0.901602 -0.216782
vn -0.797018 0.358980 0.485690
vn 0.059367 0.632857 -0.771989
vn -0.085991 0.991055 -0.102057
vn -0.174817 0.678366 -0.713624
vn 0.233268 0.476742 -0.847528
vn -0.870033 0.486533 -0.079553
vn -0.406534 0.601074 -0.688070
vn -0.573696 0.421693 -0.702175
vn -0.541458 0.839129 -0.051828
vn 0.075314 -0.160937 -0.984087
vn -0.156403 -0.238228 -0.958533
vn 0.849111 -0.120364 0.514318
vn 0.745320 0.227901 0.626546
vn 0.300291 0.251852 -0.919998
vn 0.734247 -0.306096 -0.605960
vn 0.242476 0.018445 -0.969982
vn 0.847889 0.152692 -0.507710
vn 0.999228 0.009918 0.038012
vn -0.420686 -0.903780 0.078768
vn -0.510111 -0.721165 -0.468731
vn -0.220780 -0.808827 0.545028
vn 0.022770 0.886505 0.462160
vn 0.476016 0.469660 0.743524
vn 0.113359 0.540135 0.833909
vn -0.453463 0.727652 0.514679
vn -0.390587 -0.192719 -0.900168
vn 0.759579 -0.481818 0.436913
vn 0.880405 -0.469787 -0.064717
vn 0.500713 -0.759608 0.415070
vn 0.141876 -0.879301 0.454643
vn -0.999228 0.009918 0.038012
vn -0.847889 0.152692 -0.507710
vn -0.880405 -0.469787 -0.064717
vn -0.734247 -0.306096 -0.605960
vn 0.778095 -0.582927 0.234017
vn 0.420686 -0.903780 0.078768
vn 0.851934 -0.414303 -0.320252
vn 0.510111 -0.721165 -0.468731
vn 0.220780 -0.808827 0.545028
vn -0.060616 -0.997311 -0.041187
vn -0.141876 -0.879301 0.454643
vn -0.745320 0.227901 0.626546
vn -0.861481 0.472121 0.186956
vn -0.849111 -0.120364 0.514318
vn -0.113359 0.540135 0.833909
vn -0.476016 0.469660 0.743524
vn -0.171831 0.074780 0.982284
vn -0.330968 0.043856 0.942623
vn 0.174817 0.678366 -0.713624
vn 0.406534 0.601074 -0.688070
vn -0.059367 0.632857 -0.771989
vn -0.233268 0.476742 -0.847528
vn 0.573696 0.421693 -0.702175
vn -0.300291 0.251852 -0.919998
vn 0.631511 0.188286 -0.752159
vn -0.242476 0.018445 -0.969982
vn 0.564488 -0.036605 -0.824629
vn -0.075314 -0.160937 -0.984087
vn 0.390587 -0.192719 -0.900168
vn 0.156403 -0.238228 -0.958533
vn 0.245477 0.420441 0.873482
vn 0.504343 0.142651 0.851639
vn 0.453463 0.727652 0.514679
vn 0.797018 0.358980 0.485690
vn -0.405672 -0.658692 -0.633685
vn -0.014371 0.022258 0.999649
vn 0.541458 0.839129 -0.051828
vn -0.022770 0.886505 0.462160
vn 0.085991 0.991055 -0.102057
vn -0.374325 0.901602 -0.216782
vn -0.504072 0.792974 0.342205
vn -0.536849 -0.838458 -0.093706
vn -0.455397 -0.373661 0.808079
vn -0.759579 -0.481818 0.436913
vn -0.341805 -0.495557 0.798494
vn -0.500713 -0.759608 0.415070
vn -0.184344 -0.548080 0.815859
vn -0.716148 0.594740 -0.365261
vn -0.025208 -0.517155 0.855521
vn -0.494685 -0.215052 0.842045
vn 0.092965 -0.411069 0.906852
vn 0.490084 -0.567068 0.662006
vn 0.870033 0.486533 -0.079553
vn -0.449140 -0.062230 0.891292
vn 0.049795 -0.810617 -0.583455
vn 0.099222 -0.099639 0.990065
vn 0.593875 -0.218803 0.774234
vn 0.138509 -0.258248 0.956098
vn 0.983675 0.027745 -0.177803
vn 0.915842 -0.120725 0.382961
usemtl colormap
f 1/1/1 2/2/1 3/3/1
f 3/3/1 2/2/1 4/4/1
f 4/4/1 2/2/1 5/4/1
f 5/4/1 2/2/1 6/3/1
f 6/3/1 2/2/1 7/1/1
f 8/2/1 7/1/1 2/2/1
f 9/3/2 10/1/3 11/5/4
f 12/6/5 11/5/4 10/1/3
f 13/7/6 11/5/4 14/2/7
f 15/2/8 14/2/7 11/5/4
f 9/3/2 11/5/4 16/4/9
f 13/7/6 16/4/9 11/5/4
f 11/5/4 12/6/5 15/2/8
f 17/2/10 15/2/8 12/6/5
f 9/3/2 6/3/11 10/1/3
f 7/1/12 10/1/3 6/3/11
f 6/3/11 9/3/2 5/4/13
f 16/4/9 5/4/13 9/3/2
f 4/4/14 5/4/13 18/4/15
f 16/4/9 18/4/15 5/4/13
f 8/2/16 2/2/16 17/2/16
f 2/2/16 19/2/16 17/2/16
f 17/2/16 19/2/16 15/2/16
f 19/2/16 20/2/16 15/2/16
f 15/2/16 20/2/16 14/2/16
f 21/2/16 14/2/16 20/2/16
f 22/6/17 23/5/18 19/2/19
f 20/2/20 19/2/19 23/5/18
f 24/3/21 25/1/22 3/3/23
f 1/1/24 3/3/23 25/1/22
f 24/3/21 23/5/18 25/1/22
f 22/6/17 25/1/22 23/5/18
f 23/5/18 26/7/25 20/2/20
f 21/2/26 20/2/20 26/7/25
f 24/3/21 18/4/15 23/5/18
f 26/7/25 23/5/18 18/4/15
f 3/3/23 4/4/14 24/3/21
f 18/4/15 24/3/21 4/4/14
f 18/4/15 16/4/9 26/7/25
f 13/7/6 26/7/25 16/4/9
f 21/2/26 26/7/25 14/2/7
f 13/7/6 14/2/7 26/7/25
f 10/1/3 7/1/12 12/6/5
f 12/6/5 7/1/12 17/2/10
f 8/2/27 17/2/10 7/1/12
f 25/1/22 22/6/17 1/1/24
f 1/1/24 22/6/17 2/2/28
f 19/2/19 2/2/28 22/6/17
f 27/7/29 28/2/30 29/7/31
f 28/2/30 27/7/29 30/2/32
f 31/2/16 32/2/16 33/2/16
f 34/2/16 32/2/16 31/2/16
f 35/2/16 32/2/16 34/2/16
f 36/2/16 32/2/16 35/2/16
f 36/2/16 37/2/16 32/2/16
f 38/2/16 37/2/16 36/2/16
f 37/2/16 38/2/16 39/2/16
f 40/2/16 39/2/16 38/2/16
f 41/2/16 39/2/16 40/2/16
f 42/2/16 39/2/16 41/2/16
f 28/2/16 39/2/16 42/2/16
f 39/2/16 28/2/16 30/2/16
f 43/1/33 41/2/34 40/2/27
f 41/2/34 43/1/33 44/6/35
f 44/6/35 43/1/33 45/1/36
f 46/4/37 29/7/31 47/4/38
f 29/7/31 46/4/37 27/7/29
f 48/7/39 37/2/40 39/2/41
f 37/2/40 48/7/39 49/7/42
f 50/4/27 38/2/27 36/2/27
f 38/2/27 50/4/27 51/4/27
f 52/4/43 49/7/42 48/7/39
f 49/7/42 52/4/43 53/4/44
f 54/6/45 35/2/27 34/2/46
f 35/2/27 54/6/45 55/1/33
f 55/1/33 54/6/45 56/1/47
f 52/4/43 27/7/29 46/4/37
f 27/7/29 52/4/43 48/7/39
f 53/4/44 57/7/48 49/7/42
f 57/7/48 53/4/44 58/4/49
f 49/7/42 32/2/50 37/2/40
f 32/2/50 49/7/42 57/7/48
f 48/7/39 30/2/32 27/7/29
f 30/2/32 48/7/39 39/2/41
f 59/4/51 50/4/52 60/4/53
f 58/4/49 50/4/52 59/4/51
f 53/4/44 50/4/52 58/4/49
f 53/4/44 51/4/52 50/4/52
f 52/4/43 51/4/52 53/4/44
f 52/4/43 61/4/53 51/4/52
f 46/4/37 61/4/53 52/4/43
f 61/4/53 46/4/37 47/4/38
f 29/7/31 42/2/54 62/5/55
f 42/2/54 29/7/31 28/2/30
f 63/3/56 61/4/53 47/4/38
f 61/4/53 63/3/56 64/3/11
f 64/3/11 45/1/36 43/1/33
f 45/1/36 64/3/11 63/3/56
f 44/6/35 42/2/54 41/2/34
f 42/2/54 44/6/35 62/5/55
f 47/4/38 62/5/55 63/3/56
f 62/5/55 47/4/38 29/7/31
f 45/1/36 62/5/55 44/6/35
f 62/5/55 45/1/36 63/3/56
f 38/2/57 43/1/57 40/2/57
f 43/1/57 38/2/57 64/3/57
f 64/3/57 38/2/57 61/4/57
f 61/4/57 38/2/57 51/4/57
f 32/2/50 65/7/58 33/2/59
f 65/7/58 32/2/50 57/7/48
f 57/7/48 59/4/51 65/7/58
f 59/4/51 57/7/48 58/4/49
f 56/1/47 66/3/11 55/1/33
f 66/3/11 56/1/47 67/3/60
f 33/2/59 68/5/61 31/2/62
f 68/5/61 33/2/59 65/7/58
f 65/7/58 67/3/60 68/5/61
f 67/3/60 65/7/58 59/4/51
f 68/5/61 34/2/46 31/2/62
f 34/2/46 68/5/61 54/6/45
f 68/5/61 56/1/47 54/6/45
f 56/1/47 68/5/61 67/3/60
f 67/3/60 60/4/53 66/3/11
f 60/4/53 67/3/60 59/4/51
f 66/3/1 35/2/1 55/1/1
f 35/2/1 66/3/1 36/2/1
f 36/2/1 66/3/1 60/4/1
f 36/2/1 60/4/1 50/4/1
f 69/2/63 70/2/64 71/2/63
f 70/2/64 69/2/63 72/2/64
f 73/8/57 74/9/57 75/10/57
f 74/9/57 73/8/57 72/2/57
f 74/9/57 72/2/57 76/11/57
f 76/11/57 72/2/57 69/2/57
f 76/11/57 69/2/57 77/12/57
f 77/12/57 69/2/57 78/4/57
f 78/4/57 69/2/57 79/13/57
f 79/13/57 69/2/57 80/14/57
f 81/9/1 82/8/1 83/10/1
f 82/8/1 81/9/1 70/2/1
f 70/2/1 81/9/1 84/11/1
f 70/2/1 84/11/1 71/2/1
f 71/2/1 84/11/1 85/12/1
f 71/2/1 85/12/1 86/4/1
f 71/2/1 86/4/1 87/13/1
f 71/2/1 87/13/1 88/14/1
f 76/11/65 81/9/66 74/9/66
f 81/9/66 76/11/65 84/11/65
f 76/11/65 85/12/67 84/11/65
f 85/12/67 76/11/65 77/12/67
f 77/12/67 86/4/68 85/12/67
f 86/4/68 77/12/67 78/4/68
f 74/9/66 83/10/69 75/10/69
f 83/10/69 74/9/66 81/9/66
f 72/2/64 82/8/70 70/2/64
f 82/8/70 72/2/64 73/8/70
f 75/10/69 82/8/70 73/8/70
f 82/8/70 75/10/69 83/10/69
f 88/14/71 69/2/72 71/2/72
f 69/2/72 88/14/71 80/14/71
f 78/4/68 87/13/73 86/4/68
f 87/13/73 78/4/68 79/13/73
f 87/13/73 80/14/71 88/14/71
f 80/14/71 87/13/73 79/13/73
f 89/6/74 90/2/28 91/2/75
f 90/2/28 89/6/74 92/1/24
f 92/1/24 89/6/74 93/1/76
f 94/1/12 95/2/77 96/2/27
f 95/2/77 94/1/12 97/6/78
f 97/6/78 94/1/12 98/1/79
f 99/7/80 100/2/81 101/7/82
f 100/2/81 99/7/80 102/2/83
f 103/4/84 99/7/80 101/7/82
f 99/7/80 103/4/84 104/4/85
f 105/4/14 106/3/86 104/4/85
f 106/3/86 105/4/14 107/3/23
f 104/4/85 108/5/87 99/7/80
f 108/5/87 104/4/85 106/3/86
f 99/7/80 109/2/88 102/2/83
f 109/2/88 99/7/80 108/5/87
f 108/5/87 93/1/76 89/6/74
f 93/1/76 108/5/87 106/3/86
f 93/1/76 107/3/23 92/1/24
f 107/3/23 93/1/76 106/3/86
f 108/5/87 91/2/75 109/2/88
f 91/2/75 108/5/87 89/6/74
f 109/2/16 100/2/16 102/2/16
f 100/2/16 109/2/16 110/2/16
f 110/2/16 109/2/16 91/2/16
f 110/2/16 91/2/16 95/2/16
f 95/2/16 91/2/16 90/2/16
f 95/2/16 90/2/16 96/2/16
f 111/4/13 104/4/85 103/4/84
f 104/4/85 111/4/13 105/4/14
f 112/3/89 111/4/13 103/4/84
f 111/4/13 112/3/89 113/3/11
f 113/3/11 98/1/79 94/1/12
f 98/1/79 113/3/11 112/3/89
f 97/6/78 110/2/90 95/2/77
f 110/2/90 97/6/78 114/5/91
f 114/5/91 103/4/84 101/7/82
f 103/4/84 114/5/91 112/3/89
f 114/5/91 100/2/81 110/2/90
f 100/2/81 114/5/91 101/7/82
f 98/1/79 114/5/91 97/6/78
f 114/5/91 98/1/79 112/3/89
f 90/2/57 94/1/57 96/2/57
f 94/1/57 90/2/57 113/3/57
f 113/3/57 90/2/57 111/4/57
f 111/4/57 90/2/57 105/4/57
f 105/4/57 90/2/57 107/3/57
f 107/3/57 90/2/57 92/1/57
f 115/15/92 116/16/93 117/15/93
f 116/16/93 115/15/92 118/16/92
f 119/16/94 120/15/95 121/15/94
f 120/15/95 119/16/94 122/16/95
f 123/16/96 124/15/97 125/16/97
f 124/15/97 123/16/96 126/15/96
f 124/15/97 127/16/98 125/16/97
f 127/16/98 124/15/97 128/15/98
f 121/15/94 129/16/99 119/16/94
f 129/16/99 121/15/94 130/15/99
f 126/15/96 118/16/92 115/15/92
f 118/16/92 126/15/96 123/16/96
f 127/16/98 120/15/95 122/16/95
f 120/15/95 127/16/98 128/15/98
f 129/16/99 117/15/93 116/16/93
f 117/15/93 129/16/99 130/15/99
f 123/16/100 116/16/100 118/16/100
f 116/16/100 123/16/100 131/16/100
f 131/16/100 123/16/100 132/16/100
f 133/16/100 116/16/100 131/16/100
f 132/16/100 123/16/100 125/16/100
f 132/16/100 125/16/100 134/16/100
f 116/16/100 133/16/100 129/16/100
f 129/16/100 133/16/100 135/16/100
f 129/16/100 135/16/100 136/16/100
f 134/16/100 125/16/100 127/16/100
f 129/16/100 136/16/100 119/16/100
f 134/16/100 127/16/100 137/16/100
f 119/16/100 136/16/100 138/16/100
f 137/16/100 127/16/100 138/16/100
f 119/16/100 138/16/100 127/16/100
f 119/16/100 127/16/100 122/16/100
f 139/2/100 140/2/100 141/2/100
f 140/2/100 139/2/100 142/2/100
f 142/2/100 139/2/100 143/2/100
f 142/2/100 143/2/100 144/2/100
f 142/2/100 144/2/100 145/2/100
f 145/2/100 144/2/100 146/2/100
f 142/2/101 133/16/102 140/2/102
f 133/16/102 142/2/101 135/16/101
f 136/16/103 142/2/101 145/2/103
f 142/2/101 136/16/103 135/16/101
f 131/16/104 140/2/102 133/16/102
f 140/2/102 131/16/104 141/2/104
f 132/16/105 141/2/104 131/16/104
f 141/2/104 132/16/105 139/2/105
f 145/2/103 138/16/106 136/16/103
f 138/16/106 145/2/103 146/2/106
f 143/2/107 137/16/108 144/2/108
f 137/16/108 143/2/107 134/16/107
f 132/16/105 143/2/107 139/2/105
f 143/2/107 132/16/105 134/16/107
f 146/2/106 137/16/108 138/16/106
f 137/16/108 146/2/106 144/2/108
f 147/15/92 148/16/93 149/15/93
f 148/16/93 147/15/92 150/16/92
f 151/16/94 152/15/95 153/15/94
f 152/15/95 151/16/94 154/16/95
f 155/15/96 156/16/97 157/16/96
f 156/16/97 155/15/96 158/15/97
f 156/16/97 159/15/98 160/16/98
f 159/15/98 156/16/97 158/15/97
f 153/15/94 161/16/99 151/16/94
f 161/16/99 153/15/94 162/15/99
f 147/15/92 157/16/96 150/16/92
f 157/16/96 147/15/92 155/15/96
f 160/16/98 152/15/95 154/16/95
f 152/15/95 160/16/98 159/15/98
f 162/15/99 148/16/93 161/16/99
f 148/16/93 162/15/99 149/15/93
f 163/2/100 164/2/100 165/2/100
f 164/2/100 163/2/100 166/2/100
f 164/2/100 166/2/100 167/2/100
f 167/2/100 166/2/100 168/2/100
f 167/2/100 168/2/100 169/2/100
f 169/2/100 168/2/100 170/2/100
f 157/16/100 148/16/100 150/16/100
f 148/16/100 157/16/100 171/16/100
f 171/16/100 157/16/100 172/16/100
f 173/16/100 148/16/100 171/16/100
f 172/16/100 157/16/100 156/16/100
f 172/16/100 156/16/100 174/16/100
f 148/16/100 173/16/100 161/16/100
f 161/16/100 173/16/100 175/16/100
f 161/16/100 175/16/100 176/16/100
f 174/16/100 156/16/100 160/16/100
f 161/16/100 176/16/100 151/16/100
f 174/16/100 160/16/100 177/16/100
f 151/16/100 176/16/100 178/16/100
f 177/16/100 160/16/100 178/16/100
f 151/16/100 178/16/100 160/16/100
f 151/16/100 160/16/100 154/16/100
f 176/16/103 167/2/101 169/2/103
f 167/2/101 176/16/103 175/16/101
f 172/16/105 165/2/104 171/16/104
f 165/2/104 172/16/105 163/2/105
f 171/16/104 164/2/102 173/16/102
f 164/2/102 171/16/104 165/2/104
f 169/2/103 178/16/106 176/16/103
f 178/16/106 169/2/103 170/2/106
f 166/2/107 177/16/108 168/2/108
f 177/16/108 166/2/107 174/16/107
f 168/2/108 178/16/106 170/2/106
f 178/16/106 168/2/108 177/16/108
f 172/16/105 166/2/107 163/2/105
f 166/2/107 172/16/105 174/16/107
f 167/2/101 173/16/102 164/2/102
f 173/16/102 167/2/101 175/16/101
f 179/2/57 180/4/57 181/2/57
f 180/4/57 179/2/57 182/4/57
f 180/4/11 183/2/109 181/2/109
f 183/2/109 180/4/11 184/4/11
f 185/4/1 183/2/1 184/4/1
f 183/2/1 185/4/1 186/2/1
f 185/4/23 179/2/110 186/2/110
f 179/2/110 185/4/23 182/4/23
f 180/4/11 185/4/23 184/4/11
f 185/4/23 180/4/11 182/4/23
f 179/2/110 183/2/109 186/2/110
f 183/2/109 179/2/110 181/2/109
f 187/2/57 188/4/57 189/2/57
f 188/4/57 187/2/57 190/4/57
f 188/4/11 191/2/109 189/2/109
f 191/2/109 188/4/11 192/4/11
f 193/4/1 191/2/1 192/4/1
f 191/2/1 193/4/1 194/2/1
f 193/4/23 187/2/110 194/2/110
f 187/2/110 193/4/23 190/4/23
f 188/4/11 193/4/23 192/4/11
f 193/4/23 188/4/11 190/4/23
f 187/2/110 191/2/109 194/2/110
f 191/2/109 187/2/110 189/2/109
f 195/2/16 196/2/16 197/2/16
f 196/2/16 195/2/16 198/2/16
f 198/2/57 199/4/57 196/2/57
f 199/4/57 198/2/57 200/4/57
f 201/4/28 198/2/28 195/2/28
f 198/2/28 201/4/28 200/4/28
f 199/4/27 197/2/27 196/2/27
f 197/2/27 199/4/27 202/4/27
f 201/4/1 197/2/1 202/4/1
f 197/2/1 201/4/1 195/2/1
f 199/4/52 201/4/52 202/4/52
f 201/4/52 199/4/52 200/4/52
f 203/2/111 204/4/57 205/2/57
f 204/4/57 203/2/111 206/4/111
f 204/4/27 207/2/27 205/2/27
f 207/2/27 204/4/27 208/4/27
f 209/4/112 210/2/113 211/2/112
f 210/2/113 209/4/112 212/4/113
f 213/4/114 207/2/1 208/4/1
f 207/2/1 213/4/114 214/2/114
f 215/4/115 211/2/112 216/2/115
f 211/2/112 215/4/115 209/4/112
f 215/4/115 214/2/114 213/4/114
f 214/2/114 215/4/115 216/2/115
f 217/2/116 206/4/111 203/2/111
f 206/4/111 217/2/116 218/4/116
f 212/4/113 217/2/116 210/2/113
f 217/2/116 212/4/113 218/4/116
f 204/4/52 213/4/52 208/4/52
f 213/4/52 204/4/52 215/4/52
f 215/4/52 204/4/52 209/4/52
f 209/4/52 204/4/52 212/4/52
f 212/4/52 204/4/52 218/4/52
f 218/4/52 204/4/52 206/4/52
f 216/2/16 207/2/16 214/2/16
f 207/2/16 216/2/16 205/2/16
f 205/2/16 216/2/16 211/2/16
f 205/2/16 211/2/16 210/2/16
f 205/2/16 210/2/16 217/2/16
f 205/2/16 217/2/16 203/2/16
f 219/4/27 220/2/27 221/2/27
f 220/2/27 219/4/27 222/4/27
f 223/4/28 224/2/28 225/2/28
f 224/2/28 223/4/28 226/4/28
f 223/4/1 220/2/1 222/4/1
f 220/2/1 223/4/1 225/2/1
f 219/4/52 223/4/52 222/4/52
f 223/4/52 219/4/52 226/4/52
f 224/2/57 219/4/57 221/2/57
f 219/4/57 224/2/57 226/4/57
f 225/2/16 221/2/16 220/2/16
f 221/2/16 225/2/16 224/2/16
f 227/17/117 228/18/118 229/18/118
f 228/18/118 227/17/117 230/17/117
f 231/19/119 232/20/120 233/20/120
f 232/20/120 231/19/119 234/19/119
f 228/18/121 232/20/121 229/18/121
f 232/20/121 228/18/121 233/20/121
f 228/18/122 231/19/122 233/20/122
f 231/19/122 228/18/122 235/21/122
f 236/22/122 235/21/122 228/18/122
f 235/21/122 236/22/122 237/23/122
f 236/22/122 228/18/122 230/17/122
f 236/22/122 230/17/122 238/24/122
f 237/23/123 239/22/123 240/23/123
f 239/22/123 237/23/123 236/22/123
f 239/22/124 238/24/125 241/24/125
f 238/24/125 239/22/124 236/22/124
f 237/23/126 242/21/127 235/21/127
f 242/21/127 237/23/126 240/23/126
f 235/21/127 234/19/119 231/19/119
f 234/19/119 235/21/127 242/21/127
f 241/24/125 230/17/117 227/17/117
f 230/17/117 241/24/125 238/24/125
f 239/22/128 242/21/128 240/23/128
f 242/21/128 239/22/128 234/19/128
f 229/18/128 234/19/128 239/22/128
f 234/19/128 229/18/128 232/20/128
f 229/18/128 239/22/128 241/24/128
f 229/18/128 241/24/128 227/17/128
f 243/17/117 244/18/118 245/18/118
f 244/18/118 243/17/117 246/17/117
f 247/19/119 248/20/120 249/20/120
f 248/20/120 247/19/119 250/19/119
f 244/18/121 248/20/121 245/18/121
f 248/20/121 244/18/121 249/20/121
f 244/18/122 247/19/122 249/20/122
f 247/19/122 244/18/122 251/21/122
f 252/22/122 251/21/122 244/18/122
f 251/21/122 252/22/122 253/23/122
f 252/22/122 244/18/122 246/17/122
f 252/22/122 246/17/122 254/24/122
f 253/23/123 255/22/123 256/23/123
f 255/22/123 253/23/123 252/22/123
f 255/22/124 254/24/125 257/24/125
f 254/24/125 255/22/124 252/22/124
f 253/23/126 258/21/127 251/21/127
f 258/21/127 253/23/126 256/23/126
f 251/21/127 250/19/119 247/19/119
f 250/19/119 251/21/127 258/21/127
f 257/24/125 246/17/117 243/17/117
f 246/17/117 257/24/125 254/24/125
f 255/22/128 258/21/128 256/23/128
f 258/21/128 255/22/128 250/19/128
f 245/18/128 250/19/128 255/22/128
f 250/19/128 245/18/128 248/20/128
f 245/18/128 255/22/128 257/24/128
f 245/18/128 257/24/128 243/17/128
f 259/18/16 260/18/16 261/18/16
f 260/18/16 259/18/16 262/18/16
f 259/18/57 263/25/57 262/18/57
f 263/25/57 259/18/57 264/26/57
f 264/26/57 259/18/57 265/27/129
f 265/27/129 259/18/57 266/28/130
f 267/29/27 263/25/27 268/25/27
f 267/29/27 262/18/27 263/25/27
f 262/18/27 267/29/27 260/18/27
f 269/29/27 260/18/27 267/29/27
f 260/18/27 269/29/27 270/25/27
f 270/25/27 269/29/27 271/25/27
f 267/29/131 272/30/131 269/29/131
f 272/30/131 267/29/131 273/30/131
f 271/25/132 274/26/132 270/25/132
f 274/26/132 271/25/132 275/26/132
f 272/30/57 271/25/57 269/29/57
f 271/25/57 272/30/57 275/26/57
f 263/25/132 276/26/132 268/25/132
f 276/26/132 263/25/132 264/26/132
f 276/26/1 267/29/1 268/25/1
f 267/29/1 276/26/1 273/30/1
f 274/26/1 260/18/1 270/25/1
f 260/18/1 274/26/1 261/18/1
f 261/18/1 274/26/1 277/27/133
f 261/18/1 277/27/133 278/28/134
f 266/28/130 279/31/135 265/27/129
f 279/31/135 266/28/130 280/32/136
f 279/31/135 281/29/137 282/33/138
f 281/29/137 279/31/135 280/32/136
f 283/31/139 278/28/134 277/27/133
f 278/28/134 283/31/139 284/32/140
f 285/33/141 284/32/140 283/31/139
f 284/32/140 285/33/141 286/29/142
f 284/32/110 261/18/110 278/28/110
f 261/18/110 284/32/110 259/18/110
f 259/18/110 284/32/110 286/29/142
f 259/18/110 286/29/142 281/29/137
f 259/18/110 281/29/137 280/32/110
f 259/18/110 280/32/110 266/28/110
f 265/27/143 276/26/143 264/26/143
f 276/26/143 265/27/143 275/26/143
f 272/30/143 276/26/143 275/26/143
f 276/26/143 272/30/143 273/30/143
f 275/26/143 265/27/143 274/26/143
f 274/26/143 265/27/143 277/27/143
f 277/27/143 265/27/143 279/31/143
f 277/27/143 279/31/143 283/31/143
f 283/31/143 279/31/143 282/33/143
f 283/31/143 282/33/143 285/33/143
f 287/34/144 288/34/144 289/34/144
f 288/34/144 287/34/144 290/34/144
f 288/34/144 290/34/144 291/34/144
f 291/34/144 290/34/144 292/34/144
f 291/34/144 292/34/144 293/34/144
f 293/34/144 292/34/144 294/34/144
f 295/34/144 296/34/144 297/34/144
f 296/34/144 295/34/144 298/34/144
f 296/34/144 298/34/144 299/34/144
f 299/34/144 298/34/144 300/34/144
f 299/34/144 300/34/144 301/34/144
f 301/34/144 300/34/144 302/34/144
f 303/35/145 294/36/146 304/35/147
f 294/36/146 303/35/145 293/36/148
f 304/35/147 292/36/149 305/35/150
f 292/36/149 304/35/147 294/36/146
f 291/36/151 303/35/145 306/35/152
f 303/35/145 291/36/151 293/36/148
f 290/36/153 307/35/154 308/35/155
f 307/35/154 290/36/153 287/36/156
f 305/35/150 290/36/153 308/35/155
f 290/36/153 305/35/150 292/36/149
f 309/35/157 291/36/151 306/35/152
f 291/36/151 309/35/157 288/36/158
f 287/36/156 310/35/159 307/35/154
f 310/35/159 287/36/156 289/36/160
f 289/36/160 309/35/157 310/35/159
f 309/35/157 289/36/160 288/36/158
f 306/35/152 128/37/161 124/37/162
f 128/37/161 306/35/152 303/35/145
f 307/35/154 115/37/1 117/37/163
f 115/37/1 307/35/154 310/35/159
f 308/35/155 117/37/163 130/37/164
f 117/37/163 308/35/155 307/35/154
f 120/37/57 305/35/150 121/37/165
f 305/35/150 120/37/57 304/35/147
f 120/37/57 303/35/145 304/35/147
f 303/35/145 120/37/57 128/37/161
f 126/37/166 306/35/152 124/37/162
f 306/35/152 126/37/166 309/35/157
f 121/37/165 308/35/155 130/37/164
f 308/35/155 121/37/165 305/35/150
f 309/35/157 115/37/1 310/35/159
f 115/37/1 309/35/157 126/37/166
f 311/35/145 302/36/146 312/35/147
f 302/36/146 311/35/145 301/36/148
f 312/35/147 300/36/149 313/35/150
f 300/36/149 312/35/147 302/36/146
f 299/36/151 311/35/145 314/35/152
f 311/35/145 299/36/151 301/36/148
f 298/36/153 315/35/154 316/35/155
f 315/35/154 298/36/153 295/36/156
f 313/35/150 298/36/153 316/35/155
f 298/36/153 313/35/150 300/36/149
f 317/35/157 299/36/151 314/35/152
f 299/36/151 317/35/157 296/36/158
f 295/36/156 318/35/159 315/35/154
f 318/35/159 295/36/156 297/36/160
f 297/36/160 317/35/157 318/35/159
f 317/35/157 297/36/160 296/36/158
f 314/35/152 159/37/161 158/37/162
f 159/37/161 314/35/152 311/35/145
f 315/35/154 147/37/1 149/37/163
f 147/37/1 315/35/154 318/35/159
f 162/37/164 315/35/154 149/37/163
f 315/35/154 162/37/164 316/35/155
f 152/37/57 313/35/150 153/37/165
f 313/35/150 152/37/57 312/35/147
f 152/37/57 311/35/145 312/35/147
f 311/35/145 152/37/57 159/37/161
f 155/37/166 314/35/152 158/37/162
f 314/35/152 155/37/166 317/35/157
f 313/35/150 162/37/164 153/37/165
f 162/37/164 313/35/150 316/35/155
f 317/35/157 147/37/1 318/35/159
f 147/37/1 317/35/157 155/37/166
f 282/38/138 286/39/142 285/38/141
f 286/39/142 282/38/138 281/39/137
f 1/1/1 2/2/1 3/3/1
f 3/3/1 2/2/1 4/4/1
f 4/4/1 2/2/1 5/4/1
f 5/4/1 2/2/1 6/3/1
f 6/3/1 2/2/1 7/1/1
f 8/2/1 7/1/1 2/2/1
f 9/3/2 10/1/3 11/5/4
f 12/6/5 11/5/4 10/1/3
f 13/7/6 11/5/4 14/2/7
f 15/2/8 14/2/7 11/5/4
f 9/3/2 11/5/4 16/4/9
f 13/7/6 16/4/9 11/5/4
f 11/5/4 12/6/5 15/2/8
f 17/2/10 15/2/8 12/6/5
f 9/3/2 6/3/11 10/1/3
f 7/1/12 10/1/3 6/3/11
f 6/3/11 9/3/2 5/4/13
f 16/4/9 5/4/13 9/3/2
f 4/4/14 5/4/13 18/4/15
f 16/4/9 18/4/15 5/4/13
f 8/2/16 2/2/16 17/2/16
f 2/2/16 19/2/16 17/2/16
f 17/2/16 19/2/16 15/2/16
f 19/2/16 20/2/16 15/2/16
f 15/2/16 20/2/16 14/2/16
f 21/2/16 14/2/16 20/2/16
f 22/6/17 23/5/18 19/2/19
f 20/2/20 19/2/19 23/5/18
f 24/3/21 25/1/22 3/3/23
f 1/1/24 3/3/23 25/1/22
f 24/3/21 23/5/18 25/1/22
f 22/6/17 25/1/22 23/5/18
f 23/5/18 26/7/25 20/2/20
f 21/2/26 20/2/20 26/7/25
f 24/3/21 18/4/15 23/5/18
f 26/7/25 23/5/18 18/4/15
f 3/3/23 4/4/14 24/3/21
f 18/4/15 24/3/21 4/4/14
f 18/4/15 16/4/9 26/7/25
f 13/7/6 26/7/25 16/4/9
f 21/2/26 26/7/25 14/2/7
f 13/7/6 14/2/7 26/7/25
f 10/1/3 7/1/12 12/6/5
f 12/6/5 7/1/12 17/2/10
f 8/2/27 17/2/10 7/1/12
f 25/1/22 22/6/17 1/1/24
f 1/1/24 22/6/17 2/2/28
f 19/2/19 2/2/28 22/6/17
f 27/7/29 28/2/30 29/7/31
f 28/2/30 27/7/29 30/2/32
f 31/2/16 32/2/16 33/2/16
f 34/2/16 32/2/16 31/2/16
f 35/2/16 32/2/16 34/2/16
f 36/2/16 32/2/16 35/2/16
f 36/2/16 37/2/16 32/2/16
f 38/2/16 37/2/16 36/2/16
f 37/2/16 38/2/16 39/2/16
f 40/2/16 39/2/16 38/2/16
f 41/2/16 39/2/16 40/2/16
f 42/2/16 39/2/16 41/2/16
f 28/2/16 39/2/16 42/2/16
f 39/2/16 28/2/16 30/2/16
f 43/1/33 41/2/34 40/2/27
f 41/2/34 43/1/33 44/6/35
f 44/6/35 43/1/33 45/1/36
f 46/4/37 29/7/31 47/4/38
f 29/7/31 46/4/37 27/7/29
f 48/7/39 37/2/40 39/2/41
f 37/2/40 48/7/39 49/7/42
f 50/4/27 38/2/27 36/2/27
f 38/2/27 50/4/27 51/4/27
f 52/4/43 49/7/42 48/7/39
f 49/7/42 52/4/43 53/4/44
f 54/6/45 35/2/27 34/2/46
f 35/2/27 54/6/45 55/1/33
f 55/1/33 54/6/45 56/1/47
f 52/4/43 27/7/29 46/4/37
f 27/7/29 52/4/43 48/7/39
f 53/4/44 57/7/48 49/7/42
f 57/7/48 53/4/44 58/4/49
f 49/7/42 32/2/50 37/2/40
f 32/2/50 49/7/42 57/7/48
f 48/7/39 30/2/32 27/7/29
f 30/2/32 48/7/39 39/2/41
f 59/4/51 50/4/52 60/4/53
f 58/4/49 50/4/52 59/4/51
f 53/4/44 50/4/52 58/4/49
f 53/4/44 51/4/52 50/4/52
f 52/4/43 51/4/52 53/4/44
f 52/4/43 61/4/53 51/4/52
f 46/4/37 61/4/53 52/4/43
f 61/4/53 46/4/37 47/4/38
f 29/7/31 42/2/54 62/5/55
f 42/2/54 29/7/31 28/2/30
f 63/3/56 61/4/53 47/4/38
f 61/4/53 63/3/56 64/3/11
f 64/3/11 45/1/36 43/1/33
f 45/1/36 64/3/11 63/3/56
f 44/6/35 42/2/54 41/2/34
f 42/2/54 44/6/35 62/5/55
f 47/4/38 62/5/55 63/3/56
f 62/5/55 47/4/38 29/7/31
f 45/1/36 62/5/55 44/6/35
f 62/5/55 45/1/36 63/3/56
f 38/2/57 43/1/57 40/2/57
f 43/1/57 38/2/57 64/3/57
f 64/3/57 38/2/57 61/4/57
f 61/4/57 38/2/57 51/4/57
f 32/2/50 65/7/58 33/2/59
f 65/7/58 32/2/50 57/7/48
f 57/7/48 59/4/51 65/7/58
f 59/4/51 57/7/48 58/4/49
f 56/1/47 66/3/11 55/1/33
f 66/3/11 56/1/47 67/3/60
f 33/2/59 68/5/61 31/2/62
f 68/5/61 33/2/59 65/7/58
f 65/7/58 67/3/60 68/5/61
f 67/3/60 65/7/58 59/4/51
f 68/5/61 34/2/46 31/2/62
f 34/2/46 68/5/61 54/6/45
f 68/5/61 56/1/47 54/6/45
f 56/1/47 68/5/61 67/3/60
f 67/3/60 60/4/53 66/3/11
f 60/4/53 67/3/60 59/4/51
f 66/3/1 35/2/1 55/1/1
f 35/2/1 66/3/1 36/2/1
f 36/2/1 66/3/1 60/4/1
f 36/2/1 60/4/1 50/4/1
f 69/2/63 70/2/64 71/2/63
f 70/2/64 69/2/63 72/2/64
f 73/8/57 74/9/57 75/10/57
f 74/9/57 73/8/57 72/2/57
f 74/9/57 72/2/57 76/11/57
f 76/11/57 72/2/57 69/2/57
f 76/11/57 69/2/57 77/12/57
f 77/12/57 69/2/57 78/4/57
f 78/4/57 69/2/57 79/13/57
f 79/13/57 69/2/57 80/14/57
f 81/9/1 82/8/1 83/10/1
f 82/8/1 81/9/1 70/2/1
f 70/2/1 81/9/1 84/11/1
f 70/2/1 84/11/1 71/2/1
f 71/2/1 84/11/1 85/12/1
f 71/2/1 85/12/1 86/4/1
f 71/2/1 86/4/1 87/13/1
f 71/2/1 87/13/1 88/14/1
f 76/11/65 81/9/66 74/9/66
f 81/9/66 76/11/65 84/11/65
f 76/11/65 85/12/67 84/11/65
f 85/12/67 76/11/65 77/12/67
f 77/12/67 86/4/68 85/12/67
f 86/4/68 77/12/67 78/4/68
f 74/9/66 83/10/69 75/10/69
f 83/10/69 74/9/66 81/9/66
f 72/2/64 82/8/70 70/2/64
f 82/8/70 72/2/64 73/8/70
f 75/10/69 82/8/70 73/8/70
f 82/8/70 75/10/69 83/10/69
f 88/14/71 69/2/72 71/2/72
f 69/2/72 88/14/71 80/14/71
f 78/4/68 87/13/73 86/4/68
f 87/13/73 78/4/68 79/13/73
f 87/13/73 80/14/71 88/14/71
f 80/14/71 87/13/73 79/13/73
f 89/6/74 90/2/28 91/2/75
f 90/2/28 89/6/74 92/1/24
f 92/1/24 89/6/74 93/1/76
f 94/1/12 95/2/77 96/2/27
f 95/2/77 94/1/12 97/6/78
f 97/6/78 94/1/12 98/1/79
f 99/7/80 100/2/81 101/7/82
f 100/2/81 99/7/80 102/2/83
f 103/4/84 99/7/80 101/7/82
f 99/7/80 103/4/84 104/4/85
f 105/4/14 106/3/86 104/4/85
f 106/3/86 105/4/14 107/3/23
f 104/4/85 108/5/87 99/7/80
f 108/5/87 104/4/85 106/3/86
f 99/7/80 109/2/88 102/2/83
f 109/2/88 99/7/80 108/5/87
f 108/5/87 93/1/76 89/6/74
f 93/1/76 108/5/87 106/3/86
f 93/1/76 107/3/23 92/1/24
f 107/3/23 93/1/76 106/3/86
f 108/5/87 91/2/75 109/2/88
f 91/2/75 108/5/87 89/6/74
f 109/2/16 100/2/16 102/2/16
f 100/2/16 109/2/16 110/2/16
f 110/2/16 109/2/16 91/2/16
f 110/2/16 91/2/16 95/2/16
f 95/2/16 91/2/16 90/2/16
f 95/2/16 90/2/16 96/2/16
f 111/4/13 104/4/85 103/4/84
f 104/4/85 111/4/13 105/4/14
f 112/3/89 111/4/13 103/4/84
f 111/4/13 112/3/89 113/3/11
f 113/3/11 98/1/79 94/1/12
f 98/1/79 113/3/11 112/3/89
f 97/6/78 110/2/90 95/2/77
f 110/2/90 97/6/78 114/5/91
f 114/5/91 103/4/84 101/7/82
f 103/4/84 114/5/91 112/3/89
f 114/5/91 100/2/81 110/2/90
f 100/2/81 114/5/91 101/7/82
f 98/1/79 114/5/91 97/6/78
f 114/5/91 98/1/79 112/3/89
f 90/2/57 94/1/57 96/2/57
f 94/1/57 90/2/57 113/3/57
f 113/3/57 90/2/57 111/4/57
f 111/4/57 90/2/57 105/4/57
f 105/4/57 90/2/57 107/3/57
f 107/3/57 90/2/57 92/1/57
f 115/15/92 116/16/93 117/15/93
f 116/16/93 115/15/92 118/16/92
f 119/16/94 120/15/95 121/15/94
f 120/15/95 119/16/94 122/16/95
f 123/16/96 124/15/97 125/16/97
f 124/15/97 123/16/96 126/15/96
f 124/15/97 127/16/98 125/16/97
f 127/16/98 124/15/97 128/15/98
f 121/15/94 129/16/99 119/16/94
f 129/16/99 121/15/94 130/15/99
f 126/15/96 118/16/92 115/15/92
f 118/16/92 126/15/96 123/16/96
f 127/16/98 120/15/95 122/16/95
f 120/15/95 127/16/98 128/15/98
f 129/16/99 117/15/93 116/16/93
f 117/15/93 129/16/99 130/15/99
f 123/16/100 116/16/100 118/16/100
f 116/16/100 123/16/100 131/16/100
f 131/16/100 123/16/100 132/16/100
f 133/16/100 116/16/100 131/16/100
f 132/16/100 123/16/100 125/16/100
f 132/16/100 125/16/100 134/16/100
f 116/16/100 133/16/100 129/16/100
f 129/16/100 133/16/100 135/16/100
f 129/16/100 135/16/100 136/16/100
f 134/16/100 125/16/100 127/16/100
f 129/16/100 136/16/100 119/16/100
f 134/16/100 127/16/100 137/16/100
f 119/16/100 136/16/100 138/16/100
f 137/16/100 127/16/100 138/16/100
f 119/16/100 138/16/100 127/16/100
f 119/16/100 127/16/100 122/16/100
f 139/2/100 140/2/100 141/2/100
f 140/2/100 139/2/100 142/2/100
f 142/2/100 139/2/100 143/2/100
f 142/2/100 143/2/100 144/2/100
f 142/2/100 144/2/100 145/2/100
f 145/2/100 144/2/100 146/2/100
f 142/2/101 133/16/102 140/2/102
f 133/16/102 142/2/101 135/16/101
f 136/16/103 142/2/101 145/2/103
f 142/2/101 136/16/103 135/16/101
f 131/16/104 140/2/102 133/16/102
f 140/2/102 131/16/104 141/2/104
f 132/16/105 141/2/104 131/16/104
f 141/2/104 132/16/105 139/2/105
f 145/2/103 138/16/106 136/16/103
f 138/16/106 145/2/103 146/2/106
f 143/2/107 137/16/108 144/2/108
f 137/16/108 143/2/107 134/16/107
f 132/16/105 143/2/107 139/2/105
f 143/2/107 132/16/105 134/16/107
f 146/2/106 137/16/108 138/16/106
f 137/16/108 146/2/106 144/2/108
f 147/15/92 148/16/93 149/15/93
f 148/16/93 147/15/92 150/16/92
f 151/16/94 152/15/95 153/15/94
f 152/15/95 151/16/94 154/16/95
f 155/15/96 156/16/97 157/16/96
f 156/16/97 155/15/96 158/15/97
f 156/16/97 159/15/98 160/16/98
f 159/15/98 156/16/97 158/15/97
f 153/15/94 161/16/99 151/16/94
f 161/16/99 153/15/94 162/15/99
f 147/15/92 157/16/96 150/16/92
f 157/16/96 147/15/92 155/15/96
f 160/16/98 152/15/95 154/16/95
f 152/15/95 160/16/98 159/15/98
f 162/15/99 148/16/93 161/16/99
f 148/16/93 162/15/99 149/15/93
f 163/2/100 164/2/100 165/2/100
f 164/2/100 163/2/100 166/2/100
f 164/2/100 166/2/100 167/2/100
f 167/2/100 166/2/100 168/2/100
f 167/2/100 168/2/100 169/2/100
f 169/2/100 168/2/100 170/2/100
f 157/16/100 148/16/100 150/16/100
f 148/16/100 157/16/100 171/16/100
f 171/16/100 157/16/100 172/16/100
f 173/16/100 148/16/100 171/16/100
f 172/16/100 157/16/100 156/16/100
f 172/16/100 156/16/100 174/16/100
f 148/16/100 173/16/100 161/16/100
f 161/16/100 173/16/100 175/16/100
f 161/16/100 175/16/100 176/16/100
f 174/16/100 156/16/100 160/16/100
f 161/16/100 176/16/100 151/16/100
f 174/16/100 160/16/100 177/16/100
f 151/16/100 176/16/100 178/16/100
f 177/16/100 160/16/100 178/16/100
f 151/16/100 178/16/100 160/16/100
f 151/16/100 160/16/100 154/16/100
f 176/16/103 167/2/101 169/2/103
f 167/2/101 176/16/103 175/16/101
f 172/16/105 165/2/104 171/16/104
f 165/2/104 172/16/105 163/2/105
f 171/16/104 164/2/102 173/16/102
f 164/2/102 171/16/104 165/2/104
f 169/2/103 178/16/106 176/16/103
f 178/16/106 169/2/103 170/2/106
f 166/2/107 177/16/108 168/2/108
f 177/16/108 166/2/107 174/16/107
f 168/2/108 178/16/106 170/2/106
f 178/16/106 168/2/108 177/16/108
f 172/16/105 166/2/107 163/2/105
f 166/2/107 172/16/105 174/16/107
f 167/2/101 173/16/102 164/2/102
f 173/16/102 167/2/101 175/16/101
f 179/2/57 180/4/57 181/2/57
f 180/4/57 179/2/57 182/4/57
f 180/4/11 183/2/109 181/2/109
f 183/2/109 180/4/11 184/4/11
f 185/4/1 183/2/1 184/4/1
f 183/2/1 185/4/1 186/2/1
f 185/4/23 179/2/110 186/2/110
f 179/2/110 185/4/23 182/4/23
f 180/4/11 185/4/23 184/4/11
f 185/4/23 180/4/11 182/4/23
f 179/2/110 183/2/109 186/2/110
f 183/2/109 179/2/110 181/2/109
f 187/2/57 188/4/57 189/2/57
f 188/4/57 187/2/57 190/4/57
f 188/4/11 191/2/109 189/2/109
f 191/2/109 188/4/11 192/4/11
f 193/4/1 191/2/1 192/4/1
f 191/2/1 193/4/1 194/2/1
f 193/4/23 187/2/110 194/2/110
f 187/2/110 193/4/23 190/4/23
f 188/4/11 193/4/23 192/4/11
f 193/4/23 188/4/11 190/4/23
f 187/2/110 191/2/109 194/2/110
f 191/2/109 187/2/110 189/2/109
f 195/2/16 196/2/16 197/2/16
f 196/2/16 195/2/16 198/2/16
f 198/2/57 199/4/57 196/2/57
f 199/4/57 198/2/57 200/4/57
f 201/4/28 198/2/28 195/2/28
f 198/2/28 201/4/28 200/4/28
f 199/4/27 197/2/27 196/2/27
f 197/2/27 199/4/27 202/4/27
f 201/4/1 197/2/1 202/4/1
f 197/2/1 201/4/1 195/2/1
f 199/4/52 201/4/52 202/4/52
f 201/4/52 199/4/52 200/4/52
f 203/2/111 204/4/57 205/2/57
f 204/4/57 203/2/111 206/4/111
f 204/4/27 207/2/27 205/2/27
f 207/2/27 204/4/27 208/4/27
f 209/4/112 210/2/113 211/2/112
f 210/2/113 209/4/112 212/4/113
f 213/4/114 207/2/1 208/4/1
f 207/2/1 213/4/114 214/2/114
f 215/4/115 211/2/112 216/2/115
f 211/2/112 215/4/115 209/4/112
f 215/4/115 214/2/114 213/4/114
f 214/2/114 215/4/115 216/2/115
f 217/2/116 206/4/111 203/2/111
f 206/4/111 217/2/116 218/4/116
f 212/4/113 217/2/116 210/2/113
f 217/2/116 212/4/113 218/4/116
f 204/4/52 213/4/52 208/4/52
f 213/4/52 204/4/52 215/4/52
f 215/4/52 204/4/52 209/4/52
f 209/4/52 204/4/52 212/4/52
f 212/4/52 204/4/52 218/4/52
f 218/4/52 204/4/52 206/4/52
f 216/2/16 207/2/16 214/2/16
f 207/2/16 216/2/16 205/2/16
f 205/2/16 216/2/16 211/2/16
f 205/2/16 211/2/16 210/2/16
f 205/2/16 210/2/16 217/2/16
f 205/2/16 217/2/16 203/2/16
f 219/4/27 220/2/27 221/2/27
f 220/2/27 219/4/27 222/4/27
f 223/4/28 224/2/28 225/2/28
f 224/2/28 223/4/28 226/4/28
f 223/4/1 220/2/1 222/4/1
f 220/2/1 223/4/1 225/2/1
f 219/4/52 223/4/52 222/4/52
f 223/4/52 219/4/52 226/4/52
f 224/2/57 219/4/57 221/2/57
f 219/4/57 224/2/57 226/4/57
f 225/2/16 221/2/16 220/2/16
f 221/2/16 225/2/16 224/2/16
f 227/17/117 228/18/118 229/18/118
f 228/18/118 227/17/117 230/17/117
f 231/19/119 232/20/120 233/20/120
f 232/20/120 231/19/119 234/19/119
f 228/18/121 232/20/121 229/18/121
f 232/20/121 228/18/121 233/20/121
f 228/18/122 231/19/122 233/20/122
f 231/19/122 228/18/122 235/21/122
f 236/22/122 235/21/122 228/18/122
f 235/21/122 236/22/122 237/23/122
f 236/22/122 228/18/122 230/17/122
f 236/22/122 230/17/122 238/24/122
f 237/23/123 239/22/123 240/23/123
f 239/22/123 237/23/123 236/22/123
f 239/22/124 238/24/125 241/24/125
f 238/24/125 239/22/124 236/22/124
f 237/23/126 242/21/127 235/21/127
f 242/21/127 237/23/126 240/23/126
f 235/21/127 234/19/119 231/19/119
f 234/19/119 235/21/127 242/21/127
f 241/24/125 230/17/117 227/17/117
f 230/17/117 241/24/125 238/24/125
f 239/22/128 242/21/128 240/23/128
f 242/21/128 239/22/128 234/19/128
f 229/18/128 234/19/128 239/22/128
f 234/19/128 229/18/128 232/20/128
f 229/18/128 239/22/128 241/24/128
f 229/18/128 241/24/128 227/17/128
f 243/17/117 244/18/118 245/18/118
f 244/18/118 243/17/117 246/17/117
f 247/19/119 248/20/120 249/20/120
f 248/20/120 247/19/119 250/19/119
f 244/18/121 248/20/121 245/18/121
f 248/20/121 244/18/121 249/20/121
f 244/18/122 247/19/122 249/20/122
f 247/19/122 244/18/122 251/21/122
f 252/22/122 251/21/122 244/18/122
f 251/21/122 252/22/122 253/23/122
f 252/22/122 244/18/122 246/17/122
f 252/22/122 246/17/122 254/24/122
f 253/23/123 255/22/123 256/23/123
f 255/22/123 253/23/123 252/22/123
f 255/22/124 254/24/125 257/24/125
f 254/24/125 255/22/124 252/22/124
f 253/23/126 258/21/127 251/21/127
f 258/21/127 253/23/126 256/23/126
f 251/21/127 250/19/119 247/19/119
f 250/19/119 251/21/127 258/21/127
f 257/24/125 246/17/117 243/17/117
f 246/17/117 257/24/125 254/24/125
f 255/22/128 258/21/128 256/23/128
f 258/21/128 255/22/128 250/19/128
f 245/18/128 250/19/128 255/22/128
f 250/19/128 245/18/128 248/20/128
f 245/18/128 255/22/128 257/24/128
f 245/18/128 257/24/128 243/17/128
f 259/18/16 260/18/16 261/18/16
f 260/18/16 259/18/16 262/18/16
f 259/18/57 263/25/57 262/18/57
f 263/25/57 259/18/57 264/26/57
f 264/26/57 259/18/57 265/27/129
f 265/27/129 259/18/57 266/28/130
f 267/29/27 263/25/27 268/25/27
f 267/29/27 262/18/27 263/25/27
f 262/18/27 267/29/27 260/18/27
f 269/29/27 260/18/27 267/29/27
f 260/18/27 269/29/27 270/25/27
f 270/25/27 269/29/27 271/25/27
f 267/29/131 272/30/131 269/29/131
f 272/30/131 267/29/131 273/30/131
f 271/25/132 274/26/132 270/25/132
f 274/26/132 271/25/132 275/26/132
f 272/30/57 271/25/57 269/29/57
f 271/25/57 272/30/57 275/26/57
f 263/25/132 276/26/132 268/25/132
f 276/26/132 263/25/132 264/26/132
f 276/26/1 267/29/1 268/25/1
f 267/29/1 276/26/1 273/30/1
f 274/26/1 260/18/1 270/25/1
f 260/18/1 274/26/1 261/18/1
f 261/18/1 274/26/1 277/27/133
f 261/18/1 277/27/133 278/28/134
f 266/28/130 279/31/135 265/27/129
f 279/31/135 266/28/130 280/32/136
f 279/31/135 281/29/137 282/33/138
f 281/29/137 279/31/135 280/32/136
f 283/31/139 278/28/134 277/27/133
f 278/28/134 283/31/139 284/32/140
f 285/33/141 284/32/140 283/31/139
f 284/32/140 285/33/141 286/29/142
f 284/32/110 261/18/110 278/28/110
f 261/18/110 284/32/110 259/18/110
f 259/18/110 284/32/110 286/29/142
f 259/18/110 286/29/142 281/29/137
f 259/18/110 281/29/137 280/32/110
f 259/18/110 280/32/110 266/28/110
f 265/27/143 276/26/143 264/26/143
f 276/26/143 265/27/143 275/26/143
f 272/30/143 276/26/143 275/26/143
f 276/26/143 272/30/143 273/30/143
f 275/26/143 265/27/143 274/26/143
f 274/26/143 265/27/143 277/27/143
f 277/27/143 265/27/143 279/31/143
f 277/27/143 279/31/143 283/31/143
f 283/31/143 279/31/143 282/33/143
f 283/31/143 282/33/143 285/33/143
f 287/34/144 288/34/144 289/34/144
f 288/34/144 287/34/144 290/34/144
f 288/34/144 290/34/144 291/34/144
f 291/34/144 290/34/144 292/34/144
f 291/34/144 292/34/144 293/34/144
f 293/34/144 292/34/144 294/34/144
f 295/34/144 296/34/144 297/34/144
f 296/34/144 295/34/144 298/34/144
f 296/34/144 298/34/144 299/34/144
f 299/34/144 298/34/144 300/34/144
f 299/34/144 300/34/144 301/34/144
f 301/34/144 300/34/144 302/34/144
f 303/35/145 294/36/146 304/35/147
f 294/36/146 303/35/145 293/36/148
f 304/35/147 292/36/149 305/35/150
f 292/36/149 304/35/147 294/36/146
f 291/36/151 303/35/145 306/35/152
f 303/35/145 291/36/151 293/36/148
f 290/36/153 307/35/154 308/35/155
f 307/35/154 290/36/153 287/36/156
f 305/35/150 290/36/153 308/35/155
f 290/36/153 305/35/150 292/36/149
f 309/35/157 291/36/151 306/35/152
f 291/36/151 309/35/157 288/36/158
f 287/36/156 310/35/159 307/35/154
f 310/35/159 287/36/156 289/36/160
f 289/36/160 309/35/157 310/35/159
f 309/35/157 289/36/160 288/36/158
f 306/35/152 128/37/161 124/37/162
f 128/37/161 306/35/152 303/35/145
f 307/35/154 115/37/1 117/37/163
f 115/37/1 307/35/154 310/35/159
f 308/35/155 117/37/163 130/37/164
f 117/37/163 308/35/155 307/35/154
f 120/37/57 305/35/150 121/37/165
f 305/35/150 120/37/57 304/35/147
f 120/37/57 303/35/145 304/35/147
f 303/35/145 120/37/57 128/37/161
f 126/37/166 306/35/152 124/37/162
f 306/35/152 126/37/166 309/35/157
f 121/37/165 308/35/155 130/37/164
f 308/35/155 121/37/165 305/35/150
f 309/35/157 115/37/1 310/35/159
f 115/37/1 309/35/157 126/37/166
f 311/35/145 302/36/146 312/35/147
f 302/36/146 311/35/145 301/36/148
f 312/35/147 300/36/149 313/35/150
f 300/36/149 312/35/147 302/36/146
f 299/36/151 311/35/145 314/35/152
f 311/35/145 299/36/151 301/36/148
f 298/36/153 315/35/154 316/35/155
f 315/35/154 298/36/153 295/36/156
f 313/35/150 298/36/153 316/35/155
f 298/36/153 313/35/150 300/36/149
f 317/35/157 299/36/151 314/35/152
f 299/36/151 317/35/157 296/36/158
f 295/36/156 318/35/159 315/35/154
f 318/35/159 295/36/156 297/36/160
f 297/36/160 317/35/157 318/35/159
f 317/35/157 297/36/160 296/36/158
f 314/35/152 159/37/161 158/37/162
f 159/37/161 314/35/152 311/35/145
f 315/35/154 147/37/1 149/37/163
f 147/37/1 315/35/154 318/35/159
f 162/37/164 315/35/154 149/37/163
f 315/35/154 162/37/164 316/35/155
f 152/37/57 313/35/150 153/37/165
f 313/35/150 152/37/57 312/35/147
f 152/37/57 311/35/145 312/35/147
f 311/35/145 152/37/57 159/37/161
f 155/37/166 314/35/152 158/37/162
f 314/35/152 155/37/166 317/35/157
f 313/35/150 162/37/164 153/37/165
f 162/37/164 313/35/150 316/35/155
f 317/35/157 147/37/1 318/35/159
f 147/37/1 317/35/157 155/37/166
f 282/38/138 286/39/142 285/38/141
f 286/39/142 282/38/138 281/39/137
f 319/40/167 320/41/168 321/40/169
f 322/42/170 319/40/167 321/40/169
f 320/41/168 319/40/167 323/41/171
f 324/43/172 323/41/171 319/40/167
f 323/41/171 325/44/173 320/41/168
f 319/40/167 322/42/170 326/42/174
f 326/42/174 324/43/172 319/40/167
f 322/42/170 327/45/175 326/42/174
f 327/45/175 322/42/170 328/45/176
f 329/46/177 327/45/175 328/45/176
f 327/45/175 329/46/177 330/46/178
f 331/46/179 330/46/178 329/46/177
f 332/47/180 326/42/174 327/45/175
f 330/46/178 332/47/180 327/45/175
f 324/43/172 326/42/174 333/48/181
f 326/42/174 332/47/180 333/48/181
f 330/46/178 331/46/179 334/46/182
f 335/45/183 334/46/182 331/46/179
f 334/46/182 335/45/183 336/45/184
f 337/42/185 336/45/184 335/45/183
f 338/49/186 330/46/178 334/46/182
f 339/47/187 334/46/182 336/45/184
f 334/46/182 339/47/187 338/49/186
f 336/45/184 337/42/185 340/42/188
f 340/42/188 339/47/187 336/45/184
f 332/47/180 330/46/178 341/49/189
f 330/46/178 338/49/186 341/49/189
f 342/50/190 332/47/180 341/49/189
f 338/49/186 342/50/190 341/49/189
f 343/51/191 333/48/181 332/47/180
f 332/47/180 342/50/190 343/51/191
f 342/50/190 338/49/186 344/50/192
f 339/47/187 344/50/192 338/49/186
f 344/50/192 343/51/191 342/50/190
f 333/48/181 343/51/191 345/52/193
f 345/52/193 324/43/172 333/48/181
f 343/51/191 344/50/192 346/51/194
f 344/50/192 339/47/187 346/51/194
f 343/51/191 346/51/194 345/52/193
f 347/48/195 346/51/194 339/47/187
f 339/47/187 340/42/188 347/48/195
f 340/42/188 348/43/196 347/48/195
f 346/51/194 347/48/195 349/52/197
f 345/52/193 346/51/194 349/52/197
f 348/43/196 349/52/197 347/48/195
f 345/52/193 349/52/197 350/53/198
f 324/43/172 345/52/193 350/53/198
f 350/53/198 349/52/197 351/53/199
f 349/52/197 348/43/196 351/53/199
f 352/54/200 324/43/172 350/53/198
f 350/53/198 351/53/199 352/54/200
f 348/43/196 340/42/188 353/40/201
f 337/42/185 353/40/201 340/42/188
f 353/40/201 337/42/185 354/40/202
f 355/41/203 353/40/201 354/40/202
f 353/40/201 355/41/203 356/41/204
f 356/41/204 348/43/196 353/40/201
f 357/44/205 356/41/204 355/41/203
f 348/43/196 358/54/206 351/53/199
f 352/54/200 351/53/199 358/54/206
f 356/41/204 357/44/205 359/44/207
f 325/44/173 359/44/207 357/44/205
f 348/43/196 356/41/204 360/55/208
f 358/54/206 348/43/196 360/55/208
f 359/44/207 360/55/208 356/41/204
f 359/44/207 325/44/173 361/44/209
f 325/44/173 323/41/171 361/44/209
f 360/55/208 362/56/210 358/54/206
f 352/54/200 358/54/206 362/56/210
f 360/55/208 359/44/207 363/57/211
f 361/44/209 363/57/211 359/44/207
f 362/56/210 360/55/208 363/57/211
f 364/55/212 361/44/209 323/41/171
f 323/41/171 324/43/172 364/55/212
f 324/43/172 352/54/200 364/55/212
f 363/57/211 361/44/209 365/57/213
f 365/57/213 362/56/210 363/57/211
f 361/44/209 364/55/212 365/57/213
f 366/56/214 364/55/212 352/54/200
f 352/54/200 362/56/210 366/56/214
f 364/55/212 366/56/214 365/57/213
f 362/56/210 365/57/213 366/56/214
f 367/58/215 368/59/216 369/60/217
f 370/61/218 368/59/216 367/58/215
f 367/58/215 369/60/217 371/62/219
f 371/62/219 369/60/217 372/63/220
f 373/64/221 370/61/218 367/58/215
f 374/65/222 370/61/218 373/64/221
f 371/62/219 372/63/220 375/66/223
f 372/63/220 376/67/224 375/66/223
f 375/66/223 376/67/224 377/68/225
f 376/67/224 378/69/226 377/68/225
f 379/70/227 371/62/219 375/66/223
f 377/68/225 379/70/227 375/66/223
f 380/62/228 367/58/215 371/62/219
f 371/62/219 379/70/227 380/62/228
f 381/71/229 373/64/221 367/58/215
f 367/58/215 380/62/228 381/71/229
f 382/72/230 374/65/222 373/64/221
f 382/72/230 383/73/231 374/65/222
f 377/68/225 378/69/226 384/74/232
f 378/69/226 385/75/233 384/74/232
f 386/70/234 380/62/228 379/70/227
f 379/70/227 377/68/225 387/76/235
f 387/76/235 386/70/234 379/70/227
f 388/62/236 381/71/229 380/62/228
f 380/62/228 386/70/234 388/62/236
f 389/77/237 377/68/225 384/74/232
f 377/68/225 389/77/237 387/76/235
f 373/64/221 381/71/229 390/78/238
f 373/64/221 391/79/239 382/72/230
f 391/79/239 373/64/221 390/78/238
f 381/71/229 388/62/236 392/71/240
f 392/71/240 390/78/238 381/71/229
f 385/75/233 393/80/241 384/74/232
f 384/74/232 394/81/242 389/77/237
f 394/81/242 384/74/232 393/80/241
f 385/75/233 395/74/243 393/80/241
f 396/69/244 395/74/243 385/75/233
f 397/77/245 393/80/241 395/74/243
f 393/80/241 397/77/245 394/81/242
f 398/68/246 395/74/243 396/69/244
f 398/68/246 397/77/245 395/74/243
f 399/67/247 398/68/246 396/69/244
f 400/66/248 398/68/246 399/67/247
f 401/63/249 400/66/248 399/67/247
f 397/77/245 398/68/246 402/76/250
f 400/66/248 402/76/250 398/68/246
f 403/62/251 400/66/248 401/63/249
f 403/62/251 401/63/249 404/60/252
f 405/58/253 403/62/251 404/60/252
f 405/58/253 404/60/252 406/59/254
f 407/61/255 405/58/253 406/59/254
f 402/76/250 400/66/248 408/70/256
f 403/62/251 408/70/256 400/66/248
f 409/76/257 397/77/245 402/76/250
f 408/70/256 409/76/257 402/76/250
f 408/70/256 403/62/251 410/62/258
f 405/58/253 410/62/258 403/62/251
f 411/64/259 405/58/253 407/61/255
f 412/65/260 411/64/259 407/61/255
f 397/77/245 409/76/257 413/77/261
f 413/77/261 394/81/242 397/77/245
f 409/76/257 408/70/256 414/70/262
f 410/62/258 414/70/262 408/70/256
f 415/72/263 411/64/259 412/65/260
f 415/72/263 412/65/260 383/73/231
f 416/82/264 415/72/263 383/73/231
f 416/82/264 383/73/231 382/72/230
f 417/79/265 411/64/259 415/72/263
f 416/82/264 417/79/265 415/72/263
f 382/72/230 418/44/266 416/82/264
f 417/79/265 416/82/264 418/44/266
f 418/44/266 382/72/230 391/79/239
f 394/81/242 413/77/261 419/81/267
f 419/81/267 389/77/237 394/81/242
f 411/64/259 417/79/265 420/78/268
f 420/78/268 405/58/253 411/64/259
f 410/62/258 405/58/253 421/71/269
f 405/58/253 420/78/268 421/71/269
f 417/79/265 422/78/270 420/78/268
f 422/78/270 421/71/269 420/78/268
f 418/44/266 423/79/271 417/79/265
f 422/78/270 417/79/265 423/79/271
f 391/79/239 424/44/272 418/44/266
f 423/79/271 418/44/266 424/44/272
f 421/71/269 425/62/273 410/62/258
f 414/70/262 410/62/258 425/62/273
f 421/71/269 422/78/270 426/71/274
f 425/62/273 421/71/269 426/71/274
f 423/79/271 427/83/275 422/78/270
f 427/83/275 426/71/274 422/78/270
f 424/44/272 391/79/239 428/79/276
f 390/78/238 428/79/276 391/79/239
f 424/44/272 429/84/277 423/79/271
f 427/83/275 423/79/271 429/84/277
f 428/79/276 390/78/238 430/78/278
f 390/78/238 392/71/240 430/78/278
f 425/62/273 431/85/279 414/70/262
f 426/71/274 432/62/280 425/62/273
f 431/85/279 425/62/273 432/62/280
f 426/71/274 427/83/275 433/86/281
f 432/62/280 426/71/274 433/86/281
f 429/84/277 434/87/282 427/83/275
f 434/87/282 433/86/281 427/83/275
f 435/88/283 414/70/262 431/85/279
f 414/70/262 435/88/283 409/76/257
f 435/88/283 413/77/261 409/76/257
f 413/77/261 435/88/283 436/89/284
f 436/89/284 419/81/267 413/77/261
f 431/85/279 437/90/285 435/88/283
f 437/90/285 436/89/284 435/88/283
f 432/62/280 438/91/286 431/85/279
f 437/90/285 431/85/279 438/91/286
f 433/86/281 439/62/287 432/62/280
f 438/91/286 432/62/280 439/62/287
f 433/86/281 434/87/282 440/92/288
f 439/62/287 433/86/281 440/92/288
f 434/87/282 429/84/277 441/93/289
f 442/94/290 441/93/289 429/84/277
f 429/84/277 424/44/272 442/94/290
f 424/44/272 443/84/291 442/94/290
f 443/84/291 424/44/272 428/79/276
f 428/79/276 444/83/292 443/84/291
f 444/83/292 428/79/276 430/78/278
f 430/78/278 445/86/293 444/83/292
f 445/86/293 430/78/278 392/71/240
f 392/71/240 446/62/294 445/86/293
f 446/62/294 392/71/240 388/62/236
f 388/62/236 447/85/295 446/62/294
f 447/85/295 388/62/236 386/70/234
f 448/76/296 447/85/295 386/70/234
f 386/70/234 387/76/235 448/76/296
f 387/76/235 449/77/297 448/76/296
f 449/77/297 387/76/235 389/77/237
f 389/77/237 419/81/267 449/77/297
f 447/85/295 448/76/296 450/88/298
f 449/77/297 450/88/298 448/76/296
f 451/91/299 446/62/294 447/85/295
f 450/88/298 451/91/299 447/85/295
f 452/62/300 445/86/293 446/62/294
f 446/62/294 451/91/299 452/62/300
f 453/92/301 444/83/292 445/86/293
f 445/86/293 452/62/300 453/92/301
f 419/81/267 454/89/302 449/77/297
f 450/88/298 449/77/297 454/89/302
f 451/91/299 450/88/298 455/90/303
f 454/89/302 455/90/303 450/88/298
f 454/89/302 419/81/267 456/95/304
f 419/81/267 436/89/284 456/95/304
f 444/83/292 453/92/301 457/87/305
f 457/87/305 443/84/291 444/83/292
f 455/90/303 454/89/302 458/96/306
f 456/95/304 458/96/306 454/89/302
f 459/96/307 456/95/304 436/89/284
f 436/89/284 437/90/285 459/96/307
f 443/84/291 457/87/305 460/93/308
f 460/93/308 442/94/290 443/84/291
f 458/96/306 456/95/304 461/97/309
f 456/95/304 459/96/307 461/97/309
f 462/98/310 458/96/306 461/97/309
f 459/96/307 462/98/310 461/97/309
f 463/99/311 455/90/303 458/96/306
f 458/96/306 462/98/310 463/99/311
f 464/62/312 463/99/311 462/98/310
f 462/98/310 459/96/307 465/99/313
f 437/90/285 465/99/313 459/96/307
f 464/62/312 462/98/310 465/99/313
f 455/90/303 463/99/311 466/100/314
f 464/62/312 466/100/314 463/99/311
f 466/100/314 451/91/299 455/90/303
f 465/99/313 437/90/285 467/100/315
f 464/62/312 465/99/313 467/100/315
f 438/91/286 467/100/315 437/90/285
f 451/91/299 466/100/314 468/101/316
f 464/62/312 468/101/316 466/100/314
f 468/101/316 452/62/300 451/91/299
f 467/100/315 438/91/286 469/101/317
f 464/62/312 467/100/315 469/101/317
f 439/62/287 469/101/317 438/91/286
f 470/62/318 468/101/316 464/62/312
f 452/62/300 468/101/316 470/62/318
f 471/62/319 464/62/312 469/101/317
f 469/101/317 439/62/287 471/62/319
f 472/102/320 470/62/318 464/62/312
f 472/102/320 452/62/300 470/62/318
f 452/62/300 472/102/320 453/92/301
f 439/62/287 473/102/321 471/62/319
f 473/102/321 464/62/312 471/62/319
f 473/102/321 439/62/287 440/92/288
f 474/103/322 453/92/301 472/102/320
f 474/103/322 472/102/320 464/62/312
f 453/92/301 474/103/322 457/87/305
f 440/92/288 475/103/323 473/102/321
f 475/103/323 464/62/312 473/102/321
f 475/103/323 440/92/288 434/87/282
f 476/104/324 457/87/305 474/103/322
f 476/104/324 474/103/322 464/62/312
f 457/87/305 476/104/324 460/93/308
f 434/87/282 477/104/325 475/103/323
f 477/104/325 464/62/312 475/103/323
f 477/104/325 434/87/282 441/93/289
f 478/105/326 476/104/324 464/62/312
f 478/105/326 464/62/312 477/104/325
f 478/105/326 460/93/308 476/104/324
f 441/93/289 478/105/326 477/104/325
f 460/93/308 478/105/326 479/106/327
f 478/105/326 441/93/289 479/106/327
f 442/94/290 460/93/308 479/106/327
f 441/93/289 442/94/290 479/106/327
f 480/107/328 481/108/329 482/109/330
f 481/108/329 480/107/328 483/110/329
f 483/110/329 480/107/328 484/111/329
f 484/111/329 480/107/328 485/112/329
f 485/112/329 480/107/328 486/113/329
f 485/112/329 486/113/329 487/114/329
f 485/112/329 487/114/329 488/34/329
f 488/34/329 487/114/329 489/115/329
f 490/108/331 491/107/332 492/109/333
f 491/107/332 490/108/331 493/110/331
f 491/107/332 493/110/331 494/111/331
f 491/107/332 494/111/331 495/112/331
f 491/107/332 495/112/331 496/113/331
f 496/113/331 495/112/331 497/114/331
f 497/114/331 495/112/331 498/34/331
f 497/114/331 498/34/331 499/115/331
f 491/107/332 482/109/330 492/109/333
f 482/109/330 491/107/332 480/107/328
f 500/116/334 501/116/179 502/116/335
f 501/116/179 500/116/334 503/116/177
f 504/34/173 505/34/336 506/34/205
f 505/34/336 504/34/173 507/34/337
f 508/117/338 509/118/185 510/117/202
f 509/118/185 508/117/338 511/118/339
f 512/119/340 503/116/177 500/116/334
f 503/116/177 512/119/340 513/119/176
f 514/120/341 515/121/342 516/122/343
f 515/121/342 514/120/341 517/123/344
f 518/124/345 519/125/346 520/124/347
f 519/125/346 518/124/345 521/125/348
f 519/125/346 521/125/348 522/126/349
f 522/126/349 521/125/348 523/126/350
f 522/126/349 523/126/350 524/127/351
f 524/127/351 523/126/350 525/127/352
f 524/127/351 525/127/352 516/122/343
f 516/122/343 525/127/352 526/122/353
f 516/122/343 526/122/353 527/120/354
f 516/122/343 527/120/354 514/120/341
f 528/128/355 511/118/339 508/117/338
f 511/118/339 528/128/355 529/129/356
f 506/34/205 530/130/357 531/130/203
f 530/130/357 506/34/205 505/34/336
f 505/34/336 532/121/358 530/130/357
f 532/121/358 505/34/336 533/123/359
f 530/130/357 528/128/355 508/117/338
f 528/128/355 530/130/357 532/121/358
f 534/131/360 535/118/361 512/119/340
f 535/118/361 534/131/360 536/129/362
f 528/128/355 526/122/353 525/127/352
f 526/122/353 528/128/355 532/121/358
f 537/132/363 500/116/334 502/116/335
f 500/116/334 537/132/363 538/132/364
f 527/120/354 517/123/344 514/120/341
f 517/123/344 527/120/354 533/123/359
f 539/131/365 502/116/335 540/119/366
f 502/116/335 539/131/365 537/132/363
f 534/131/360 500/116/334 538/132/364
f 500/116/334 534/131/360 512/119/340
f 504/34/173 541/130/367 507/34/337
f 541/130/367 504/34/173 542/130/168
f 543/128/368 541/130/367 544/117/369
f 541/130/367 543/128/368 515/121/342
f 516/122/343 543/128/368 524/127/351
f 543/128/368 516/122/343 515/121/342
f 522/126/349 543/128/368 536/129/362
f 543/128/368 522/126/349 524/127/351
f 507/34/337 533/123/359 505/34/336
f 533/123/359 507/34/337 517/123/344
f 537/132/363 520/124/347 538/132/364
f 520/124/347 537/132/363 518/124/345
f 539/131/365 518/124/345 537/132/363
f 518/124/345 539/131/365 521/125/348
f 511/118/339 539/131/365 540/119/366
f 539/131/365 511/118/339 529/129/356
f 536/129/362 544/117/369 535/118/361
f 544/117/369 536/129/362 543/128/368
f 529/129/356 521/125/348 539/131/365
f 521/125/348 529/129/356 523/126/350
f 509/118/185 540/119/366 545/119/183
f 540/119/366 509/118/185 511/118/339
f 507/34/337 515/121/342 517/123/344
f 515/121/342 507/34/337 541/130/367
f 531/130/203 508/117/338 510/117/202
f 508/117/338 531/130/203 530/130/357
f 512/119/340 546/118/170 513/119/176
f 546/118/170 512/119/340 535/118/361
f 544/117/369 542/130/168 547/117/169
f 542/130/168 544/117/369 541/130/367
f 546/118/170 544/117/369 547/117/169
f 544/117/369 546/118/170 535/118/361
f 532/121/358 527/120/354 526/122/353
f 527/120/354 532/121/358 533/123/359
f 519/125/346 536/129/362 534/131/360
f 536/129/362 519/125/346 522/126/349
f 502/116/335 545/119/183 540/119/366
f 545/119/183 502/116/335 501/116/179
f 520/124/347 534/131/360 538/132/364
f 534/131/360 520/124/347 519/125/346
f 528/128/355 523/126/350 529/129/356
f 523/126/350 528/128/355 525/127/352
f 548/133/370 549/134/371 550/135/372
f 551/134/373 550/135/372 552/135/374
f 550/135/372 553/136/375 554/137/376
f 555/135/377 553/136/375 550/135/372
f 550/135/372 556/138/378 557/139/379
f 558/140/380 548/133/370 550/135/372
f 559/141/381 550/135/372 560/140/382
f 550/135/372 561/138/383 562/137/384
f 552/135/374 550/135/372 563/136/385
f 550/135/372 562/137/384 563/136/385
f 560/140/382 550/135/372 564/133/386
f 549/134/371 555/135/377 550/135/372
f 559/141/381 558/140/380 550/135/372
f 550/135/372 554/137/376 556/138/378
f 564/133/386 550/135/372 551/134/373
f 550/135/372 557/139/379 561/138/383
f 565/142/387 559/141/381 560/140/382
f 559/141/381 565/142/387 566/143/388
f 553/136/375 567/135/389 568/144/390
f 567/135/389 553/136/375 555/135/377
f 569/145/391 560/140/382 564/133/386
f 560/140/382 569/145/391 565/142/387
f 558/140/380 570/145/392 548/133/370
f 570/145/392 558/140/380 571/142/393
f 572/135/394 563/136/385 573/144/395
f 563/136/385 572/135/394 552/135/374
f 574/146/396 557/139/379 575/147/397
f 557/139/379 574/146/396 561/138/383
f 554/137/376 568/144/390 576/148/398
f 568/144/390 554/137/376 553/136/375
f 557/139/379 577/146/399 575/147/397
f 577/146/399 557/139/379 556/138/378
f 559/141/381 571/142/393 558/140/380
f 571/142/393 559/141/381 566/143/388
f 556/138/378 576/148/398 577/146/399
f 576/148/398 556/138/378 554/137/376
f 548/133/370 578/149/400 549/134/371
f 578/149/400 548/133/370 570/145/392
f 572/135/394 551/134/373 552/135/374
f 551/134/373 572/135/394 579/149/401
f 579/149/401 564/133/386 551/134/373
f 564/133/386 579/149/401 569/145/391
f 549/134/371 567/135/389 555/135/377
f 567/135/389 549/134/371 578/149/400
f 573/144/395 562/137/384 580/148/402
f 562/137/384 573/144/395 563/136/385
f 580/148/402 561/138/383 574/146/396
f 561/138/383 580/148/402 562/137/384
f 572/135/394 368/150/403 579/149/401
f 368/150/403 572/135/394 369/135/404
f 579/149/401 370/151/405 569/145/391
f 370/151/405 579/149/401 368/150/403
f 406/150/406 567/135/389 578/149/400
f 567/135/389 406/150/406 404/135/407
f 401/152/408 576/148/398 568/144/390
f 576/148/398 401/152/408 399/153/409
f 580/148/402 378/154/410 376/153/411
f 378/154/410 580/148/402 574/146/396
f 576/148/398 396/154/412 577/146/399
f 396/154/412 576/148/398 399/153/409
f 374/155/413 569/145/391 370/151/405
f 569/145/391 374/155/413 565/142/387
f 404/135/407 568/144/390 567/135/389
f 568/144/390 404/135/407 401/152/408
f 383/156/414 571/142/393 566/143/388
f 571/142/393 383/156/414 412/155/415
f 412/155/415 570/145/392 571/142/393
f 570/145/392 412/155/415 407/151/416
f 407/151/416 578/149/400 570/145/392
f 578/149/400 407/151/416 406/150/406
f 573/144/395 369/135/404 572/135/394
f 369/135/404 573/144/395 372/152/417
f 574/146/396 385/157/418 378/154/410
f 385/157/418 574/146/396 575/147/397
f 577/146/399 385/157/418 575/147/397
f 385/157/418 577/146/399 396/154/412
f 383/156/414 565/142/387 374/155/413
f 565/142/387 383/156/414 566/143/388
f 580/148/402 372/152/417 573/144/395
f 372/152/417 580/148/402 376/153/411
f 581/158/419 582/159/420 583/160/421
f 582/159/420 581/158/419 584/161/422
f 585/162/423 586/163/424 587/164/425
f 586/163/424 585/162/423 588/165/426
f 589/166/427 590/167/428 591/168/429
f 590/167/428 589/166/427 592/169/430
f 582/159/420 593/170/431 583/160/421
f 593/170/431 582/159/420 594/171/432
f 595/172/433 596/173/434 597/174/435
f 596/173/434 595/172/433 598/175/436
f 598/175/436 595/172/433 599/176/437
f 598/175/436 599/176/437 600/177/438
f 600/177/438 599/176/437 601/178/439
f 600/177/438 601/178/439 602/179/440
f 602/179/440 601/178/439 603/180/441
f 602/179/440 603/180/441 604/181/442
f 604/181/442 603/180/441 605/182/443
f 604/181/442 605/182/443 606/183/444
f 597/174/435 607/184/445 608/185/446
f 607/184/445 597/174/435 596/173/434
f 609/18/447 607/184/445 610/186/448
f 607/184/445 609/18/447 608/185/446
f 611/187/449 606/183/444 605/182/443
f 606/183/444 611/187/449 612/188/450
f 592/169/430 613/189/451 590/167/428
f 613/189/451 592/169/430 614/190/452
f 615/191/453 588/165/426 585/162/423
f 588/165/426 615/191/453 616/192/454
f 598/175/436 587/164/425 617/193/455
f 587/164/425 598/175/436 600/177/438
f 604/181/442 585/162/423 602/179/440
f 585/162/423 604/181/442 615/191/453
f 618/194/456 619/195/457 620/196/458
f 619/195/457 618/194/456 621/197/459
f 606/183/444 615/191/453 604/181/442
f 615/191/453 606/183/444 612/188/450
f 615/191/453 622/22/460 616/192/454
f 622/22/460 615/191/453 612/188/450
f 613/189/451 603/180/441 601/178/439
f 603/180/441 613/189/451 623/198/461
f 587/164/425 624/199/462 617/193/455
f 624/199/462 587/164/425 586/163/424
f 613/189/451 599/176/437 590/167/428
f 599/176/437 613/189/451 601/178/439
f 584/161/422 594/171/432 582/159/420
f 594/171/432 584/161/422 625/200/463
f 594/171/432 625/200/463 626/201/464
f 626/201/464 625/200/463 627/202/465
f 626/201/464 627/202/465 628/203/466
f 628/203/466 627/202/465 629/204/467
f 628/203/466 629/204/467 630/205/468
f 630/205/468 629/204/467 631/206/469
f 630/205/468 631/206/469 620/196/458
f 620/196/458 631/206/469 618/194/456
f 610/186/448 617/193/455 624/199/462
f 617/193/455 610/186/448 607/184/445
f 600/177/438 585/162/423 587/164/425
f 585/162/423 600/177/438 602/179/440
f 623/198/461 632/207/470 611/187/449
f 632/207/470 623/198/461 633/208/471
f 634/209/472 584/161/422 581/158/419
f 584/161/422 634/209/472 625/200/463
f 594/171/432 635/210/473 593/170/431
f 635/210/473 594/171/432 626/201/464
f 636/211/474 627/202/465 637/212/475
f 627/202/465 636/211/474 629/204/467
f 596/173/434 617/193/455 607/184/445
f 617/193/455 596/173/434 598/175/436
f 591/168/429 597/174/435 608/185/446
f 597/174/435 591/168/429 595/172/433
f 637/212/475 625/200/463 634/209/472
f 625/200/463 637/212/475 627/202/465
f 636/211/474 631/206/469 629/204/467
f 631/206/469 636/211/474 638/213/476
f 638/213/476 618/194/456 631/206/469
f 618/194/456 638/213/476 621/197/459
f 626/201/464 639/214/477 635/210/473
f 639/214/477 626/201/464 628/203/466
f 630/205/468 639/214/477 628/203/466
f 639/214/477 630/205/468 640/215/478
f 620/196/458 640/215/478 630/205/468
f 640/215/478 620/196/458 619/195/457
f 609/18/447 591/168/429 608/185/446
f 591/168/429 609/18/447 589/166/427
f 612/188/450 632/207/470 622/22/460
f 632/207/470 612/188/450 611/187/449
f 639/214/477 633/208/471 614/190/452
f 633/208/471 639/214/477 640/215/478
f 588/165/426 637/212/475 586/163/424
f 637/212/475 588/165/426 636/211/474
f 581/158/419 609/18/447 610/186/448
f 609/18/447 581/158/419 583/160/421
f 586/163/424 634/209/472 624/199/462
f 634/209/472 586/163/424 637/212/475
f 616/192/454 636/211/474 588/165/426
f 636/211/474 616/192/454 638/213/476
f 632/207/470 621/197/459 622/22/460
f 621/197/459 632/207/470 619/195/457
f 634/209/472 610/186/448 624/199/462
f 610/186/448 634/209/472 581/158/419
f 614/190/452 623/198/461 613/189/451
f 623/198/461 614/190/452 633/208/471
f 635/210/473 614/190/452 592/169/430
f 614/190/452 635/210/473 639/214/477
f 593/170/431 609/18/447 583/160/421
f 609/18/447 593/170/431 589/166/427
f 590/167/428 595/172/433 591/168/429
f 595/172/433 590/167/428 599/176/437
f 622/22/460 638/213/476 616/192/454
f 638/213/476 622/22/460 621/197/459
f 623/198/461 605/182/443 603/180/441
f 605/182/443 623/198/461 611/187/449
f 632/207/470 640/215/478 619/195/457
f 640/215/478 632/207/470 633/208/471
f 593/170/431 592/169/430 589/166/427
f 592/169/430 593/170/431 635/210/473
f 641/216/479 642/217/480 643/217/481
f 642/217/480 641/216/479 644/216/482
f 645/22/483 646/218/484 647/22/485
f 646/218/484 645/22/483 648/218/486
f 649/22/487 650/218/488 651/218/489
f 650/218/488 649/22/487 652/22/490
f 651/218/489 644/216/482 641/216/479
f 644/216/482 651/218/489 650/218/488
f 653/22/491 654/22/492 655/22/493
f 654/22/492 653/22/491 656/22/494
f 654/22/492 656/22/494 649/22/487
f 649/22/487 656/22/494 657/22/495
f 649/22/487 657/22/495 652/22/490
f 652/22/490 657/22/495 658/22/496
f 652/22/490 658/22/496 647/22/485
f 647/22/485 658/22/496 659/22/497
f 647/22/485 659/22/497 645/22/483
f 645/22/483 659/22/497 660/22/498
f 661/216/499 662/217/500 663/216/501
f 662/217/500 661/216/499 664/217/502
f 643/217/481 665/18/503 666/18/504
f 665/18/503 643/217/481 642/217/480
f 667/217/505 668/216/506 669/216/507
f 668/216/506 667/217/505 670/217/508
f 650/218/488 671/216/509 644/216/482
f 671/216/509 650/218/488 646/218/484
f 672/18/510 673/217/511 670/217/508
f 673/217/511 672/18/510 674/18/512
f 672/18/510 667/217/505 675/18/513
f 667/217/505 672/18/510 670/217/508
f 676/217/514 677/18/515 678/18/516
f 677/18/515 676/217/514 679/217/517
f 664/217/502 680/18/518 662/217/500
f 680/18/518 664/217/502 681/18/519
f 682/218/520 658/22/496 657/22/495
f 658/22/496 682/218/520 683/218/521
f 684/18/522 685/217/523 686/18/524
f 685/217/523 684/18/522 687/217/525
f 677/18/515 673/217/511 674/18/512
f 673/217/511 677/18/515 679/217/517
f 667/217/505 688/216/526 687/217/525
f 688/216/526 667/217/505 669/216/507
f 644/216/482 676/217/514 642/217/480
f 676/217/514 644/216/482 671/216/509
f 689/216/527 664/217/502 661/216/499
f 664/217/502 689/216/527 690/217/528
f 642/217/480 678/18/516 665/18/503
f 678/18/516 642/217/480 676/217/514
f 651/218/489 689/216/527 691/218/529
f 689/216/527 651/218/489 641/216/479
f 692/216/530 693/218/531 668/216/506
f 693/218/531 692/216/530 694/218/532
f 692/216/530 648/218/486 694/218/532
f 648/218/486 692/216/530 695/216/533
f 647/22/485 650/218/488 652/22/490
f 650/218/488 647/22/485 646/218/484
f 690/217/528 681/18/519 664/217/502
f 681/18/519 690/217/528 696/18/534
f 697/218/535 663/216/501 698/216/536
f 663/216/501 697/218/535 699/218/537
f 643/217/481 696/18/534 690/217/528
f 696/18/534 643/217/481 666/18/504
f 688/216/526 697/218/535 698/216/536
f 697/218/535 688/216/526 682/218/520
f 683/218/521 659/22/497 658/22/496
f 659/22/497 683/218/521 693/218/531
f 676/217/514 695/216/533 679/217/517
f 695/216/533 676/217/514 671/216/509
f 654/22/492 651/218/489 691/218/529
f 651/218/489 654/22/492 649/22/487
f 682/218/520 656/22/494 697/218/535
f 656/22/494 682/218/520 657/22/495
f 699/218/537 661/216/499 663/216/501
f 661/216/499 699/218/537 700/218/538
f 655/22/493 691/218/529 700/218/538
f 691/218/529 655/22/493 654/22/492
f 668/216/506 683/218/521 669/216/507
f 683/218/521 668/216/506 693/218/531
f 675/18/513 687/217/525 684/18/522
f 687/217/525 675/18/513 667/217/505
f 699/218/537 655/22/493 700/218/538
f 655/22/493 699/218/537 653/22/491
f 697/218/535 653/22/491 699/218/537
f 653/22/491 697/218/535 656/22/494
f 685/217/523 663/216/501 662/217/500
f 663/216/501 685/217/523 698/216/536
f 670/217/508 692/216/530 668/216/506
f 692/216/530 670/217/508 673/217/511
f 679/217/517 692/216/530 673/217/511
f 692/216/530 679/217/517 695/216/533
f 660/22/498 648/218/486 645/22/483
f 648/218/486 660/22/498 694/218/532
f 680/18/518 685/217/523 662/217/500
f 685/217/523 680/18/518 686/18/524
f 646/218/484 695/216/533 671/216/509
f 695/216/533 646/218/484 648/218/486
f 696/18/534 680/18/518 681/18/519
f 680/18/518 696/18/534 666/18/504
f 680/18/518 666/18/504 686/18/524
f 686/18/524 666/18/504 665/18/503
f 686/18/524 665/18/503 684/18/522
f 684/18/522 665/18/503 678/18/516
f 684/18/522 678/18/516 675/18/513
f 675/18/513 678/18/516 677/18/515
f 675/18/513 677/18/515 672/18/510
f 672/18/510 677/18/515 674/18/512
f 693/218/531 660/22/498 659/22/497
f 660/22/498 693/218/531 694/218/532
f 669/216/507 682/218/520 688/216/526
f 682/218/520 669/216/507 683/218/521
f 691/218/529 661/216/499 700/218/538
f 661/216/499 691/218/529 689/216/527
f 689/216/527 643/217/481 690/217/528
f 643/217/481 689/216/527 641/216/479
f 687/217/525 698/216/536 685/217/523
f 698/216/536 687/217/525 688/216/526
f 701/216/539 702/217/540 703/216/541
f 704/217/542 703/216/541 702/217/540
f 705/216/543 706/216/544 707/217/545
f 708/217/546 707/217/545 706/216/544
f 706/216/544 709/218/547 710/216/548
f 711/218/549 710/216/548 709/218/547
f 712/218/550 713/216/551 714/218/552
f 701/216/539 714/218/552 713/216/551
f 715/218/553 716/218/554 717/22/555
f 718/22/556 717/22/555 716/218/554
f 719/18/557 720/18/558 721/18/559
f 721/18/559 720/18/558 722/18/560
f 720/18/558 723/18/561 722/18/560
f 722/18/560 723/18/561 724/18/562
f 723/18/561 725/18/563 724/18/562
f 724/18/562 725/18/563 726/18/564
f 725/18/563 727/18/565 726/18/564
f 726/18/564 727/18/565 728/18/566
f 727/18/565 729/18/567 728/18/566
f 730/18/568 728/18/566 729/18/567
f 731/218/569 732/218/570 733/216/571
f 734/216/572 733/216/571 732/218/570
f 726/18/564 728/18/566 704/217/542
f 735/217/573 704/217/542 728/18/566
f 715/218/553 717/22/555 731/218/569
f 736/22/574 731/218/569 717/22/555
f 733/216/571 737/217/575 738/216/576
f 739/217/577 738/216/576 737/217/575
f 739/217/577 740/217/578 738/216/576
f 741/216/579 738/216/576 740/217/578
f 703/216/541 704/217/542 742/216/580
f 735/217/573 742/216/580 704/217/542
f 743/22/581 744/218/582 745/22/583
f 746/218/584 745/22/583 744/218/582
f 745/22/583 746/218/584 747/22/585
f 711/218/549 747/22/585 746/218/584
f 748/217/586 722/18/560 702/217/540
f 724/18/562 702/217/540 722/18/560
f 716/218/554 741/216/579 712/218/550
f 713/216/551 712/218/550 741/216/579
f 749/22/587 747/22/585 709/218/547
f 711/218/549 709/218/547 747/22/585
f 711/218/549 746/218/584 710/216/548
f 742/216/580 710/216/548 746/218/584
f 750/22/588 714/218/552 743/22/581
f 744/218/582 743/22/581 714/218/552
f 751/22/589 749/22/587 752/218/590
f 709/218/547 752/218/590 749/22/587
f 734/216/572 753/217/591 733/216/571
f 737/217/575 733/216/571 753/217/591
f 716/218/554 712/218/550 718/22/556
f 754/22/592 718/22/556 712/218/550
f 714/218/552 701/216/539 744/218/582
f 703/216/541 744/218/582 701/216/539
f 727/18/565 707/217/545 729/18/567
f 708/217/546 729/18/567 707/217/545
f 746/218/584 744/218/582 742/216/580
f 703/216/541 742/216/580 744/218/582
f 729/18/567 708/217/546 730/18/568
f 755/217/593 730/18/568 708/217/546
f 732/218/570 756/22/594 757/218/595
f 758/22/596 757/218/595 756/22/594
f 733/216/571 738/216/576 731/218/569
f 715/218/553 731/218/569 738/216/576
f 715/218/553 738/216/576 716/218/554
f 741/216/579 716/218/554 738/216/576
f 705/216/543 752/218/590 706/216/544
f 709/218/547 706/216/544 752/218/590
f 753/217/591 759/217/597 723/18/561
f 725/18/563 723/18/561 759/217/597
f 708/217/546 706/216/544 755/217/593
f 710/216/548 755/217/593 706/216/544
f 734/216/572 760/216/598 753/217/591
f 759/217/597 753/217/591 760/216/598
f 713/216/551 748/217/586 701/216/539
f 702/217/540 701/216/539 748/217/586
f 737/217/575 720/18/558 739/217/577
f 719/18/557 739/217/577 720/18/558
f 702/217/540 724/18/562 704/217/542
f 726/18/564 704/217/542 724/18/562
f 712/218/550 714/218/552 754/22/592
f 750/22/588 754/22/592 714/218/552
f 730/18/568 755/217/593 728/18/566
f 735/217/573 728/18/566 755/217/593
f 737/217/575 753/217/591 720/18/558
f 723/18/561 720/18/558 753/217/591
f 740/217/578 721/18/559 748/217/586
f 722/18/560 748/217/586 721/18/559
f 719/18/557 721/18/559 739/217/577
f 740/217/578 739/217/577 721/18/559
f 732/218/570 757/218/595 734/216/572
f 760/216/598 734/216/572 757/218/595
f 740/217/578 748/217/586 741/216/579
f 713/216/551 741/216/579 748/217/586
f 759/217/597 707/217/545 725/18/563
f 727/18/565 725/18/563 707/217/545
f 755/217/593 710/216/548 735/217/573
f 742/216/580 735/217/573 710/216/548
f 717/22/555 718/22/556 736/22/574
f 736/22/574 718/22/556 756/22/594
f 718/22/556 754/22/592 756/22/594
f 756/22/594 754/22/592 758/22/596
f 754/22/592 750/22/588 758/22/596
f 758/22/596 750/22/588 751/22/589
f 750/22/588 743/22/581 751/22/589
f 751/22/589 743/22/581 749/22/587
f 743/22/581 745/22/583 749/22/587
f 747/22/585 749/22/587 745/22/583
f 757/218/595 752/218/590 760/216/598
f 705/216/543 760/216/598 752/218/590
f 758/22/596 751/22/589 757/218/595
f 752/218/590 757/218/595 751/22/589
f 731/218/569 736/22/574 732/218/570
f 756/22/594 732/218/570 736/22/574
f 760/216/598 705/216/543 759/217/597
f 707/217/545 759/217/597 705/216/543
