# Generated by GTAClone/tools/split_car_wheels.py from kart-oobi.obj
# Kenney Car Kit (CC0 1.0); the split is a derivative work, also CC0.
mtllib colormap.mtl
v -0.298350 0.316452 0.094764
v -0.298350 0.135190 0.094764
v -0.298350 0.346504 0.082316
v -0.298350 0.358952 0.052264
v -0.298350 0.358952 -0.089139
v -0.298350 0.346504 -0.119191
v -0.298350 0.316452 -0.131638
v -0.298350 0.135190 -0.131638
v -0.366038 0.346504 -0.119191
v -0.349382 0.316452 -0.131638
v -0.453724 0.206207 -0.119191
v -0.423672 0.197589 -0.131638
v -0.466172 0.209777 -0.089139
v -0.466172 0.135190 -0.089139
v -0.453724 0.135190 -0.119191
v -0.372937 0.358952 -0.089139
v -0.423672 0.135190 -0.131638
v -0.372937 0.358952 0.052264
v -0.423672 0.135190 0.094764
v -0.453724 0.135190 0.082316
v -0.466172 0.135190 0.052264
v -0.423672 0.197589 0.094764
v -0.453724 0.206207 0.082316
v -0.366038 0.346504 0.082316
v -0.349382 0.316452 0.094764
v -0.466172 0.209777 0.052264
v 0.466172 0.209777 0.615557
v 0.466172 0.135190 0.589483
v 0.466172 0.209777 0.589483
v 0.466172 0.135190 0.615557
v -0.453724 0.135190 0.559431
v -0.466172 0.135190 0.615557
v -0.466172 0.135190 0.589483
v -0.423672 0.135190 0.546983
v -0.298350 0.135190 0.546983
v -0.298350 0.135190 0.615557
v -0.298350 0.135190 0.783378
v 0.298350 0.135190 0.615557
v 0.298350 0.135190 0.783378
v 0.298350 0.135190 0.546983
v 0.423672 0.135190 0.546983
v 0.453724 0.135190 0.559431
v 0.298350 0.316452 0.546983
v 0.423672 0.197589 0.546983
v 0.349382 0.316452 0.546983
v 0.372937 0.358952 0.615557
v 0.372937 0.358952 0.589483
v 0.298350 0.209777 0.783378
v -0.298350 0.209777 0.783378
v -0.298350 0.358952 0.615557
v 0.298350 0.358952 0.615557
v 0.298350 0.358952 0.690144
v -0.298350 0.358952 0.690144
v -0.423672 0.197589 0.546983
v -0.298350 0.316452 0.546983
v -0.349382 0.316452 0.546983
v -0.466172 0.209777 0.615557
v -0.372937 0.358952 0.615557
v -0.372937 0.358952 0.589483
v -0.298350 0.358952 0.589483
v 0.298350 0.358952 0.589483
v 0.453724 0.206207 0.559431
v 0.366038 0.346504 0.559431
v 0.298350 0.346504 0.559431
v -0.466172 0.209777 0.589483
v -0.298350 0.346504 0.559431
v -0.366038 0.346504 0.559431
v -0.453724 0.206207 0.559431
v -0.149175 0.260695 -0.270830
v 0.149175 0.194691 -0.517157
v 0.149175 0.260695 -0.270830
v -0.149175 0.194691 -0.517157
v -0.149175 0.199426 -0.547584
v -0.149175 0.299637 -0.566627
v -0.149175 0.226716 -0.561848
v -0.149175 0.409870 -0.529208
v -0.149175 0.497392 -0.452454
v -0.149175 0.529713 -0.386912
v -0.149175 0.531006 -0.356146
v -0.149175 0.507023 -0.336833
v 0.149175 0.299637 -0.566627
v 0.149175 0.199426 -0.547584
v 0.149175 0.226716 -0.561848
v 0.149175 0.409870 -0.529208
v 0.149175 0.497392 -0.452454
v 0.149175 0.529713 -0.386912
v 0.149175 0.531006 -0.356146
v 0.149175 0.507023 -0.336833
v 0.423672 0.197589 0.094764
v 0.298350 0.135190 0.094764
v 0.423672 0.135190 0.094764
v 0.298350 0.316452 0.094764
v 0.349382 0.316452 0.094764
v 0.298350 0.316452 -0.131638
v 0.423672 0.135190 -0.131638
v 0.298350 0.135190 -0.131638
v 0.423672 0.197589 -0.131638
v 0.349382 0.316452 -0.131638
v 0.466172 0.209777 0.052264
v 0.466172 0.135190 -0.089139
v 0.466172 0.209777 -0.089139
v 0.466172 0.135190 0.052264
v 0.372937 0.358952 -0.089139
v 0.372937 0.358952 0.052264
v 0.298350 0.358952 0.052264
v 0.366038 0.346504 0.082316
v 0.298350 0.346504 0.082316
v 0.453724 0.206207 0.082316
v 0.453724 0.135190 0.082316
v 0.453724 0.135190 -0.119191
v 0.298350 0.358952 -0.089139
v 0.366038 0.346504 -0.119191
v 0.298350 0.346504 -0.119191
v 0.453724 0.206207 -0.119191
v 0.320395 0.551600 -0.480322
v 0.271545 0.326681 -0.322978
v 0.292092 0.503283 -0.528638
v 0.291338 0.360469 -0.289191
v 0.175980 0.326681 -0.322978
v 0.127130 0.551600 -0.480322
v 0.155433 0.503283 -0.528638
v 0.156188 0.360469 -0.289191
v 0.271545 0.394256 -0.255403
v 0.223763 0.619929 -0.411992
v 0.223763 0.408251 -0.241408
v 0.292092 0.599916 -0.432006
v 0.175980 0.394256 -0.255403
v 0.155433 0.599916 -0.432006
v 0.223763 0.312686 -0.336974
v 0.223763 0.483270 -0.548651
v 0.262230 0.360469 -0.289191
v 0.250963 0.379702 -0.269957
v 0.250963 0.341235 -0.308424
v 0.223763 0.387669 -0.261991
v 0.223763 0.333268 -0.316391
v 0.196562 0.341235 -0.308424
v 0.196562 0.379702 -0.269957
v 0.185295 0.360469 -0.289191
v 0.245523 0.214989 -0.112937
v 0.245523 0.184215 -0.143711
v 0.254536 0.199602 -0.128324
v 0.223763 0.177842 -0.150084
v 0.223763 0.221362 -0.106564
v 0.202002 0.214989 -0.112937
v 0.202002 0.184215 -0.143711
v 0.192989 0.199602 -0.128324
v -0.127130 0.551600 -0.480322
v -0.175980 0.326681 -0.322978
v -0.155433 0.503283 -0.528638
v -0.156188 0.360469 -0.289191
v -0.271545 0.326681 -0.322978
v -0.320395 0.551600 -0.480322
v -0.292092 0.503283 -0.528638
v -0.291338 0.360469 -0.289191
v -0.155433 0.599916 -0.432006
v -0.223763 0.408251 -0.241408
v -0.175980 0.394256 -0.255403
v -0.223763 0.619929 -0.411992
v -0.292092 0.599916 -0.432006
v -0.271545 0.394256 -0.255403
v -0.223763 0.312686 -0.336974
v -0.223763 0.483270 -0.548651
v -0.202002 0.214989 -0.112937
v -0.202002 0.184215 -0.143711
v -0.192989 0.199602 -0.128324
v -0.223763 0.221362 -0.106564
v -0.223763 0.177842 -0.150084
v -0.245523 0.214989 -0.112937
v -0.245523 0.184215 -0.143711
v -0.254536 0.199602 -0.128324
v -0.185295 0.360469 -0.289191
v -0.196562 0.379702 -0.269957
v -0.196562 0.341235 -0.308424
v -0.223763 0.387669 -0.261991
v -0.223763 0.333268 -0.316391
v -0.250963 0.341235 -0.308424
v -0.250963 0.379702 -0.269957
v -0.262230 0.360469 -0.289191
v -0.277372 0.172484 -0.323313
v -0.277372 0.247071 -0.397901
v -0.277372 0.172484 -0.397901
v -0.277372 0.247071 -0.323313
v 0.277372 0.172484 -0.397901
v 0.277372 0.247071 -0.397901
v 0.277372 0.247071 -0.323313
v 0.277372 0.172484 -0.323313
v -0.277372 0.172484 0.361027
v -0.277372 0.247071 0.286439
v -0.277372 0.172484 0.286439
v -0.277372 0.247071 0.361027
v 0.277372 0.172484 0.286439
v 0.277372 0.247071 0.286439
v 0.277372 0.247071 0.361027
v 0.277372 0.172484 0.361027
v 0.223763 0.209777 0.615557
v 0.149175 0.209777 -0.174139
v 0.223763 0.209777 -0.174139
v 0.149175 0.209777 0.615557
v 0.149175 0.284365 -0.174139
v 0.149175 0.284365 0.615557
v 0.223763 0.284365 0.615557
v 0.223763 0.284365 -0.174139
v -0.298350 0.172484 0.094764
v -0.298350 0.247071 -0.216639
v -0.298350 0.172484 -0.216639
v -0.298350 0.247071 0.094764
v 0.298350 0.172484 -0.216639
v 0.298350 0.247071 -0.216639
v 0.255850 0.247071 0.137264
v -0.255850 0.172484 0.137264
v 0.255850 0.172484 0.137264
v -0.255850 0.247071 0.137264
v 0.298350 0.247071 0.094764
v 0.298350 0.172484 0.094764
v 0.285902 0.247071 0.124816
v 0.285902 0.172484 0.124816
v -0.285902 0.172484 0.124816
v -0.285902 0.247071 0.124816
v -0.223763 0.284365 -0.174139
v -0.149175 0.209777 -0.174139
v -0.223763 0.209777 -0.174139
v -0.149175 0.284365 -0.174139
v -0.149175 0.284365 0.615557
v -0.223763 0.209777 0.615557
v -0.149175 0.209777 0.615557
v -0.223763 0.284365 0.615557
v 0.298350 0.154914 0.825878
v 0.213350 0.081302 0.783378
v 0.298350 0.081302 0.783378
v 0.213350 0.154914 0.825878
v 0.213350 0.177690 0.740878
v 0.298350 0.123802 0.709766
v 0.213350 0.123802 0.709766
v 0.298350 0.177690 0.740878
v 0.213350 0.217139 0.740878
v 0.213350 0.313526 0.783378
v 0.213350 0.271026 0.709766
v 0.213350 0.239914 0.825878
v 0.298350 0.313526 0.783378
v 0.298350 0.271026 0.709766
v 0.298350 0.239914 0.825878
v 0.298350 0.217139 0.740878
v -0.213350 0.154914 0.825878
v -0.298350 0.081302 0.783378
v -0.213350 0.081302 0.783378
v -0.298350 0.154914 0.825878
v -0.298350 0.177690 0.740878
v -0.213350 0.123802 0.709766
v -0.298350 0.123802 0.709766
v -0.213350 0.177690 0.740878
v -0.298350 0.217139 0.740878
v -0.298350 0.313526 0.783378
v -0.298350 0.271026 0.709766
v -0.298350 0.239914 0.825878
v -0.213350 0.313526 0.783378
v -0.213350 0.271026 0.709766
v -0.213350 0.239914 0.825878
v -0.213350 0.217139 0.740878
v -0.223763 0.284365 0.576882
v 0.223763 0.284365 -0.318168
v 0.223763 0.284365 0.576882
v -0.223763 0.284365 -0.318168
v -0.223763 0.433540 -0.318168
v -0.223763 0.392664 0.308170
v -0.223763 0.458964 0.352370
v -0.223763 0.287917 0.580433
v -0.149175 0.358952 -0.318168
v -0.149175 0.433540 -0.318168
v 0.149175 0.358952 -0.318168
v 0.223763 0.433540 -0.318168
v 0.149175 0.433540 -0.318168
v 0.149175 0.318077 0.258445
v -0.149175 0.318077 0.258445
v 0.223763 0.392664 0.308170
v 0.149175 0.392664 0.308170
v -0.149175 0.392664 0.308170
v 0.223763 0.458964 0.352370
v 0.223763 0.287917 0.580433
v -0.194634 0.517566 0.391437
v -0.194634 0.338146 0.630663
v -0.124313 0.358952 0.651469
v -0.124313 0.541839 0.407620
v 0.194634 0.517566 0.391437
v 0.194634 0.338146 0.630663
v 0.124313 0.541839 0.407620
v 0.124313 0.358952 0.651469
v 0.273643 0.588003 -0.587267
v 0.273643 0.658544 -0.516725
v 0.294304 0.623274 -0.551996
v 0.223763 0.573393 -0.601876
v 0.223763 0.673154 -0.502116
v 0.173882 0.588003 -0.587267
v 0.173882 0.658544 -0.516725
v 0.153221 0.623274 -0.551996
v -0.173882 0.588003 -0.587267
v -0.173882 0.658544 -0.516725
v -0.153221 0.623274 -0.551996
v -0.223763 0.573393 -0.601876
v -0.223763 0.673154 -0.502116
v -0.273643 0.588003 -0.587267
v -0.273643 0.658544 -0.516725
v -0.294304 0.623274 -0.551996
v 0.155433 0.647698 -0.479788
v 0.127130 0.599382 -0.528104
v 0.155433 0.551066 -0.576421
v 0.223763 0.667712 -0.459775
v 0.292092 0.551066 -0.576421
v 0.223763 0.531053 -0.596434
v 0.292092 0.647698 -0.479788
v 0.320395 0.599382 -0.528104
v -0.292092 0.647698 -0.479788
v -0.320395 0.599382 -0.528104
v -0.292092 0.551066 -0.576421
v -0.223763 0.667712 -0.459775
v -0.155433 0.551066 -0.576421
v -0.223763 0.531053 -0.596434
v -0.155433 0.647698 -0.479788
v -0.127130 0.599382 -0.528104
v -0.015128 0.820618 0.234275
v 0.015122 0.820618 0.213025
v 0.015122 0.820618 0.234275
v -0.015128 0.820618 0.213025
v -0.015128 0.933510 0.213025
v 0.015122 0.933510 0.234275
v 0.015122 0.933510 0.213025
v -0.015128 0.933510 0.234275
v 0.056443 0.892189 0.234275
v 0.056443 0.861939 0.213025
v 0.056443 0.892189 0.213025
v 0.056443 0.861939 0.234275
v -0.041325 0.835743 0.234275
v -0.041325 0.835743 0.213025
v -0.005750 0.898514 0.267146
v -0.031407 0.908468 0.256189
v -0.015705 0.892766 0.267146
v -0.011498 0.919963 0.256189
v 0.005744 0.855614 0.267146
v -0.015705 0.861362 0.267146
v -0.005750 0.855614 0.267146
v 0.015699 0.861362 0.267146
v -0.021453 0.871317 0.267146
v 0.021447 0.871317 0.267146
v -0.021453 0.882811 0.267146
v 0.021447 0.882811 0.267146
v 0.015699 0.892766 0.267146
v 0.005744 0.898514 0.267146
v 0.042896 0.888559 0.256189
v 0.042896 0.865569 0.256189
v 0.041318 0.918386 0.234275
v 0.041318 0.918386 0.213025
v 0.031401 0.908468 0.256189
v 0.011492 0.919963 0.256189
v -0.031407 0.845660 0.256189
v -0.056449 0.861939 0.234275
v -0.042902 0.865569 0.256189
v 0.011492 0.834165 0.256189
v -0.011498 0.834165 0.256189
v 0.031401 0.845660 0.256189
v 0.041318 0.835743 0.234275
v -0.041325 0.918386 0.234275
v -0.041325 0.918386 0.213025
v -0.042902 0.888559 0.256189
v -0.056449 0.892189 0.234275
v 0.041318 0.835743 0.213025
v -0.056449 0.861939 0.213025
v -0.056449 0.892189 0.213025
v -0.059713 0.761879 0.237826
v -0.092357 0.745599 0.244284
v -0.072811 0.735682 0.230264
v -0.082402 0.765509 0.250031
v -0.120055 0.755554 0.240944
v -0.129509 0.734105 0.222834
v -0.109599 0.734105 0.234329
v -0.130010 0.755554 0.235197
v -0.120055 0.798454 0.240944
v -0.129509 0.819903 0.222834
v -0.130010 0.798454 0.235197
v -0.109599 0.819903 0.234329
v -0.143608 0.771256 0.227346
v -0.156706 0.788499 0.207132
v -0.156706 0.765509 0.207132
v -0.143608 0.782751 0.227346
v -0.144382 0.818325 0.188943
v -0.121695 0.833450 0.202041
v -0.146751 0.808408 0.212879
v -0.121695 0.720558 0.202041
v -0.095498 0.720558 0.217166
v -0.144382 0.735682 0.188943
v -0.157481 0.761879 0.181380
v -0.146751 0.745599 0.212879
v -0.138631 0.792706 0.230219
v -0.059713 0.792129 0.237826
v -0.082402 0.788499 0.250031
v -0.095498 0.833450 0.217166
v -0.092357 0.808408 0.244284
v -0.072811 0.818325 0.230264
v -0.106456 0.771256 0.248795
v -0.106456 0.782751 0.248795
v -0.138631 0.761302 0.230219
v -0.111434 0.761302 0.245922
v -0.157481 0.792129 0.181380
v -0.111434 0.792706 0.245922
v -0.111070 0.833450 0.183638
v -0.084873 0.833450 0.198763
v -0.049088 0.792129 0.219423
v -0.049088 0.761879 0.219423
v -0.062186 0.818325 0.211861
v -0.133757 0.818325 0.170540
v -0.084873 0.720558 0.198763
v -0.062186 0.735682 0.211861
v -0.146856 0.792129 0.162977
v -0.146856 0.761879 0.162977
v -0.133757 0.735682 0.170540
v -0.111070 0.720558 0.183638
v -0.011370 0.695851 0.241488
v -0.034307 0.673914 0.235342
v -0.018247 0.667486 0.239645
v -0.048371 0.684196 0.231573
v -0.054509 0.691589 0.229929
v -0.054509 0.701216 0.229929
v -0.020965 0.699692 0.238917
v -0.029369 0.705835 0.236665
v -0.040358 0.710963 0.233720
v -0.032722 0.709874 0.235766
v 0.031988 0.673914 0.235342
v 0.009051 0.695851 0.241488
v 0.015928 0.667486 0.239645
v 0.046052 0.684196 0.231573
v 0.052191 0.691589 0.229929
v 0.052191 0.701216 0.229929
v 0.018646 0.699692 0.238917
v 0.027050 0.705835 0.236665
v 0.038039 0.710963 0.233720
v 0.030403 0.709874 0.235766
v 0.133751 0.818325 0.170542
v 0.157475 0.792129 0.181383
v 0.146850 0.792129 0.162980
v 0.144376 0.818325 0.188945
v 0.121689 0.720558 0.202044
v 0.133751 0.735682 0.170542
v 0.144376 0.735682 0.188945
v 0.111064 0.720558 0.183641
v 0.121689 0.833450 0.202044
v 0.111064 0.833450 0.183641
v 0.157475 0.761879 0.181383
v 0.146850 0.761879 0.162980
v 0.059707 0.761879 0.237829
v 0.049082 0.792129 0.219426
v 0.049082 0.761879 0.219426
v 0.059707 0.792129 0.237829
v 0.072805 0.735682 0.230267
v 0.084867 0.720558 0.198766
v 0.095492 0.720558 0.217168
v 0.062180 0.735682 0.211864
v 0.084867 0.833450 0.198766
v 0.072805 0.818325 0.230267
v 0.095492 0.833450 0.217168
v 0.062180 0.818325 0.211864
v 0.156699 0.788499 0.207135
v 0.143602 0.771256 0.227349
v 0.156699 0.765509 0.207135
v 0.143602 0.782751 0.227349
v 0.130004 0.798454 0.235200
v 0.109593 0.819903 0.234332
v 0.120049 0.798454 0.240947
v 0.129502 0.819903 0.222837
v 0.082396 0.765509 0.250034
v 0.082396 0.788499 0.250034
v 0.146745 0.808408 0.212882
v 0.138625 0.792706 0.230222
v 0.092351 0.808408 0.244286
v 0.111428 0.792706 0.245924
v 0.130004 0.755554 0.235200
v 0.111428 0.761302 0.245924
v 0.120049 0.755554 0.240947
v 0.138625 0.761302 0.230222
v 0.106450 0.771256 0.248798
v 0.106450 0.782751 0.248798
v 0.146745 0.745599 0.212882
v 0.109593 0.734105 0.234332
v 0.129502 0.734105 0.222837
v 0.092351 0.745599 0.244286
v -0.103273 0.954740 -0.074575
v -0.134932 0.909464 -0.066673
v 0.000000 0.848752 -0.099211
v 0.134932 0.909464 -0.066673
v 0.146049 0.856057 -0.057352
v -0.134932 0.802651 -0.048031
v -0.103273 0.757375 -0.040129
v -0.146049 0.856057 -0.057352
v -0.055891 0.727122 -0.034849
v 0.000000 0.716499 -0.032995
v -0.055891 0.984992 -0.079855
v 0.000000 0.995616 -0.081709
v 0.055891 0.984992 -0.079855
v 0.055891 0.727122 -0.034849
v 0.103273 0.757375 -0.040129
v 0.134932 0.802651 -0.048031
v 0.103273 0.954740 -0.074575
v 0.105040 1.119411 0.020884
v 0.000000 1.139377 0.017400
v -0.274483 0.877093 0.063175
v -0.253589 0.776721 0.080693
v 0.194089 1.062556 0.030807
v -0.194089 1.062556 0.030807
v -0.105040 1.119411 0.020884
v 0.274483 0.877093 0.063175
v 0.253589 0.776721 0.080693
v 0.105040 0.634774 0.105467
v 0.000000 0.614809 0.108951
v -0.194089 0.691630 0.095544
v -0.105040 0.634774 0.105467
v -0.253589 0.977464 0.045658
v 0.253589 0.977464 0.045658
v 0.194089 0.691630 0.095544
v 0.326765 1.033206 0.194032
v 0.353688 0.903871 0.216605
v 0.250095 1.142851 0.174896
v -0.326765 1.033206 0.194032
v -0.353688 0.903871 0.216605
v -0.326765 0.774535 0.239177
v -0.250095 0.664890 0.258314
v 0.135351 0.591628 0.271100
v 0.250095 0.664890 0.258314
v -0.135351 0.591628 0.271100
v 0.135351 1.216113 0.162110
v 0.000000 1.241839 0.157620
v -0.135351 1.216113 0.162110
v -0.250095 1.142851 0.174896
v 0.326765 0.774535 0.239177
v 0.000000 0.565902 0.275590
v 0.064121 0.458110 -0.251994
v -0.042609 0.382318 -0.171724
v -0.064116 0.458110 -0.251995
v 0.042612 0.382318 -0.171723
v 0.200875 1.009862 0.041127
v 0.245950 0.918471 -0.078599
v 0.200876 1.009862 -0.066522
v 0.245949 0.918471 0.053205
v -0.180046 0.918471 -0.192750
v -0.200875 1.009862 -0.066527
v -0.147050 1.009862 -0.159753
v -0.245949 0.918471 -0.078605
v -0.175174 0.458110 -0.187878
v -0.116412 0.382318 -0.129115
v -0.073525 1.069237 -0.086226
v 0.026913 1.069237 -0.113138
v -0.026911 1.069237 -0.113138
v 0.073526 1.069237 -0.086225
v -0.100438 1.069237 -0.039613
v 0.100438 1.069237 -0.039611
v -0.100438 1.069237 0.014211
v 0.100437 1.069237 0.014213
v -0.073527 1.069237 0.060825
v 0.073525 1.069237 0.060826
v -0.026914 1.069237 0.087738
v 0.026911 1.069237 0.087738
v 0.053827 1.009862 -0.213575
v -0.053822 1.009862 -0.213576
v -0.065899 0.918471 -0.258651
v 0.065905 0.918471 -0.258649
v -0.053827 1.009862 0.188175
v 0.053822 1.009862 0.188176
v -0.200877 1.009862 0.041122
v -0.245951 0.918471 0.053199
v 0.147049 1.009862 0.134353
v 0.180045 0.918471 0.167350
v 0.147053 1.009862 -0.159750
v 0.042608 0.382318 0.146324
v -0.064122 0.458110 0.226594
v -0.042612 0.382318 0.146323
v 0.064116 0.458110 0.226595
v 0.065899 0.918471 0.233251
v -0.147053 1.009862 0.134350
v 0.180050 0.918471 -0.192746
v 0.116415 0.382318 -0.129112
v -0.159024 0.382318 -0.055312
v 0.159024 0.382318 -0.055309
v -0.159025 0.382318 0.029908
v 0.159023 0.382318 0.029912
v -0.116415 0.382318 0.103712
v 0.116412 0.382318 0.103715
v -0.065905 0.918471 0.233249
v -0.180050 0.918471 0.167346
v 0.175178 0.458110 -0.187874
v -0.239294 0.458110 -0.076822
v 0.239294 0.458110 0.051421
v 0.239295 0.458110 -0.076816
v 0.175174 0.458110 0.162478
v -0.239295 0.458110 0.051416
v -0.175178 0.458110 0.162474
v -0.034571 1.147842 0.062845
v -0.034571 1.147842 0.108807
v -0.025377 1.150306 0.085826
v -0.056769 1.141894 0.053326
v -0.056769 1.141894 0.118326
v -0.078967 1.135947 0.062845
v -0.078967 1.135947 0.108807
v -0.088162 1.133483 0.085826
v -0.081214 1.096521 0.121181
v -0.047063 1.105672 0.135826
v -0.012913 1.114823 0.121181
v -0.095360 1.092731 0.085826
v -0.081214 1.096521 0.050471
v 0.001233 1.118613 0.085826
v -0.012913 1.114823 0.050471
v -0.047063 1.105672 0.035826
v -0.043038 1.003223 0.063199
v -0.021182 1.009080 0.053826
v -0.043038 1.003223 0.108453
v -0.021182 1.009080 0.117826
v 0.000675 1.014936 0.063199
v 0.009728 1.017362 0.085826
v 0.000675 1.014936 0.108453
v -0.052091 1.000797 0.085826
v 0.102802 1.136036 0.062845
v 0.102802 1.136036 0.108807
v 0.111046 1.131276 0.085826
v 0.082900 1.147526 0.053326
v 0.082900 1.147526 0.118326
v 0.062998 1.159017 0.062845
v 0.062998 1.159017 0.108807
v 0.054754 1.163776 0.085826
v 0.033531 1.132728 0.121181
v 0.064150 1.115050 0.135826
v 0.094768 1.097373 0.121181
v 0.020848 1.140050 0.085826
v 0.033531 1.132728 0.050471
v 0.107451 1.090050 0.085826
v 0.094768 1.097373 0.050471
v 0.064150 1.115050 0.035826
v 0.014150 1.028448 0.053826
v -0.005446 1.039762 0.063199
v 0.014150 1.028448 0.117826
v -0.005446 1.039762 0.108453
v 0.033746 1.017134 0.063199
v 0.041862 1.012448 0.085826
v 0.033746 1.017134 0.108453
v -0.013563 1.044448 0.085826
v 0.075543 0.358985 0.275208
v 0.027029 0.484812 0.042227
v 0.042002 0.434571 0.026037
v 0.057927 0.418092 0.294255
v 0.173334 0.441588 0.366282
v 0.111150 0.452159 0.349599
v 0.157450 0.424542 0.364941
v 0.143674 0.487060 0.352343
v 0.158325 0.380993 0.353305
v 0.099901 0.406746 0.339874
v 0.112941 0.362990 0.325773
v 0.151956 0.402363 0.360192
v 0.219122 0.369179 0.338153
v 0.174850 0.366158 0.346127
v 0.197103 0.361834 0.340581
v 0.235006 0.386224 0.339493
v 0.240500 0.408403 0.344243
v 0.234131 0.429774 0.351129
v 0.217606 0.444608 0.358307
v 0.195353 0.448933 0.363853
v 0.182798 0.305993 0.240014
v 0.184935 0.406795 -0.009586
v 0.243699 0.326307 0.233298
v 0.133169 0.389528 -0.003877
v 0.067312 0.503987 -0.026509
v 0.074798 0.478867 -0.034604
v 0.220222 0.549254 0.020922
v 0.239508 0.534937 0.289043
v 0.285213 0.493906 0.269189
v 0.181372 0.584130 0.037797
v 0.073123 0.479437 0.307392
v 0.144483 0.553646 -0.028724
v 0.129055 0.594297 0.050836
v 0.118325 0.558729 -0.022204
v 0.163909 0.536208 -0.037161
v 0.039945 0.536955 0.053394
v 0.092442 0.550096 -0.019350
v 0.073770 0.530059 -0.020925
v 0.077289 0.577029 0.056545
v 0.146265 0.464979 -0.052415
v 0.120382 0.456345 -0.049561
v 0.281197 0.419114 0.307218
v 0.268157 0.462870 0.321318
v 0.171395 0.511088 -0.045256
v 0.222279 0.446869 -0.006435
v 0.164937 0.485016 -0.050840
v 0.235195 0.499013 0.004732
v 0.302829 0.434799 0.250142
v 0.121248 0.317954 0.255354
v 0.080852 0.399695 0.009162
v 0.146776 0.332616 0.311076
v 0.177958 0.546898 0.304383
v 0.234321 0.493244 0.336015
v 0.188757 0.502099 0.347371
v 0.117057 0.526583 0.311099
v 0.094223 0.461428 -0.043041
v 0.269948 0.373701 0.297493
v 0.287633 0.373454 0.237005
v 0.237424 0.338800 0.294749
v 0.192340 0.323762 0.299721
v -0.302835 0.434799 0.250140
v -0.235201 0.499013 0.004729
v -0.287639 0.373454 0.237002
v -0.222285 0.446869 -0.006438
v -0.075549 0.358985 0.275205
v -0.121254 0.317954 0.255351
v -0.042008 0.434571 0.026034
v -0.080858 0.399695 0.009159
v -0.146782 0.332616 0.311074
v -0.182804 0.305993 0.240011
v -0.192346 0.323762 0.299718
v -0.268163 0.462870 0.321315
v -0.285219 0.493906 0.269187
v -0.281203 0.419114 0.307215
v -0.188763 0.502099 0.347368
v -0.234327 0.493244 0.336012
v -0.195359 0.448933 0.363851
v -0.217612 0.444608 0.358304
v -0.118331 0.558729 -0.022207
v -0.092448 0.550096 -0.019353
v -0.144489 0.553646 -0.028727
v -0.163914 0.536208 -0.037164
v -0.073776 0.530059 -0.020928
v -0.171401 0.511088 -0.045259
v -0.067318 0.503987 -0.026512
v -0.164943 0.485016 -0.050843
v -0.074804 0.478867 -0.034607
v -0.146271 0.464979 -0.052418
v -0.094229 0.461428 -0.043044
v -0.120388 0.456345 -0.049564
v -0.143679 0.487060 0.352340
v -0.111156 0.452159 0.349596
v -0.117063 0.526583 0.311096
v -0.073129 0.479437 0.307389
v -0.184941 0.406795 -0.009589
v -0.173340 0.441588 0.366279
v -0.077295 0.577029 0.056542
v -0.177964 0.546898 0.304380
v -0.129061 0.594297 0.050833
v -0.181378 0.584130 0.037794
v -0.239514 0.534937 0.289040
v -0.243705 0.326307 0.233295
v -0.235012 0.386224 0.339490
v -0.269954 0.373701 0.297490
v -0.219128 0.369179 0.338150
v -0.237430 0.338800 0.294746
v -0.197109 0.361834 0.340578
v -0.220228 0.549254 0.020919
v -0.174856 0.366158 0.346124
v -0.240506 0.408403 0.344240
v -0.158331 0.380993 0.353302
v -0.112947 0.362990 0.325771
v -0.039951 0.536955 0.053391
v -0.234137 0.429774 0.351127
v -0.133175 0.389528 -0.003880
v -0.157456 0.424542 0.364939
v -0.099907 0.406746 0.339871
v -0.151962 0.402363 0.360189
v -0.027035 0.484812 0.042224
v -0.057933 0.418092 0.294252
v 0.367937 1.065641 0.192109
v 0.398252 0.915506 0.218312
v 0.281607 1.192920 0.169895
v 0.367937 0.765371 0.244514
v 0.281607 0.638093 0.266728
v 0.408970 0.726180 0.118814
v 0.442666 0.893058 0.089689
v 0.408970 1.059936 0.060564
v 0.152404 1.277964 0.155053
v 0.152404 0.553048 0.281571
v 0.408970 0.697461 -0.045734
v 0.313012 0.584707 0.143505
v 0.442666 0.864340 -0.074859
v 0.169401 0.490178 0.160003
v 0.313012 1.201409 0.035873
v 0.169401 1.295938 0.019375
v 0.408970 1.031218 -0.103984
v 0.000000 0.523185 0.286783
v 0.000000 0.456984 0.165796
v -0.152404 0.553048 0.281571
v -0.169401 0.490178 0.160003
v -0.281607 0.638093 0.266728
v -0.367937 0.765371 0.244514
v -0.313012 0.584707 0.143505
v -0.398252 0.915506 0.218312
v -0.367937 1.065641 0.192109
v -0.408970 0.726180 0.118814
v -0.313012 0.555989 -0.021043
v -0.442666 0.893058 0.089689
v -0.281607 1.192920 0.169895
v -0.169401 0.461460 -0.004546
v -0.408970 0.697461 -0.045734
v -0.152404 1.277964 0.155053
v 0.000000 1.307828 0.149840
v -0.169401 1.295938 0.019375
v 0.000000 1.329132 0.013582
v 0.000000 0.428266 0.001248
v -0.313012 1.201409 0.035873
v -0.408970 1.059936 0.060564
v -0.313012 1.172691 -0.128675
v -0.169401 1.267220 -0.145173
v 0.000000 1.300414 -0.150967
v -0.442666 0.864340 -0.074859
v -0.408970 1.031218 -0.103984
v -0.275258 1.108513 -0.276809
v 0.169401 1.267220 -0.145173
v -0.148969 1.191640 -0.291317
v 0.313012 1.172691 -0.128675
v -0.359642 0.690603 -0.203872
v -0.389274 0.837353 -0.229484
v -0.359642 0.984104 -0.255096
v -0.204304 1.016616 -0.390661
v -0.275258 0.566194 -0.182159
v -0.148969 0.483067 -0.167651
v -0.204304 0.614092 -0.320409
v -0.266936 0.706432 -0.336525
v -0.288930 0.815354 -0.355535
v -0.266936 0.924276 -0.374545
v -0.110569 1.078315 -0.401429
v 0.000000 1.220831 -0.296411
v 0.148969 1.191640 -0.291317
v 0.275258 1.108513 -0.276809
v 0.359642 0.984104 -0.255096
v 0.389274 0.837353 -0.229484
v 0.359642 0.690603 -0.203872
v 0.313012 0.555989 -0.021043
v 0.169401 0.461460 -0.004546
v 0.275258 0.566194 -0.182159
v 0.266936 0.706432 -0.336525
v 0.288930 0.815354 -0.355535
v 0.266936 0.924276 -0.374545
v 0.148969 0.483067 -0.167651
v 0.204304 0.614092 -0.320409
v 0.000000 0.453876 -0.162556
v 0.204304 1.016616 -0.390661
v 0.110569 0.552393 -0.309641
v -0.110569 0.552393 -0.309641
v 0.110569 1.078315 -0.401429
v 0.000000 0.530727 -0.305860
v 0.000000 0.649548 -0.411377
v 0.058832 0.661076 -0.413389
v 0.000000 0.796008 -0.466383
v -0.058832 0.661076 -0.413389
v 0.108708 0.693906 -0.419119
v -0.108708 0.693906 -0.419119
v 0.142034 0.743039 -0.427694
v -0.142034 0.743039 -0.427694
v 0.153736 0.800995 -0.437809
v -0.153736 0.800995 -0.437809
v 0.142034 0.858951 -0.447924
v -0.142034 0.858951 -0.447924
v 0.108708 0.908084 -0.456499
v -0.108708 0.908084 -0.456499
v 0.058832 0.940914 -0.462229
v -0.058832 0.940914 -0.462229
v 0.000000 0.952442 -0.464241
v 0.000000 1.099981 -0.405210
vt 0.718750 0.437013
vt 0.718750 0.275000
vt 0.718750 0.463874
vt 0.718750 0.475000
vt 0.718750 0.338476
vt 0.718750 0.330772
vt 0.718750 0.341667
vt 0.718750 0.283588
vt 0.718750 0.353769
vt 0.718750 0.304321
vt 0.718750 0.420545
vt 0.718750 0.465164
vt 0.718750 0.470368
vt 0.718750 0.450937
vt 0.718750 0.441165
vt 0.718750 0.350939
vt 0.718750 0.088397
vt 0.718750 0.025000
vt 0.718750 0.108013
vt 0.718750 0.061603
vt 0.718750 0.141987
vt 0.718750 0.225000
vt 0.718750 0.188397
vt 0.718750 0.161603
vt 0.718750 0.071350
vt 0.718750 0.058650
vt 0.718750 0.079250
vt 0.718750 0.026104
vt 0.718750 0.048175
vt 0.718750 0.035475
vt 0.718750 0.097458
vt 0.718750 0.041710
vt 0.718750 0.105000
vt 0.343750 0.475000
vt 0.593750 0.713722
vt 0.593750 0.725000
vt 0.593750 0.691165
vt 0.843750 0.355000
vt 0.843750 0.298175
vt 0.343750 0.291216
vt 0.343750 0.407730
vt 0.343750 0.358486
vt 0.343750 0.315839
vt 0.343750 0.418027
vt 0.343750 0.434233
vt 0.343750 0.408670
vt 0.343750 0.452946
vt 0.343750 0.348189
vt 0.343750 0.357546
vt 0.343750 0.373752
vt 0.343750 0.392465
vt 0.343750 0.401821
vt 0.343750 0.364395
vt 0.343750 0.450378
vt 0.343750 0.331983
vt 0.343750 0.313270
vt 0.343750 0.401784
vt 0.343750 0.295499
vt 0.343750 0.275000
vt 0.343750 0.345315
vt 0.343750 0.381136
vt 0.343750 0.427777
vt 0.343750 0.420392
vt 0.343750 0.450158
vt 0.343750 0.469725
vt 0.343750 0.395107
vt 0.343750 0.384724
vt 0.343750 0.372477
vt 0.343750 0.360230
vt 0.343750 0.349847
vt 0.343750 0.342910
vt 0.343750 0.340473
vt 0.343750 0.402044
vt 0.343750 0.404480
vt 0.343750 0.428045
vt 0.343750 0.432623
vt 0.343750 0.349460
vt 0.343750 0.415007
vt 0.343750 0.316909
vt 0.343750 0.312330
vt 0.343750 0.329947
vt 0.343750 0.395494
vt 0.343750 0.402136
vt 0.343750 0.427279
vt 0.343750 0.342818
vt 0.343750 0.317674
vt 0.343750 0.300874
vt 0.343750 0.444080
vt 0.343750 0.449979
vt 0.343750 0.294974
vt 0.718750 0.027707
vt 0.718750 0.060343
vt 0.718750 0.027706
vt 0.718750 0.060343
vt 0.718750 0.146885
vt 0.718750 0.098206
vt 0.718750 0.103117
vt 0.718750 0.151796
vt 0.718750 0.051794
vt 0.718750 0.103115
vt 0.718750 0.065210
vt 0.718750 0.098204
vt 0.718750 0.053775
vt 0.718750 0.077667
vt 0.718750 0.095105
vt 0.718750 0.084164
vt 0.718750 0.084163
vt 0.718750 0.095106
vt 0.718750 0.114057
vt 0.718750 0.114058
vt 0.718750 0.135942
vt 0.718750 0.135943
vt 0.718750 0.154894
vt 0.718750 0.154895
vt 0.718750 0.165836
vt 0.718750 0.165837
vt 0.718750 0.043327
vt 0.718750 0.043327
vt 0.718750 0.025001
vt 0.718750 0.206673
vt 0.718750 0.206674
vt 0.718750 0.146883
vt 0.718750 0.151794
vt 0.718750 0.184790
vt 0.718750 0.198206
vt 0.718750 0.065212
vt 0.718750 0.189657
vt 0.718750 0.222294
vt 0.718750 0.189657
vt 0.718750 0.222294
vt 0.718750 0.184788
vt 0.718750 0.051796
vt 0.718750 0.077668
vt 0.718750 0.107675
vt 0.718750 0.107676
vt 0.718750 0.142324
vt 0.718750 0.142325
vt 0.718750 0.172331
vt 0.718750 0.172333
vt 0.718750 0.224999
vt 0.718750 0.198204
vt 0.718750 0.053777
vt 0.718750 0.098929
vt 0.718750 0.151071
vt 0.718750 0.098931
vt 0.718750 0.196225
vt 0.718750 0.151069
vt 0.718750 0.196223
vt 0.718750 0.175000
vt 0.718750 0.147727
vt 0.718750 0.075000
vt 0.718750 0.183764
vt 0.718750 0.055591
vt 0.718750 0.210225
vt 0.843750 0.409429
vt 0.843750 0.402136
vt 0.843750 0.372477
vt 0.843750 0.427279
vt 0.843750 0.375000
vt 0.843750 0.342818
vt 0.843750 0.438616
vt 0.843750 0.444080
vt 0.843750 0.340571
vt 0.843750 0.317674
vt 0.843750 0.311384
vt 0.843750 0.300874
vt 0.843750 0.336732
vt 0.843750 0.413268
vt 0.843750 0.458118
vt 0.843750 0.449979
vt 0.843750 0.291882
vt 0.843750 0.294974
vt 0.843750 0.304289
vt 0.843750 0.282612
vt 0.843750 0.445711
vt 0.843750 0.467388
vt 0.843750 0.285033
vt 0.843750 0.275000
vt 0.843750 0.464967
vt 0.843750 0.475000
vt 0.843750 0.437182
vt 0.843750 0.456245
vt 0.843750 0.341347
vt 0.843750 0.408653
vt 0.843750 0.421153
vt 0.843750 0.312818
vt 0.843750 0.293755
vt 0.843750 0.328847
vt 0.843750 0.350022
vt 0.843750 0.399978
vt 0.843750 0.435302
vt 0.843750 0.462938
vt 0.843750 0.287062
vt 0.843750 0.314698
vt 0.843750 0.309730
vt 0.843750 0.340270
vt 0.843750 0.342914
vt 0.843750 0.350442
vt 0.843750 0.361710
vt 0.843750 0.388290
vt 0.843750 0.399558
vt 0.843750 0.407086
vt 0.843750 0.409730
vt 0.843750 0.440270
vn 1.000000 0.000000 0.000000
vn -0.376065 0.609155 -0.698216
vn -0.063350 0.195429 -0.978670
vn -0.791853 0.215431 -0.571452
vn -0.239846 0.082653 -0.967286
vn -0.968566 0.193512 -0.156311
vn -0.986444 0.000000 -0.164096
vn -0.786028 0.000000 -0.618191
vn -0.618220 0.758180 -0.207285
vn -0.201644 0.000000 -0.979459
vn 0.000000 0.707107 -0.707107
vn 0.000000 0.195090 -0.980785
vn 0.000000 0.980785 -0.195090
vn 0.000000 0.980785 0.195090
vn -0.618220 0.758180 0.207285
vn 0.000000 -1.000000 0.000000
vn -0.239846 0.082653 0.967286
vn -0.791853 0.215431 0.571452
vn -0.201644 0.000000 0.979459
vn -0.786028 0.000000 0.618191
vn -0.376065 0.609155 0.698216
vn -0.063350 0.195429 0.978670
vn 0.000000 0.707107 0.707107
vn 0.000000 0.195090 0.980785
vn -0.968566 0.193512 0.156311
vn -0.986444 0.000000 0.164096
vn 0.000000 0.000000 -1.000000
vn 0.000000 0.000000 1.000000
vn 0.901796 0.247506 0.354266
vn 0.980785 0.000000 -0.195090
vn 0.942729 0.270371 -0.195350
vn 0.923879 0.000000 0.382683
vn 0.000000 0.195090 -0.980785
vn 0.195090 0.000000 -0.980785
vn 0.211649 0.060700 -0.975459
vn 0.109410 0.197403 -0.974198
vn 0.528101 0.809304 0.257170
vn 0.474361 0.855865 -0.206098
vn 0.354266 0.247506 0.901796
vn -0.382683 0.000000 0.923879
vn 0.382683 0.000000 0.923879
vn -0.354266 0.247506 0.901796
vn 0.257170 0.809304 0.528101
vn -0.257170 0.809304 0.528101
vn -0.211649 0.060700 -0.975459
vn -0.195090 0.000000 -0.980785
vn -0.109410 0.197403 -0.974198
vn -0.901796 0.247506 0.354266
vn -0.528101 0.809304 0.257170
vn -0.923879 0.000000 0.382683
vn -0.474361 0.855865 -0.206098
vn 0.000000 1.000000 0.000000
vn 0.000000 0.980785 -0.195090
vn 0.707107 0.000000 -0.707107
vn 0.700615 0.200934 -0.684664
vn 0.353423 0.637662 -0.684456
vn -1.000000 0.000000 0.000000
vn -0.942729 0.270371 -0.195350
vn -0.980785 0.000000 -0.195090
vn -0.353423 0.637662 -0.684456
vn -0.700615 0.200934 -0.684664
vn -0.707107 0.000000 -0.707107
vn 0.000000 -0.965926 0.258819
vn 0.000000 -0.998557 0.053696
vn 0.000000 0.500000 -0.866025
vn 0.000000 0.130526 -0.991445
vn 0.000000 0.793353 -0.608761
vn 0.000000 0.968895 -0.247473
vn 0.000000 -0.270130 -0.962824
vn 0.000000 -0.812847 -0.582478
vn 0.000000 0.452777 0.891624
vn 0.000000 0.258819 0.965926
vn 0.000000 0.910864 0.412707
vn 0.239846 0.082653 0.967286
vn 0.201644 0.000000 0.979459
vn 0.063350 0.195429 0.978670
vn 0.201644 0.000000 -0.979459
vn 0.239846 0.082653 -0.967286
vn 0.063350 0.195429 -0.978670
vn 0.968566 0.193512 0.156311
vn 0.986444 0.000000 -0.164096
vn 0.968566 0.193512 -0.156311
vn 0.986444 0.000000 0.164096
vn 0.618220 0.758180 -0.207285
vn 0.618220 0.758180 0.207285
vn 0.376065 0.609155 0.698216
vn 0.791853 0.215431 0.571452
vn 0.786028 0.000000 0.618191
vn 0.376065 0.609155 -0.698216
vn 0.786028 0.000000 -0.618191
vn 0.791853 0.215431 -0.571452
vn 0.994271 -0.075579 0.075579
vn 0.703056 -0.572714 -0.421557
vn -0.703056 -0.572714 -0.421557
vn -0.994271 -0.075579 0.075579
vn 0.703056 0.421557 0.572714
vn 0.000000 0.627478 0.778635
vn -0.703056 0.421557 0.572714
vn 0.000000 -0.778635 -0.627478
vn 0.000000 -0.707107 0.707107
vn 0.000000 -0.730602 -0.682804
vn 0.706703 -0.523613 -0.475816
vn -0.706703 -0.523613 -0.475816
vn 0.999429 -0.023899 0.023899
vn 0.706703 0.475816 0.523613
vn -0.999429 -0.023899 0.023899
vn 0.000000 0.682804 0.730601
vn -0.706703 0.475816 0.523613
vn 0.000000 -0.707107 -0.707107
vn 0.000000 -0.707107 0.707107
vn -0.980785 0.000000 0.195090
vn 0.195090 0.000000 0.980785
vn -0.195090 0.000000 0.980785
vn 0.980785 0.000000 0.195090
vn 0.707107 0.000000 0.707107
vn -0.707107 0.000000 0.707107
vn 0.000000 -0.258819 0.965926
vn 0.000000 -0.500000 0.866025
vn 0.000000 0.258819 -0.965926
vn 0.000000 0.500000 -0.866025
vn 0.000000 -0.866025 -0.500000
vn -1.000000 0.000000 0.000000
vn 0.000000 0.866025 -0.500000
vn 0.000000 0.500000 0.866025
vn 0.000000 0.258819 0.965926
vn 0.000000 -0.500000 -0.866025
vn 0.000000 -0.258819 -0.965926
vn 1.000000 0.000000 0.000000
vn -0.979442 0.161381 0.121035
vn -0.977253 0.169661 0.127246
vn 0.000000 0.997497 0.070711
vn 0.000000 0.997877 0.065122
vn 0.979442 0.161381 0.121035
vn 0.977253 0.169661 0.127246
vn -0.700246 0.571121 0.428341
vn -0.689130 0.579710 0.434782
vn -0.152921 0.114918 0.981534
vn -0.193761 0.784839 0.588629
vn 0.700246 0.571121 0.428341
vn 0.689130 0.579710 0.434782
vn 0.193761 0.784839 0.588629
vn 0.152921 0.114918 0.981534
vn 0.000000 0.554700 -0.832050
vn 0.000000 0.707107 -0.707107
vn -0.674294 0.689700 0.263895
vn -0.791487 0.432174 -0.432174
vn -0.953596 0.212902 -0.212902
vn -0.559666 0.827917 -0.036430
vn -0.559666 0.036430 -0.827917
vn -0.674294 -0.263896 -0.689700
vn 0.000000 0.991839 0.127492
vn 0.000000 0.887197 0.461391
vn 0.000000 -0.127492 -0.991840
vn 0.674294 -0.263896 -0.689700
vn 0.000000 -0.461392 -0.887196
vn 0.559666 0.036430 -0.827917
vn 0.674294 0.689700 0.263895
vn 0.559666 0.827917 -0.036430
vn 0.953596 0.212902 -0.212902
vn 0.791487 0.432174 -0.432174
vn -0.707107 0.500000 0.500000
vn 0.000000 0.707107 0.707107
vn 0.707107 -0.500000 -0.500000
vn 0.000000 -0.707107 -0.707107
vn -0.707107 -0.500000 -0.500000
vn 0.707107 0.500000 0.500000
vn -0.249273 -0.930298 0.269089
vn 0.258819 -0.965926 0.000000
vn 0.249273 -0.930298 0.269089
vn -0.258819 -0.965926 0.000000
vn -0.258819 0.965926 0.000000
vn 0.249273 0.930298 0.269089
vn 0.258819 0.965926 0.000000
vn -0.249273 0.930298 0.269089
vn 0.930298 0.249273 0.269089
vn 0.965926 -0.258819 0.000000
vn 0.965926 0.258819 0.000000
vn 0.930298 -0.249273 0.269089
vn -0.681025 -0.681025 0.269089
vn -0.707107 -0.707107 0.000000
vn -0.067921 0.253484 0.964952
vn -0.487989 0.487989 0.723694
vn -0.185563 0.185563 0.964952
vn -0.178617 0.666606 0.723694
vn 0.067921 -0.253484 0.964952
vn -0.185563 -0.185563 0.964952
vn -0.067921 -0.253484 0.964952
vn 0.185563 -0.185563 0.964952
vn -0.253484 -0.067921 0.964952
vn 0.253484 -0.067921 0.964952
vn -0.253484 0.067921 0.964952
vn 0.253484 0.067921 0.964952
vn 0.185563 0.185563 0.964952
vn 0.067921 0.253484 0.964952
vn 0.666606 0.178617 0.723694
vn 0.666606 -0.178617 0.723694
vn 0.681025 0.681025 0.269089
vn 0.707107 0.707107 0.000000
vn 0.487989 0.487989 0.723694
vn 0.178617 0.666606 0.723694
vn -0.487989 -0.487989 0.723694
vn -0.930298 -0.249273 0.269089
vn -0.666606 -0.178617 0.723694
vn 0.178617 -0.666606 0.723694
vn -0.178617 -0.666606 0.723694
vn 0.487989 -0.487989 0.723694
vn 0.681025 -0.681025 0.269089
vn -0.681025 0.681025 0.269089
vn -0.707107 0.707107 0.000000
vn -0.666606 0.178617 0.723694
vn -0.930298 0.249273 0.269089
vn 0.707107 -0.707107 0.000000
vn -0.965926 -0.258819 0.000000
vn -0.965926 0.258819 0.000000
vn 0.671117 -0.249273 0.698187
vn 0.060764 -0.487989 0.870732
vn 0.455240 -0.681025 0.573551
vn 0.215451 -0.178617 0.960040
vn -0.423655 -0.253484 0.869633
vn -0.516533 -0.666606 0.537429
vn -0.207160 -0.666606 0.716045
vn -0.541297 -0.253484 0.801713
vn -0.423655 0.253484 0.869633
vn -0.516533 0.666606 0.537429
vn -0.541297 0.253484 0.801713
vn -0.207160 0.666606 0.716045
vn -0.702000 -0.067921 0.708931
vn -0.939145 0.178617 0.293434
vn -0.939145 -0.178617 0.293434
vn -0.702000 0.067921 0.708931
vn -0.724330 0.681025 -0.107474
vn -0.350421 0.930298 0.108402
vn -0.784458 0.487989 0.382743
vn -0.350421 -0.930298 0.108402
vn 0.081332 -0.930298 0.357675
vn -0.724330 -0.681025 -0.107474
vn -0.940206 -0.249273 -0.232111
vn -0.784458 -0.487989 0.382743
vn -0.643178 0.185563 0.742891
vn 0.671117 0.249273 0.698187
vn 0.215451 0.178617 0.960040
vn 0.081332 0.930298 0.357675
vn 0.060764 0.487989 0.870732
vn 0.455240 0.681025 0.573551
vn -0.262952 -0.067921 0.962415
vn -0.262952 0.067921 0.962415
vn -0.643178 -0.185563 0.742891
vn -0.321774 -0.185563 0.928455
vn -0.940206 0.249273 -0.232111
vn -0.321774 0.185563 0.928455
vn -0.224144 0.965926 -0.129410
vn 0.224144 0.965926 0.129410
vn 0.836516 0.258819 0.482963
vn 0.836516 -0.258819 0.482963
vn 0.612372 0.707107 0.353553
vn -0.612372 0.707107 -0.353553
vn 0.224144 -0.965926 0.129410
vn 0.612372 -0.707107 0.353553
vn -0.836516 0.258819 -0.482963
vn -0.836516 -0.258819 -0.482963
vn -0.612372 -0.707107 -0.353553
vn -0.224144 -0.965926 -0.129410
vn -0.126325 -0.033781 0.991414
vn -0.258819 0.000000 0.965926
vn -0.135964 -0.031366 0.990217
vn 0.258819 0.000000 0.965926
vn 0.126325 -0.033781 0.991414
vn 0.135964 -0.031366 0.990217
vn 0.612372 0.707107 -0.353553
vn 0.940206 0.249273 -0.232111
vn 0.836516 0.258819 -0.482963
vn 0.724330 0.681025 -0.107474
vn 0.350421 -0.930298 0.108402
vn 0.612372 -0.707107 -0.353553
vn 0.724330 -0.681025 -0.107474
vn 0.224144 -0.965926 -0.129410
vn 0.350421 0.930298 0.108402
vn 0.224144 0.965926 -0.129410
vn 0.940206 -0.249273 -0.232111
vn 0.836516 -0.258819 -0.482963
vn -0.671117 -0.249273 0.698187
vn -0.836516 0.258819 0.482963
vn -0.836516 -0.258819 0.482963
vn -0.671117 0.249273 0.698187
vn -0.455240 -0.681025 0.573551
vn -0.224144 -0.965926 0.129410
vn -0.081332 -0.930298 0.357675
vn -0.612372 -0.707107 0.353553
vn -0.224144 0.965926 0.129410
vn -0.455240 0.681025 0.573551
vn -0.081332 0.930298 0.357675
vn -0.612372 0.707107 0.353553
vn 0.939145 0.178617 0.293434
vn 0.702000 -0.067921 0.708931
vn 0.939145 -0.178617 0.293434
vn 0.702000 0.067921 0.708931
vn 0.541297 0.253484 0.801713
vn 0.207160 0.666606 0.716045
vn 0.423655 0.253484 0.869633
vn 0.516533 0.666606 0.537429
vn -0.215451 -0.178617 0.960040
vn -0.215451 0.178617 0.960040
vn 0.784458 0.487989 0.382743
vn 0.643178 0.185563 0.742891
vn -0.060764 0.487989 0.870732
vn 0.321774 0.185563 0.928455
vn 0.541297 -0.253484 0.801713
vn 0.321774 -0.185563 0.928455
vn 0.423655 -0.253484 0.869633
vn 0.643178 -0.185563 0.742891
vn 0.262952 -0.067921 0.962415
vn 0.262952 0.067921 0.962415
vn 0.784458 -0.487989 0.382743
vn 0.207160 -0.666606 0.716045
vn 0.516533 -0.666606 0.537429
vn -0.060764 -0.487989 0.870732
vn 0.365692 -0.225372 0.903038
vn 0.480233 -0.055546 0.875380
vn 0.000000 0.171929 0.985109
vn -0.480233 -0.055546 0.875380
vn -0.520912 0.146760 0.840900
vn 0.480233 0.348786 0.804813
vn 0.365692 0.517942 0.773308
vn 0.520912 0.146760 0.840900
vn 0.196928 0.629128 0.751942
vn 0.000000 0.667737 0.744398
vn 0.196928 -0.337223 0.920597
vn 0.000000 -0.376105 0.926577
vn -0.196928 -0.337223 0.920597
vn -0.196928 0.629128 0.751942
vn -0.365692 0.517942 0.773308
vn -0.480233 0.348786 0.804813
vn -0.365692 -0.225372 0.903038
vn -0.304703 -0.646128 0.699768
vn 0.000000 -0.705573 0.708637
vn 0.809523 0.100938 0.578346
vn 0.745747 0.413732 0.522194
vn -0.566852 -0.474453 0.673479
vn 0.566852 -0.474453 0.673479
vn 0.304703 -0.646128 0.699768
vn -0.809523 0.100938 0.578346
vn -0.745747 0.413732 0.522194
vn -0.304703 0.844967 0.439530
vn 0.000000 0.903903 0.427738
vn 0.566852 0.674537 0.472948
vn 0.304703 0.844967 0.439530
vn 0.745747 -0.212386 0.631469
vn -0.745747 -0.212386 0.631469
vn -0.566852 0.674537 0.472948
vn -0.821190 -0.265931 0.504903
vn -0.891360 0.077935 0.446547
vn -0.624265 -0.553633 0.551165
vn 0.821190 -0.265931 0.504903
vn 0.891360 0.077935 0.446547
vn 0.821190 0.421240 0.384973
vn 0.624265 0.707603 0.331045
vn -0.335582 0.894794 0.294498
vn -0.624265 0.707603 0.331045
vn 0.335582 0.894794 0.294498
vn -0.335582 -0.742137 0.580188
vn 0.000000 -0.807407 0.589994
vn 0.335582 -0.742137 0.580188
vn 0.624265 -0.553633 0.551165
vn -0.821190 0.421240 0.384973
vn 0.000000 0.959527 0.281615
vn 0.238556 -0.387978 -0.890261
vn -0.106455 -0.911488 -0.397313
vn -0.238535 -0.387978 -0.890266
vn 0.106464 -0.911488 -0.397311
vn 0.719186 0.667558 0.192714
vn 0.942639 0.218269 -0.252568
vn 0.719190 0.667558 -0.192698
vn 0.942633 0.218269 0.252589
vn -0.690050 0.218269 -0.690065
vn -0.719186 0.667558 -0.192714
vn -0.526476 0.667558 -0.526488
vn -0.942633 0.218269 -0.252589
vn -0.651711 -0.387978 -0.651726
vn -0.290849 -0.911488 -0.290856
vn -0.208960 0.955338 -0.208964
vn 0.076489 0.955338 -0.285446
vn -0.076482 0.955338 -0.285448
vn 0.208964 0.955338 -0.208960
vn -0.285447 0.955338 -0.076489
vn 0.285448 0.955338 -0.076482
vn -0.285448 0.955338 0.076482
vn 0.285447 0.955338 0.076489
vn -0.208964 0.955338 0.208960
vn 0.208960 0.955338 0.208965
vn -0.076489 0.955337 0.285447
vn 0.076482 0.955337 0.285449
vn 0.192714 0.667558 -0.719186
vn -0.192698 0.667558 -0.719190
vn -0.252568 0.218269 -0.942639
vn 0.252589 0.218269 -0.942633
vn -0.192714 0.667558 0.719186
vn 0.192698 0.667558 0.719190
vn -0.719190 0.667558 0.192698
vn -0.942639 0.218269 0.252568
vn 0.526476 0.667558 0.526488
vn 0.690050 0.218269 0.690065
vn 0.526488 0.667558 -0.526476
vn 0.106455 -0.911488 0.397313
vn -0.238556 -0.387978 0.890261
vn -0.106464 -0.911488 0.397311
vn 0.238535 -0.387978 0.890266
vn 0.252568 0.218269 0.942639
vn -0.526488 0.667558 0.526476
vn 0.690065 0.218269 -0.690050
vn 0.290856 -0.911488 -0.290849
vn -0.397311 -0.911488 -0.106464
vn 0.397313 -0.911488 -0.106455
vn -0.397313 -0.911488 0.106455
vn 0.397311 -0.911488 0.106464
vn -0.290856 -0.911488 0.290849
vn 0.290849 -0.911488 0.290856
vn -0.252589 0.218269 0.942633
vn -0.690065 0.218269 0.690050
vn 0.651725 -0.387978 -0.651711
vn -0.890261 -0.387978 -0.238556
vn 0.890261 -0.387978 0.238556
vn 0.890266 -0.387978 -0.238535
vn 0.651711 -0.387978 0.651725
vn -0.890266 -0.387978 0.238535
vn -0.651725 -0.387978 0.651711
vn 0.219780 0.871738 -0.437914
vn 0.219780 0.871738 0.437914
vn 0.394990 0.918686 0.000000
vn -0.203212 0.758398 -0.619304
vn -0.203212 0.758398 0.619304
vn -0.626205 0.645057 -0.437914
vn -0.626205 0.645057 0.437914
vn -0.801414 0.598110 0.000000
vn -0.709204 -0.065396 0.701964
vn -0.031159 0.116286 0.992727
vn 0.646886 0.297967 0.701964
vn -0.990059 -0.140651 0.000000
vn -0.709204 -0.065396 -0.701964
vn 0.927742 0.373223 0.000000
vn 0.646886 0.297967 -0.701964
vn -0.031159 0.116286 -0.992727
vn -0.626359 -0.351235 -0.695923
vn 0.045851 -0.171117 -0.984183
vn -0.626359 -0.351235 0.695923
vn 0.045851 -0.171117 0.984183
vn 0.718060 0.009001 -0.695923
vn 0.996499 0.083609 0.000000
vn 0.718060 0.009001 0.695923
vn -0.904798 -0.425842 0.000000
vn 0.771820 0.461004 -0.437914
vn 0.771820 0.461004 0.437914
vn 0.928909 0.370309 0.000000
vn 0.392576 0.679961 -0.619304
vn 0.392576 0.679961 0.619304
vn 0.013331 0.898918 -0.437914
vn 0.013331 0.898918 0.437914
vn -0.143757 0.989613 0.000000
vn -0.547725 0.455241 0.701964
vn 0.060194 0.104259 0.992727
vn 0.668113 -0.246723 0.701964
vn -0.799533 0.600622 0.000000
vn -0.547725 0.455241 -0.701964
vn 0.919921 -0.392105 0.000000
vn 0.668113 -0.246723 -0.701964
vn 0.060194 0.104259 -0.992727
vn -0.088577 -0.153419 -0.984183
vn -0.691263 0.194542 -0.695923
vn -0.088577 -0.153419 0.984183
vn -0.691263 0.194542 0.695923
vn 0.514110 -0.501380 -0.695923
vn 0.763751 -0.645511 0.000000
vn 0.514110 -0.501380 0.695923
vn -0.940904 0.338673 0.000000
vn -0.778095 -0.582927 0.234017
vn -0.983675 0.027745 -0.177803
vn -0.851934 -0.414303 -0.320252
vn -0.915842 -0.120725 0.382961
vn 0.014371 0.022258 0.999649
vn -0.504343 0.142651 0.851639
vn -0.099222 -0.099639 0.990065
vn -0.245477 0.420441 0.873482
vn -0.092965 -0.411069 0.906852
vn -0.593875 -0.218803 0.774234
vn -0.490084 -0.567068 0.662006
vn -0.138509 -0.258248 0.956098
vn 0.341805 -0.495557 0.798494
vn 0.025208 -0.517155 0.855521
vn 0.184344 -0.548080 0.815859
vn 0.455397 -0.373661 0.808079
vn 0.494685 -0.215052 0.842045
vn 0.449140 -0.062230 0.891292
vn 0.330968 0.043856 0.942623
vn 0.171831 0.074780 0.982284
vn 0.060616 -0.997311 -0.041187
vn 0.405672 -0.658692 -0.633685
vn 0.536849 -0.838458 -0.093706
vn -0.049795 -0.810617 -0.583455
vn -0.631511 0.188286 -0.752159
vn -0.564488 -0.036605 -0.824629
vn 0.716148 0.594740 -0.365261
vn 0.504072 0.792974 0.342205
vn 0.861481 0.472121 0.186956
vn 0.374325 0.901602 -0.216782
vn -0.797018 0.358980 0.485690
vn 0.059367 0.632857 -0.771989
vn -0.085991 0.991055 -0.102057
vn -0.174817 0.678366 -0.713624
vn 0.233268 0.476742 -0.847528
vn -0.870033 0.486533 -0.079553
vn -0.406534 0.601074 -0.688070
vn -0.573696 0.421693 -0.702175
vn -0.541458 0.839129 -0.051828
vn 0.075314 -0.160937 -0.984087
vn -0.156403 -0.238228 -0.958533
vn 0.849111 -0.120364 0.514318
vn 0.745320 0.227901 0.626546
vn 0.300291 0.251852 -0.919998
vn 0.734247 -0.306096 -0.605960
vn 0.242476 0.018445 -0.969982
vn 0.847889 0.152692 -0.507710
vn 0.999228 0.009918 0.038012
vn -0.420686 -0.903780 0.078768
vn -0.510111 -0.721165 -0.468731
vn -0.220780 -0.808827 0.545028
vn 0.022770 0.886505 0.462160
vn 0.476016 0.469660 0.743524
vn 0.113359 0.540135 0.833909
vn -0.453463 0.727652 0.514679
vn -0.390587 -0.192719 -0.900168
vn 0.759579 -0.481818 0.436913
vn 0.880405 -0.469787 -0.064717
vn 0.500713 -0.759608 0.415070
vn 0.141876 -0.879301 0.454643
vn -0.999228 0.009918 0.038012
vn -0.847889 0.152692 -0.507710
vn -0.880405 -0.469787 -0.064717
vn -0.734247 -0.306096 -0.605960
vn 0.778095 -0.582927 0.234017
vn 0.420686 -0.903780 0.078768
vn 0.851934 -0.414303 -0.320252
vn 0.510111 -0.721165 -0.468731
vn 0.220780 -0.808827 0.545028
vn -0.060616 -0.997311 -0.041187
vn -0.141876 -0.879301 0.454643
vn -0.745320 0.227901 0.626546
vn -0.861481 0.472121 0.186956
vn -0.849111 -0.120364 0.514318
vn -0.113359 0.540135 0.833909
vn -0.476016 0.469660 0.743524
vn -0.171831 0.074780 0.982284
vn -0.330968 0.043856 0.942623
vn 0.174817 0.678366 -0.713624
vn 0.406534 0.601074 -0.688070
vn -0.059367 0.632857 -0.771989
vn -0.233268 0.476742 -0.847528
vn 0.573696 0.421693 -0.702175
vn -0.300291 0.251852 -0.919998
vn 0.631511 0.188286 -0.752159
vn -0.242476 0.018445 -0.969982
vn 0.564488 -0.036605 -0.824629
vn -0.075314 -0.160937 -0.984087
vn 0.390587 -0.192719 -0.900168
vn 0.156403 -0.238228 -0.958533
vn 0.245477 0.420441 0.873482
vn 0.504343 0.142651 0.851639
vn 0.453463 0.727652 0.514679
vn 0.797018 0.358980 0.485690
vn -0.405672 -0.658692 -0.633685
vn -0.014371 0.022258 0.999649
vn 0.541458 0.839129 -0.051828
vn -0.022770 0.886505 0.462160
vn 0.085991 0.991055 -0.102057
vn -0.374325 0.901602 -0.216782
vn -0.504072 0.792974 0.342205
vn -0.536849 -0.838458 -0.093706
vn -0.455397 -0.373661 0.808079
vn -0.759579 -0.481818 0.436913
vn -0.341805 -0.495557 0.798494
vn -0.500713 -0.759608 0.415070
vn -0.184344 -0.548080 0.815859
vn -0.716148 0.594740 -0.365261
vn -0.025208 -0.517155 0.855521
vn -0.494685 -0.215052 0.842045
vn 0.092965 -0.411069 0.906852
vn 0.490084 -0.567068 0.662006
vn 0.870033 0.486533 -0.079553
vn -0.449140 -0.062230 0.891292
vn 0.049795 -0.810617 -0.583455
vn 0.099222 -0.099639 0.990065
vn 0.593875 -0.218803 0.774234
vn 0.138509 -0.258248 0.956098
vn 0.983675 0.027745 -0.177803
vn 0.915842 -0.120725 0.382961
vn 0.556106 0.362703 0.747792
vn -0.068765 0.145808 0.986920
vn -0.083051 0.174671 0.981118
vn -0.046616 0.127958 0.990684
vn 0.597844 0.136690 0.789873
vn -0.080413 0.207197 0.974989
vn 0.428179 0.557312 0.711383
vn -0.022892 0.119312 0.992593
vn 0.550333 -0.087140 0.830385
vn -0.060938 0.233612 0.970418
vn 0.421349 -0.277141 0.863514
vn -0.032060 0.248935 0.967990
vn 0.911972 -0.344612 0.222598
vn 0.987111 0.027515 0.157652
vn 0.911972 0.399641 0.092705
vn 0.232546 0.688478 0.686964
vn 0.000000 0.116894 0.993144
vn 0.228428 -0.405222 0.885221
vn 0.000000 0.253738 0.967273
vn 0.911972 -0.399641 -0.092705
vn 0.697993 -0.660085 0.277657
vn 0.987111 -0.027515 -0.157652
vn 0.377751 -0.870877 0.314447
vn 0.697993 0.715114 0.037647
vn 0.377751 0.925907 0.000857
vn 0.911972 0.344612 -0.222598
vn 0.000000 -0.450458 0.892798
vn 0.000000 -0.944898 0.327365
vn -0.228428 -0.405222 0.885221
vn 0.032060 0.248935 0.967990
vn -0.377751 -0.870877 0.314447
vn -0.421349 -0.277141 0.863514
vn 0.060938 0.233612 0.970418
vn -0.550333 -0.087140 0.830385
vn 0.080413 0.207197 0.974989
vn -0.697993 -0.660085 0.277657
vn -0.597844 0.136690 0.789873
vn 0.083051 0.174671 0.981118
vn -0.556106 0.362703 0.747792
vn 0.068765 0.145808 0.986920
vn 0.046616 0.127958 0.990684
vn -0.911972 -0.344612 0.222598
vn -0.697993 -0.715114 -0.037647
vn -0.987111 0.027515 0.157652
vn -0.428179 0.557312 0.711383
vn 0.022892 0.119312 0.992593
vn -0.377751 -0.925907 -0.000857
vn -0.911972 -0.399641 -0.092705
vn -0.232546 0.688478 0.686964
vn 0.000000 0.734701 0.678391
vn -0.377751 0.925907 0.000857
vn 0.000000 0.999927 -0.012061
vn 0.000000 -0.999927 0.012061
vn -0.697993 0.715114 0.037647
vn -0.911972 0.399641 0.092705
vn -0.697993 0.660085 -0.277657
vn -0.377751 0.870877 -0.314447
vn 0.000000 0.944898 -0.327365
vn -0.987111 -0.027515 -0.157652
vn -0.911972 0.344612 -0.222598
vn -0.624972 0.535240 -0.568268
vn 0.377751 0.870877 -0.314447
vn -0.338232 0.723980 -0.601208
vn 0.697993 0.660085 -0.277657
vn -0.816565 -0.413621 -0.402665
vn -0.883844 -0.080425 -0.460817
vn -0.816565 0.252770 -0.518969
vn -0.479664 0.346198 -0.806269
vn -0.624972 -0.696091 -0.353366
vn -0.338232 -0.884831 -0.320425
vn -0.479664 -0.598845 -0.641332
vn -0.626711 -0.382050 -0.679169
vn -0.678348 -0.126323 -0.723800
vn -0.626711 0.129404 -0.768432
vn -0.259592 0.491056 -0.831550
vn 0.000000 0.790257 -0.612775
vn 0.338232 0.723980 -0.601208
vn 0.624972 0.535240 -0.568268
vn 0.816565 0.252770 -0.518969
vn 0.883844 -0.080425 -0.460817
vn 0.816565 -0.413621 -0.402665
vn 0.697993 -0.715114 -0.037647
vn 0.377751 -0.925907 -0.000857
vn 0.624972 -0.696091 -0.353366
vn 0.626711 -0.382050 -0.679169
vn 0.678348 -0.126323 -0.723800
vn 0.626711 0.129404 -0.768432
vn 0.338232 -0.884831 -0.320425
vn 0.479664 -0.598845 -0.641332
vn 0.000000 -0.951108 -0.308858
vn 0.479664 0.346198 -0.806269
vn 0.259592 -0.743703 -0.616050
vn -0.259592 -0.743703 -0.616050
vn 0.259592 0.491056 -0.831550
vn 0.000000 -0.794570 -0.607173
vn 0.000000 -0.534314 -0.845286
vn 0.145813 -0.505742 -0.850272
vn 0.000000 -0.171929 -0.985109
vn -0.145813 -0.505742 -0.850272
vn 0.269428 -0.424375 -0.864473
vn -0.269428 -0.424375 -0.864473
vn 0.352025 -0.302602 -0.885726
vn -0.352025 -0.302602 -0.885726
vn 0.381029 -0.158959 -0.910796
vn -0.381029 -0.158959 -0.910796
vn 0.352025 -0.015317 -0.935865
vn -0.352025 -0.015317 -0.935865
vn 0.269428 0.106457 -0.957118
vn -0.269428 0.106457 -0.957118
vn 0.145813 0.187824 -0.971319
vn -0.145813 0.187824 -0.971319
vn 0.000000 0.216396 -0.976306
vn 0.000000 0.541923 -0.840428
usemtl colormap
f 1/1/1 2/2/1 3/3/1
f 3/3/1 2/2/1 4/4/1
f 4/4/1 2/2/1 5/4/1
f 5/4/1 2/2/1 6/3/1
f 6/3/1 2/2/1 7/1/1
f 8/2/1 7/1/1 2/2/1
f 9/3/2 10/1/3 11/5/4
f 12/6/5 11/5/4 10/1/3
f 13/7/6 11/5/4 14/2/7
f 15/2/8 14/2/7 11/5/4
f 9/3/2 11/5/4 16/4/9
f 13/7/6 16/4/9 11/5/4
f 11/5/4 12/6/5 15/2/8
f 17/2/10 15/2/8 12/6/5
f 9/3/2 6/3/11 10/1/3
f 7/1/12 10/1/3 6/3/11
f 6/3/11 9/3/2 5/4/13
f 16/4/9 5/4/13 9/3/2
f 4/4/14 5/4/13 18/4/15
f 16/4/9 18/4/15 5/4/13
f 8/2/16 2/2/16 17/2/16
f 2/2/16 19/2/16 17/2/16
f 17/2/16 19/2/16 15/2/16
f 19/2/16 20/2/16 15/2/16
f 15/2/16 20/2/16 14/2/16
f 21/2/16 14/2/16 20/2/16
f 22/6/17 23/5/18 19/2/19
f 20/2/20 19/2/19 23/5/18
f 24/3/21 25/1/22 3/3/23
f 1/1/24 3/3/23 25/1/22
f 24/3/21 23/5/18 25/1/22
f 22/6/17 25/1/22 23/5/18
f 23/5/18 26/7/25 20/2/20
f 21/2/26 20/2/20 26/7/25
f 24/3/21 18/4/15 23/5/18
f 26/7/25 23/5/18 18/4/15
f 3/3/23 4/4/14 24/3/21
f 18/4/15 24/3/21 4/4/14
f 18/4/15 16/4/9 26/7/25
f 13/7/6 26/7/25 16/4/9
f 21/2/26 26/7/25 14/2/7
f 13/7/6 14/2/7 26/7/25
f 10/1/3 7/1/12 12/6/5
f 12/6/5 7/1/12 17/2/10
f 8/2/27 17/2/10 7/1/12
f 25/1/22 22/6/17 1/1/24
f 1/1/24 22/6/17 2/2/28
f 19/2/19 2/2/28 22/6/17
f 27/7/29 28/2/30 29/7/31
f 28/2/30 27/7/29 30/2/32
f 31/2/16 32/2/16 33/2/16
f 34/2/16 32/2/16 31/2/16
f 35/2/16 32/2/16 34/2/16
f 36/2/16 32/2/16 35/2/16
f 36/2/16 37/2/16 32/2/16
f 38/2/16 37/2/16 36/2/16
f 37/2/16 38/2/16 39/2/16
f 40/2/16 39/2/16 38/2/16
f 41/2/16 39/2/16 40/2/16
f 42/2/16 39/2/16 41/2/16
f 28/2/16 39/2/16 42/2/16
f 39/2/16 28/2/16 30/2/16
f 43/1/33 41/2/34 40/2/27
f 41/2/34 43/1/33 44/6/35
f 44/6/35 43/1/33 45/1/36
f 46/4/37 29/7/31 47/4/38
f 29/7/31 46/4/37 27/7/29
f 48/7/39 37/2/40 39/2/41
f 37/2/40 48/7/39 49/7/42
f 50/4/27 38/2/27 36/2/27
f 38/2/27 50/4/27 51/4/27
f 52/4/43 49/7/42 48/7/39
f 49/7/42 52/4/43 53/4/44
f 54/6/45 35/2/27 34/2/46
f 35/2/27 54/6/45 55/1/33
f 55/1/33 54/6/45 56/1/47
f 52/4/43 27/7/29 46/4/37
f 27/7/29 52/4/43 48/7/39
f 53/4/44 57/7/48 49/7/42
f 57/7/48 53/4/44 58/4/49
f 49/7/42 32/2/50 37/2/40
f 32/2/50 49/7/42 57/7/48
f 48/7/39 30/2/32 27/7/29
f 30/2/32 48/7/39 39/2/41
f 59/4/51 50/4/52 60/4/53
f 58/4/49 50/4/52 59/4/51
f 53/4/44 50/4/52 58/4/49
f 53/4/44 51/4/52 50/4/52
f 52/4/43 51/4/52 53/4/44
f 52/4/43 61/4/53 51/4/52
f 46/4/37 61/4/53 52/4/43
f 61/4/53 46/4/37 47/4/38
f 29/7/31 42/2/54 62/5/55
f 42/2/54 29/7/31 28/2/30
f 63/3/56 61/4/53 47/4/38
f 61/4/53 63/3/56 64/3/11
f 64/3/11 45/1/36 43/1/33
f 45/1/36 64/3/11 63/3/56
f 44/6/35 42/2/54 41/2/34
f 42/2/54 44/6/35 62/5/55
f 47/4/38 62/5/55 63/3/56
f 62/5/55 47/4/38 29/7/31
f 45/1/36 62/5/55 44/6/35
f 62/5/55 45/1/36 63/3/56
f 38/2/57 43/1/57 40/2/57
f 43/1/57 38/2/57 64/3/57
f 64/3/57 38/2/57 61/4/57
f 61/4/57 38/2/57 51/4/57
f 32/2/50 65/7/58 33/2/59
f 65/7/58 32/2/50 57/7/48
f 57/7/48 59/4/51 65/7/58
f 59/4/51 57/7/48 58/4/49
f 56/1/47 66/3/11 55/1/33
f 66/3/11 56/1/47 67/3/60
f 33/2/59 68/5/61 31/2/62
f 68/5/61 33/2/59 65/7/58
f 65/7/58 67/3/60 68/5/61
f 67/3/60 65/7/58 59/4/51
f 68/5/61 34/2/46 31/2/62
f 34/2/46 68/5/61 54/6/45
f 68/5/61 56/1/47 54/6/45
f 56/1/47 68/5/61 67/3/60
f 67/3/60 60/4/53 66/3/11
f 60/4/53 67/3/60 59/4/51
f 66/3/1 35/2/1 55/1/1
f 35/2/1 66/3/1 36/2/1
f 36/2/1 66/3/1 60/4/1
f 36/2/1 60/4/1 50/4/1
f 69/2/63 70/2/64 71/2/63
f 70/2/64 69/2/63 72/2/64
f 73/8/57 74/9/57 75/10/57
f 74/9/57 73/8/57 72/2/57
f 74/9/57 72/2/57 76/11/57
f 76/11/57 72/2/57 69/2/57
f 76/11/57 69/2/57 77/12/57
f 77/12/57 69/2/57 78/4/57
f 78/4/57 69/2/57 79/13/57
f 79/13/57 69/2/57 80/14/57
f 81/9/1 82/8/1 83/10/1
f 82/8/1 81/9/1 70/2/1
f 70/2/1 81/9/1 84/11/1
f 70/2/1 84/11/1 71/2/1
f 71/2/1 84/11/1 85/12/1
f 71/2/1 85/12/1 86/4/1
f 71/2/1 86/4/1 87/13/1
f 71/2/1 87/13/1 88/14/1
f 76/11/65 81/9/66 74/9/66
f 81/9/66 76/11/65 84/11/65
f 76/11/65 85/12/67 84/11/65
f 85/12/67 76/11/65 77/12/67
f 77/12/67 86/4/68 85/12/67
f 86/4/68 77/12/67 78/4/68
f 74/9/66 83/10/69 75/10/69
f 83/10/69 74/9/66 81/9/66
f 72/2/64 82/8/70 70/2/64
f 82/8/70 72/2/64 73/8/70
f 75/10/69 82/8/70 73/8/70
f 82/8/70 75/10/69 83/10/69
f 88/14/71 69/2/72 71/2/72
f 69/2/72 88/14/71 80/14/71
f 78/4/68 87/13/73 86/4/68
f 87/13/73 78/4/68 79/13/73
f 87/13/73 80/14/71 88/14/71
f 80/14/71 87/13/73 79/13/73
f 89/6/74 90/2/28 91/2/75
f 90/2/28 89/6/74 92/1/24
f 92/1/24 89/6/74 93/1/76
f 94/1/12 95/2/77 96/2/27
f 95/2/77 94/1/12 97/6/78
f 97/6/78 94/1/12 98/1/79
f 99/7/80 100/2/81 101/7/82
f 100/2/81 99/7/80 102/2/83
f 103/4/84 99/7/80 101/7/82
f 99/7/80 103/4/84 104/4/85
f 105/4/14 106/3/86 104/4/85
f 106/3/86 105/4/14 107/3/23
f 104/4/85 108/5/87 99/7/80
f 108/5/87 104/4/85 106/3/86
f 99/7/80 109/2/88 102/2/83
f 109/2/88 99/7/80 108/5/87
f 108/5/87 93/1/76 89/6/74
f 93/1/76 108/5/87 106/3/86
f 93/1/76 107/3/23 92/1/24
f 107/3/23 93/1/76 106/3/86
f 108/5/87 91/2/75 109/2/88
f 91/2/75 108/5/87 89/6/74
f 109/2/16 100/2/16 102/2/16
f 100/2/16 109/2/16 110/2/16
f 110/2/16 109/2/16 91/2/16
f 110/2/16 91/2/16 95/2/16
f 95/2/16 91/2/16 90/2/16
f 95/2/16 90/2/16 96/2/16
f 111/4/13 104/4/85 103/4/84
f 104/4/85 111/4/13 105/4/14
f 112/3/89 111/4/13 103/4/84
f 111/4/13 112/3/89 113/3/11
f 113/3/11 98/1/79 94/1/12
f 98/1/79 113/3/11 112/3/89
f 97/6/78 110/2/90 95/2/77
f 110/2/90 97/6/78 114/5/91
f 114/5/91 103/4/84 101/7/82
f 103/4/84 114/5/91 112/3/89
f 114/5/91 100/2/81 110/2/90
f 100/2/81 114/5/91 101/7/82
f 98/1/79 114/5/91 97/6/78
f 114/5/91 98/1/79 112/3/89
f 90/2/57 94/1/57 96/2/57
f 94/1/57 90/2/57 113/3/57
f 113/3/57 90/2/57 111/4/57
f 111/4/57 90/2/57 105/4/57
f 105/4/57 90/2/57 107/3/57
f 107/3/57 90/2/57 92/1/57
f 115/15/92 116/16/93 117/15/93
f 116/16/93 115/15/92 118/16/92
f 119/16/94 120/15/95 121/15/94
f 120/15/95 119/16/94 122/16/95
f 123/16/96 124/15/97 125/16/97
f 124/15/97 123/16/96 126/15/96
f 124/15/97 127/16/98 125/16/97
f 127/16/98 124/15/97 128/15/98
f 121/15/94 129/16/99 119/16/94
f 129/16/99 121/15/94 130/15/99
f 126/15/96 118/16/92 115/15/92
f 118/16/92 126/15/96 123/16/96
f 127/16/98 120/15/95 122/16/95
f 120/15/95 127/16/98 128/15/98
f 129/16/99 117/15/93 116/16/93
f 117/15/93 129/16/99 130/15/99
f 123/16/100 116/16/100 118/16/100
f 116/16/100 123/16/100 131/16/100
f 131/16/100 123/16/100 132/16/100
f 133/16/100 116/16/100 131/16/100
f 132/16/100 123/16/100 125/16/100
f 132/16/100 125/16/100 134/16/100
f 116/16/100 133/16/100 129/16/100
f 129/16/100 133/16/100 135/16/100
f 129/16/100 135/16/100 136/16/100
f 134/16/100 125/16/100 127/16/100
f 129/16/100 136/16/100 119/16/100
f 134/16/100 127/16/100 137/16/100
f 119/16/100 136/16/100 138/16/100
f 137/16/100 127/16/100 138/16/100
f 119/16/100 138/16/100 127/16/100
f 119/16/100 127/16/100 122/16/100
f 139/2/100 140/2/100 141/2/100
f 140/2/100 139/2/100 142/2/100
f 142/2/100 139/2/100 143/2/100
f 142/2/100 143/2/100 144/2/100
f 142/2/100 144/2/100 145/2/100
f 145/2/100 144/2/100 146/2/100
f 142/2/101 133/16/102 140/2/102
f 133/16/102 142/2/101 135/16/101
f 136/16/103 142/2/101 145/2/103
f 142/2/101 136/16/103 135/16/101
f 131/16/104 140/2/102 133/16/102
f 140/2/102 131/16/104 141/2/104
f 132/16/105 141/2/104 131/16/104
f 141/2/104 132/16/105 139/2/105
f 145/2/103 138/16/106 136/16/103
f 138/16/106 145/2/103 146/2/106
f 143/2/107 137/16/108 144/2/108
f 137/16/108 143/2/107 134/16/107
f 132/16/105 143/2/107 139/2/105
f 143/2/107 132/16/105 134/16/107
f 146/2/106 137/16/108 138/16/106
f 137/16/108 146/2/106 144/2/108
f 147/15/92 148/16/93 149/15/93
f 148/16/93 147/15/92 150/16/92
f 151/16/94 152/15/95 153/15/94
f 152/15/95 151/16/94 154/16/95
f 155/15/96 156/16/97 157/16/96
f 156/16/97 155/15/96 158/15/97
f 156/16/97 159/15/98 160/16/98
f 159/15/98 156/16/97 158/15/97
f 153/15/94 161/16/99 151/16/94
f 161/16/99 153/15/94 162/15/99
f 147/15/92 157/16/96 150/16/92
f 157/16/96 147/15/92 155/15/96
f 160/16/98 152/15/95 154/16/95
f 152/15/95 160/16/98 159/15/98
f 162/15/99 148/16/93 161/16/99
f 148/16/93 162/15/99 149/15/93
f 163/2/100 164/2/100 165/2/100
f 164/2/100 163/2/100 166/2/100
f 164/2/100 166/2/100 167/2/100
f 167/2/100 166/2/100 168/2/100
f 167/2/100 168/2/100 169/2/100
f 169/2/100 168/2/100 170/2/100
f 157/16/100 148/16/100 150/16/100
f 148/16/100 157/16/100 171/16/100
f 171/16/100 157/16/100 172/16/100
f 173/16/100 148/16/100 171/16/100
f 172/16/100 157/16/100 156/16/100
f 172/16/100 156/16/100 174/16/100
f 148/16/100 173/16/100 161/16/100
f 161/16/100 173/16/100 175/16/100
f 161/16/100 175/16/100 176/16/100
f 174/16/100 156/16/100 160/16/100
f 161/16/100 176/16/100 151/16/100
f 174/16/100 160/16/100 177/16/100
f 151/16/100 176/16/100 178/16/100
f 177/16/100 160/16/100 178/16/100
f 151/16/100 178/16/100 160/16/100
f 151/16/100 160/16/100 154/16/100
f 176/16/103 167/2/101 169/2/103
f 167/2/101 176/16/103 175/16/101
f 172/16/105 165/2/104 171/16/104
f 165/2/104 172/16/105 163/2/105
f 171/16/104 164/2/102 173/16/102
f 164/2/102 171/16/104 165/2/104
f 169/2/103 178/16/106 176/16/103
f 178/16/106 169/2/103 170/2/106
f 166/2/107 177/16/108 168/2/108
f 177/16/108 166/2/107 174/16/107
f 168/2/108 178/16/106 170/2/106
f 178/16/106 168/2/108 177/16/108
f 172/16/105 166/2/107 163/2/105
f 166/2/107 172/16/105 174/16/107
f 167/2/101 173/16/102 164/2/102
f 173/16/102 167/2/101 175/16/101
f 179/2/57 180/4/57 181/2/57
f 180/4/57 179/2/57 182/4/57
f 180/4/11 183/2/109 181/2/109
f 183/2/109 180/4/11 184/4/11
f 185/4/1 183/2/1 184/4/1
f 183/2/1 185/4/1 186/2/1
f 185/4/23 179/2/110 186/2/110
f 179/2/110 185/4/23 182/4/23
f 180/4/11 185/4/23 184/4/11
f 185/4/23 180/4/11 182/4/23
f 179/2/110 183/2/109 186/2/110
f 183/2/109 179/2/110 181/2/109
f 187/2/57 188/4/57 189/2/57
f 188/4/57 187/2/57 190/4/57
f 188/4/11 191/2/109 189/2/109
f 191/2/109 188/4/11 192/4/11
f 193/4/1 191/2/1 192/4/1
f 191/2/1 193/4/1 194/2/1
f 193/4/23 187/2/110 194/2/110
f 187/2/110 193/4/23 190/4/23
f 188/4/11 193/4/23 192/4/11
f 193/4/23 188/4/11 190/4/23
f 187/2/110 191/2/109 194/2/110
f 191/2/109 187/2/110 189/2/109
f 195/2/16 196/2/16 197/2/16
f 196/2/16 195/2/16 198/2/16
f 198/2/57 199/4/57 196/2/57
f 199/4/57 198/2/57 200/4/57
f 201/4/28 198/2/28 195/2/28
f 198/2/28 201/4/28 200/4/28
f 199/4/27 197/2/27 196/2/27
f 197/2/27 199/4/27 202/4/27
f 201/4/1 197/2/1 202/4/1
f 197/2/1 201/4/1 195/2/1
f 199/4/52 201/4/52 202/4/52
f 201/4/52 199/4/52 200/4/52
f 203/2/111 204/4/57 205/2/57
f 204/4/57 203/2/111 206/4/111
f 204/4/27 207/2/27 205/2/27
f 207/2/27 204/4/27 208/4/27
f 209/4/112 210/2/113 211/2/112
f 210/2/113 209/4/112 212/4/113
f 213/4/114 207/2/1 208/4/1
f 207/2/1 213/4/114 214/2/114
f 215/4/115 211/2/112 216/2/115
f 211/2/112 215/4/115 209/4/112
f 215/4/115 214/2/114 213/4/114
f 214/2/114 215/4/115 216/2/115
f 217/2/116 206/4/111 203/2/111
f 206/4/111 217/2/116 218/4/116
f 212/4/113 217/2/116 210/2/113
f 217/2/116 212/4/113 218/4/116
f 204/4/52 213/4/52 208/4/52
f 213/4/52 204/4/52 215/4/52
f 215/4/52 204/4/52 209/4/52
f 209/4/52 204/4/52 212/4/52
f 212/4/52 204/4/52 218/4/52
f 218/4/52 204/4/52 206/4/52
f 216/2/16 207/2/16 214/2/16
f 207/2/16 216/2/16 205/2/16
f 205/2/16 216/2/16 211/2/16
f 205/2/16 211/2/16 210/2/16
f 205/2/16 210/2/16 217/2/16
f 205/2/16 217/2/16 203/2/16
f 219/4/27 220/2/27 221/2/27
f 220/2/27 219/4/27 222/4/27
f 223/4/28 224/2/28 225/2/28
f 224/2/28 223/4/28 226/4/28
f 223/4/1 220/2/1 222/4/1
f 220/2/1 223/4/1 225/2/1
f 219/4/52 223/4/52 222/4/52
f 223/4/52 219/4/52 226/4/52
f 224/2/57 219/4/57 221/2/57
f 219/4/57 224/2/57 226/4/57
f 225/2/16 221/2/16 220/2/16
f 221/2/16 225/2/16 224/2/16
f 227/17/117 228/18/118 229/18/118
f 228/18/118 227/17/117 230/17/117
f 231/19/119 232/20/120 233/20/120
f 232/20/120 231/19/119 234/19/119
f 228/18/121 232/20/121 229/18/121
f 232/20/121 228/18/121 233/20/121
f 228/18/122 231/19/122 233/20/122
f 231/19/122 228/18/122 235/21/122
f 236/22/122 235/21/122 228/18/122
f 235/21/122 236/22/122 237/23/122
f 236/22/122 228/18/122 230/17/122
f 236/22/122 230/17/122 238/24/122
f 237/23/123 239/22/123 240/23/123
f 239/22/123 237/23/123 236/22/123
f 239/22/124 238/24/125 241/24/125
f 238/24/125 239/22/124 236/22/124
f 237/23/126 242/21/127 235/21/127
f 242/21/127 237/23/126 240/23/126
f 235/21/127 234/19/119 231/19/119
f 234/19/119 235/21/127 242/21/127
f 241/24/125 230/17/117 227/17/117
f 230/17/117 241/24/125 238/24/125
f 239/22/128 242/21/128 240/23/128
f 242/21/128 239/22/128 234/19/128
f 229/18/128 234/19/128 239/22/128
f 234/19/128 229/18/128 232/20/128
f 229/18/128 239/22/128 241/24/128
f 229/18/128 241/24/128 227/17/128
f 243/17/117 244/18/118 245/18/118
f 244/18/118 243/17/117 246/17/117
f 247/19/119 248/20/120 249/20/120
f 248/20/120 247/19/119 250/19/119
f 244/18/121 248/20/121 245/18/121
f 248/20/121 244/18/121 249/20/121
f 244/18/122 247/19/122 249/20/122
f 247/19/122 244/18/122 251/21/122
f 252/22/122 251/21/122 244/18/122
f 251/21/122 252/22/122 253/23/122
f 252/22/122 244/18/122 246/17/122
f 252/22/122 246/17/122 254/24/122
f 253/23/123 255/22/123 256/23/123
f 255/22/123 253/23/123 252/22/123
f 255/22/124 254/24/125 257/24/125
f 254/24/125 255/22/124 252/22/124
f 253/23/126 258/21/127 251/21/127
f 258/21/127 253/23/126 256/23/126
f 251/21/127 250/19/119 247/19/119
f 250/19/119 251/21/127 258/21/127
f 257/24/125 246/17/117 243/17/117
f 246/17/117 257/24/125 254/24/125
f 255/22/128 258/21/128 256/23/128
f 258/21/128 255/22/128 250/19/128
f 245/18/128 250/19/128 255/22/128
f 250/19/128 245/18/128 248/20/128
f 245/18/128 255/22/128 257/24/128
f 245/18/128 257/24/128 243/17/128
f 259/18/16 260/18/16 261/18/16
f 260/18/16 259/18/16 262/18/16
f 259/18/57 263/25/57 262/18/57
f 263/25/57 259/18/57 264/26/57
f 264/26/57 259/18/57 265/27/129
f 265/27/129 259/18/57 266/28/130
f 267/29/27 263/25/27 268/25/27
f 267/29/27 262/18/27 263/25/27
f 262/18/27 267/29/27 260/18/27
f 269/29/27 260/18/27 267/29/27
f 260/18/27 269/29/27 270/25/27
f 270/25/27 269/29/27 271/25/27
f 267/29/131 272/30/131 269/29/131
f 272/30/131 267/29/131 273/30/131
f 271/25/132 274/26/132 270/25/132
f 274/26/132 271/25/132 275/26/132
f 272/30/57 271/25/57 269/29/57
f 271/25/57 272/30/57 275/26/57
f 263/25/132 276/26/132 268/25/132
f 276/26/132 263/25/132 264/26/132
f 276/26/1 267/29/1 268/25/1
f 267/29/1 276/26/1 273/30/1
f 274/26/1 260/18/1 270/25/1
f 260/18/1 274/26/1 261/18/1
f 261/18/1 274/26/1 277/27/133
f 261/18/1 277/27/133 278/28/134
f 266/28/130 279/31/135 265/27/129
f 279/31/135 266/28/130 280/32/136
f 279/31/135 281/29/137 282/33/138
f 281/29/137 279/31/135 280/32/136
f 283/31/139 278/28/134 277/27/133
f 278/28/134 283/31/139 284/32/140
f 285/33/141 284/32/140 283/31/139
f 284/32/140 285/33/141 286/29/142
f 284/32/110 261/18/110 278/28/110
f 261/18/110 284/32/110 259/18/110
f 259/18/110 284/32/110 286/29/142
f 259/18/110 286/29/142 281/29/137
f 259/18/110 281/29/137 280/32/110
f 259/18/110 280/32/110 266/28/110
f 265/27/143 276/26/143 264/26/143
f 276/26/143 265/27/143 275/26/143
f 272/30/143 276/26/143 275/26/143
f 276/26/143 272/30/143 273/30/143
f 275/26/143 265/27/143 274/26/143
f 274/26/143 265/27/143 277/27/143
f 277/27/143 265/27/143 279/31/143
f 277/27/143 279/31/143 283/31/143
f 283/31/143 279/31/143 282/33/143
f 283/31/143 282/33/143 285/33/143
f 287/34/144 288/34/144 289/34/144
f 288/34/144 287/34/144 290/34/144
f 288/34/144 290/34/144 291/34/144
f 291/34/144 290/34/144 292/34/144
f 291/34/144 292/34/144 293/34/144
f 293/34/144 292/34/144 294/34/144
f 295/34/144 296/34/144 297/34/144
f 296/34/144 295/34/144 298/34/144
f 296/34/144 298/34/144 299/34/144
f 299/34/144 298/34/144 300/34/144
f 299/34/144 300/34/144 301/34/144
f 301/34/144 300/34/144 302/34/144
f 303/35/145 294/36/146 304/35/147
f 294/36/146 303/35/145 293/36/148
f 304/35/147 292/36/149 305/35/150
f 292/36/149 304/35/147 294/36/146
f 291/36/151 303/35/145 306/35/152
f 303/35/145 291/36/151 293/36/148
f 290/36/153 307/35/154 308/35/155
f 307/35/154 290/36/153 287/36/156
f 305/35/150 290/36/153 308/35/155
f 290/36/153 305/35/150 292/36/149
f 309/35/157 291/36/151 306/35/152
f 291/36/151 309/35/157 288/36/158
f 287/36/156 310/35/159 307/35/154
f 310/35/159 287/36/156 289/36/160
f 289/36/160 309/35/157 310/35/159
f 309/35/157 289/36/160 288/36/158
f 306/35/152 128/37/161 124/37/162
f 128/37/161 306/35/152 303/35/145
f 307/35/154 115/37/1 117/37/163
f 115/37/1 307/35/154 310/35/159
f 308/35/155 117/37/163 130/37/164
f 117/37/163 308/35/155 307/35/154
f 120/37/57 305/35/150 121/37/165
f 305/35/150 120/37/57 304/35/147
f 120/37/57 303/35/145 304/35/147
f 303/35/145 120/37/57 128/37/161
f 126/37/166 306/35/152 124/37/162
f 306/35/152 126/37/166 309/35/157
f 121/37/165 308/35/155 130/37/164
f 308/35/155 121/37/165 305/35/150
f 309/35/157 115/37/1 310/35/159
f 115/37/1 309/35/157 126/37/166
f 311/35/145 302/36/146 312/35/147
f 302/36/146 311/35/145 301/36/148
f 312/35/147 300/36/149 313/35/150
f 300/36/149 312/35/147 302/36/146
f 299/36/151 311/35/145 314/35/152
f 311/35/145 299/36/151 301/36/148
f 298/36/153 315/35/154 316/35/155
f 315/35/154 298/36/153 295/36/156
f 313/35/150 298/36/153 316/35/155
f 298/36/153 313/35/150 300/36/149
f 317/35/157 299/36/151 314/35/152
f 299/36/151 317/35/157 296/36/158
f 295/36/156 318/35/159 315/35/154
f 318/35/159 295/36/156 297/36/160
f 297/36/160 317/35/157 318/35/159
f 317/35/157 297/36/160 296/36/158
f 314/35/152 159/37/161 158/37/162
f 159/37/161 314/35/152 311/35/145
f 315/35/154 147/37/1 149/37/163
f 147/37/1 315/35/154 318/35/159
f 162/37/164 315/35/154 149/37/163
f 315/35/154 162/37/164 316/35/155
f 152/37/57 313/35/150 153/37/165
f 313/35/150 152/37/57 312/35/147
f 152/37/57 311/35/145 312/35/147
f 311/35/145 152/37/57 159/37/161
f 155/37/166 314/35/152 158/37/162
f 314/35/152 155/37/166 317/35/157
f 313/35/150 162/37/164 153/37/165
f 162/37/164 313/35/150 316/35/155
f 317/35/157 147/37/1 318/35/159
f 147/37/1 317/35/157 155/37/166
f 282/38/138 286/39/142 285/38/141
f 286/39/142 282/38/138 281/39/137
f 1/1/1 2/2/1 3/3/1
f 3/3/1 2/2/1 4/4/1
f 4/4/1 2/2/1 5/4/1
f 5/4/1 2/2/1 6/3/1
f 6/3/1 2/2/1 7/1/1
f 8/2/1 7/1/1 2/2/1
f 9/3/2 10/1/3 11/5/4
f 12/6/5 11/5/4 10/1/3
f 13/7/6 11/5/4 14/2/7
f 15/2/8 14/2/7 11/5/4
f 9/3/2 11/5/4 16/4/9
f 13/7/6 16/4/9 11/5/4
f 11/5/4 12/6/5 15/2/8
f 17/2/10 15/2/8 12/6/5
f 9/3/2 6/3/11 10/1/3
f 7/1/12 10/1/3 6/3/11
f 6/3/11 9/3/2 5/4/13
f 16/4/9 5/4/13 9/3/2
f 4/4/14 5/4/13 18/4/15
f 16/4/9 18/4/15 5/4/13
f 8/2/16 2/2/16 17/2/16
f 2/2/16 19/2/16 17/2/16
f 17/2/16 19/2/16 15/2/16
f 19/2/16 20/2/16 15/2/16
f 15/2/16 20/2/16 14/2/16
f 21/2/16 14/2/16 20/2/16
f 22/6/17 23/5/18 19/2/19
f 20/2/20 19/2/19 23/5/18
f 24/3/21 25/1/22 3/3/23
f 1/1/24 3/3/23 25/1/22
f 24/3/21 23/5/18 25/1/22
f 22/6/17 25/1/22 23/5/18
f 23/5/18 26/7/25 20/2/20
f 21/2/26 20/2/20 26/7/25
f 24/3/21 18/4/15 23/5/18
f 26/7/25 23/5/18 18/4/15
f 3/3/23 4/4/14 24/3/21
f 18/4/15 24/3/21 4/4/14
f 18/4/15 16/4/9 26/7/25
f 13/7/6 26/7/25 16/4/9
f 21/2/26 26/7/25 14/2/7
f 13/7/6 14/2/7 26/7/25
f 10/1/3 7/1/12 12/6/5
f 12/6/5 7/1/12 17/2/10
f 8/2/27 17/2/10 7/1/12
f 25/1/22 22/6/17 1/1/24
f 1/1/24 22/6/17 2/2/28
f 19/2/19 2/2/28 22/6/17
f 27/7/29 28/2/30 29/7/31
f 28/2/30 27/7/29 30/2/32
f 31/2/16 32/2/16 33/2/16
f 34/2/16 32/2/16 31/2/16
f 35/2/16 32/2/16 34/2/16
f 36/2/16 32/2/16 35/2/16
f 36/2/16 37/2/16 32/2/16
f 38/2/16 37/2/16 36/2/16
f 37/2/16 38/2/16 39/2/16
f 40/2/16 39/2/16 38/2/16
f 41/2/16 39/2/16 40/2/16
f 42/2/16 39/2/16 41/2/16
f 28/2/16 39/2/16 42/2/16
f 39/2/16 28/2/16 30/2/16
f 43/1/33 41/2/34 40/2/27
f 41/2/34 43/1/33 44/6/35
f 44/6/35 43/1/33 45/1/36
f 46/4/37 29/7/31 47/4/38
f 29/7/31 46/4/37 27/7/29
f 48/7/39 37/2/40 39/2/41
f 37/2/40 48/7/39 49/7/42
f 50/4/27 38/2/27 36/2/27
f 38/2/27 50/4/27 51/4/27
f 52/4/43 49/7/42 48/7/39
f 49/7/42 52/4/43 53/4/44
f 54/6/45 35/2/27 34/2/46
f 35/2/27 54/6/45 55/1/33
f 55/1/33 54/6/45 56/1/47
f 52/4/43 27/7/29 46/4/37
f 27/7/29 52/4/43 48/7/39
f 53/4/44 57/7/48 49/7/42
f 57/7/48 53/4/44 58/4/49
f 49/7/42 32/2/50 37/2/40
f 32/2/50 49/7/42 57/7/48
f 48/7/39 30/2/32 27/7/29
f 30/2/32 48/7/39 39/2/41
f 59/4/51 50/4/52 60/4/53
f 58/4/49 50/4/52 59/4/51
f 53/4/44 50/4/52 58/4/49
f 53/4/44 51/4/52 50/4/52
f 52/4/43 51/4/52 53/4/44
f 52/4/43 61/4/53 51/4/52
f 46/4/37 61/4/53 52/4/43
f 61/4/53 46/4/37 47/4/38
f 29/7/31 42/2/54 62/5/55
f 42/2/54 29/7/31 28/2/30
f 63/3/56 61/4/53 47/4/38
f 61/4/53 63/3/56 64/3/11
f 64/3/11 45/1/36 43/1/33
f 45/1/36 64/3/11 63/3/56
f 44/6/35 42/2/54 41/2/34
f 42/2/54 44/6/35 62/5/55
f 47/4/38 62/5/55 63/3/56
f 62/5/55 47/4/38 29/7/31
f 45/1/36 62/5/55 44/6/35
f 62/5/55 45/1/36 63/3/56
f 38/2/57 43/1/57 40/2/57
f 43/1/57 38/2/57 64/3/57
f 64/3/57 38/2/57 61/4/57
f 61/4/57 38/2/57 51/4/57
f 32/2/50 65/7/58 33/2/59
f 65/7/58 32/2/50 57/7/48
f 57/7/48 59/4/51 65/7/58
f 59/4/51 57/7/48 58/4/49
f 56/1/47 66/3/11 55/1/33
f 66/3/11 56/1/47 67/3/60
f 33/2/59 68/5/61 31/2/62
f 68/5/61 33/2/59 65/7/58
f 65/7/58 67/3/60 68/5/61
f 67/3/60 65/7/58 59/4/51
f 68/5/61 34/2/46 31/2/62
f 34/2/46 68/5/61 54/6/45
f 68/5/61 56/1/47 54/6/45
f 56/1/47 68/5/61 67/3/60
f 67/3/60 60/4/53 66/3/11
f 60/4/53 67/3/60 59/4/51
f 66/3/1 35/2/1 55/1/1
f 35/2/1 66/3/1 36/2/1
f 36/2/1 66/3/1 60/4/1
f 36/2/1 60/4/1 50/4/1
f 69/2/63 70/2/64 71/2/63
f 70/2/64 69/2/63 72/2/64
f 73/8/57 74/9/57 75/10/57
f 74/9/57 73/8/57 72/2/57
f 74/9/57 72/2/57 76/11/57
f 76/11/57 72/2/57 69/2/57
f 76/11/57 69/2/57 77/12/57
f 77/12/57 69/2/57 78/4/57
f 78/4/57 69/2/57 79/13/57
f 79/13/57 69/2/57 80/14/57
f 81/9/1 82/8/1 83/10/1
f 82/8/1 81/9/1 70/2/1
f 70/2/1 81/9/1 84/11/1
f 70/2/1 84/11/1 71/2/1
f 71/2/1 84/11/1 85/12/1
f 71/2/1 85/12/1 86/4/1
f 71/2/1 86/4/1 87/13/1
f 71/2/1 87/13/1 88/14/1
f 76/11/65 81/9/66 74/9/66
f 81/9/66 76/11/65 84/11/65
f 76/11/65 85/12/67 84/11/65
f 85/12/67 76/11/65 77/12/67
f 77/12/67 86/4/68 85/12/67
f 86/4/68 77/12/67 78/4/68
f 74/9/66 83/10/69 75/10/69
f 83/10/69 74/9/66 81/9/66
f 72/2/64 82/8/70 70/2/64
f 82/8/70 72/2/64 73/8/70
f 75/10/69 82/8/70 73/8/70
f 82/8/70 75/10/69 83/10/69
f 88/14/71 69/2/72 71/2/72
f 69/2/72 88/14/71 80/14/71
f 78/4/68 87/13/73 86/4/68
f 87/13/73 78/4/68 79/13/73
f 87/13/73 80/14/71 88/14/71
f 80/14/71 87/13/73 79/13/73
f 89/6/74 90/2/28 91/2/75
f 90/2/28 89/6/74 92/1/24
f 92/1/24 89/6/74 93/1/76
f 94/1/12 95/2/77 96/2/27
f 95/2/77 94/1/12 97/6/78
f 97/6/78 94/1/12 98/1/79
f 99/7/80 100/2/81 101/7/82
f 100/2/81 99/7/80 102/2/83
f 103/4/84 99/7/80 101/7/82
f 99/7/80 103/4/84 104/4/85
f 105/4/14 106/3/86 104/4/85
f 106/3/86 105/4/14 107/3/23
f 104/4/85 108/5/87 99/7/80
f 108/5/87 104/4/85 106/3/86
f 99/7/80 109/2/88 102/2/83
f 109/2/88 99/7/80 108/5/87
f 108/5/87 93/1/76 89/6/74
f 93/1/76 108/5/87 106/3/86
f 93/1/76 107/3/23 92/1/24
f 107/3/23 93/1/76 106/3/86
f 108/5/87 91/2/75 109/2/88
f 91/2/75 108/5/87 89/6/74
f 109/2/16 100/2/16 102/2/16
f 100/2/16 109/2/16 110/2/16
f 110/2/16 109/2/16 91/2/16
f 110/2/16 91/2/16 95/2/16
f 95/2/16 91/2/16 90/2/16
f 95/2/16 90/2/16 96/2/16
f 111/4/13 104/4/85 103/4/84
f 104/4/85 111/4/13 105/4/14
f 112/3/89 111/4/13 103/4/84
f 111/4/13 112/3/89 113/3/11
f 113/3/11 98/1/79 94/1/12
f 98/1/79 113/3/11 112/3/89
f 97/6/78 110/2/90 95/2/77
f 110/2/90 97/6/78 114/5/91
f 114/5/91 103/4/84 101/7/82
f 103/4/84 114/5/91 112/3/89
f 114/5/91 100/2/81 110/2/90
f 100/2/81 114/5/91 101/7/82
f 98/1/79 114/5/91 97/6/78
f 114/5/91 98/1/79 112/3/89
f 90/2/57 94/1/57 96/2/57
f 94/1/57 90/2/57 113/3/57
f 113/3/57 90/2/57 111/4/57
f 111/4/57 90/2/57 105/4/57
f 105/4/57 90/2/57 107/3/57
f 107/3/57 90/2/57 92/1/57
f 115/15/92 116/16/93 117/15/93
f 116/16/93 115/15/92 118/16/92
f 119/16/94 120/15/95 121/15/94
f 120/15/95 119/16/94 122/16/95
f 123/16/96 124/15/97 125/16/97
f 124/15/97 123/16/96 126/15/96
f 124/15/97 127/16/98 125/16/97
f 127/16/98 124/15/97 128/15/98
f 121/15/94 129/16/99 119/16/94
f 129/16/99 121/15/94 130/15/99
f 126/15/96 118/16/92 115/15/92
f 118/16/92 126/15/96 123/16/96
f 127/16/98 120/15/95 122/16/95
f 120/15/95 127/16/98 128/15/98
f 129/16/99 117/15/93 116/16/93
f 117/15/93 129/16/99 130/15/99
f 123/16/100 116/16/100 118/16/100
f 116/16/100 123/16/100 131/16/100
f 131/16/100 123/16/100 132/16/100
f 133/16/100 116/16/100 131/16/100
f 132/16/100 123/16/100 125/16/100
f 132/16/100 125/16/100 134/16/100
f 116/16/100 133/16/100 129/16/100
f 129/16/100 133/16/100 135/16/100
f 129/16/100 135/16/100 136/16/100
f 134/16/100 125/16/100 127/16/100
f 129/16/100 136/16/100 119/16/100
f 134/16/100 127/16/100 137/16/100
f 119/16/100 136/16/100 138/16/100
f 137/16/100 127/16/100 138/16/100
f 119/16/100 138/16/100 127/16/100
f 119/16/100 127/16/100 122/16/100
f 139/2/100 140/2/100 141/2/100
f 140/2/100 139/2/100 142/2/100
f 142/2/100 139/2/100 143/2/100
f 142/2/100 143/2/100 144/2/100
f 142/2/100 144/2/100 145/2/100
f 145/2/100 144/2/100 146/2/100
f 142/2/101 133/16/102 140/2/102
f 133/16/102 142/2/101 135/16/101
f 136/16/103 142/2/101 145/2/103
f 142/2/101 136/16/103 135/16/101
f 131/16/104 140/2/102 133/16/102
f 140/2/102 131/16/104 141/2/104
f 132/16/105 141/2/104 131/16/104
f 141/2/104 132/16/105 139/2/105
f 145/2/103 138/16/106 136/16/103
f 138/16/106 145/2/103 146/2/106
f 143/2/107 137/16/108 144/2/108
f 137/16/108 143/2/107 134/16/107
f 132/16/105 143/2/107 139/2/105
f 143/2/107 132/16/105 134/16/107
f 146/2/106 137/16/108 138/16/106
f 137/16/108 146/2/106 144/2/108
f 147/15/92 148/16/93 149/15/93
f 148/16/93 147/15/92 150/16/92
f 151/16/94 152/15/95 153/15/94
f 152/15/95 151/16/94 154/16/95
f 155/15/96 156/16/97 157/16/96
f 156/16/97 155/15/96 158/15/97
f 156/16/97 159/15/98 160/16/98
f 159/15/98 156/16/97 158/15/97
f 153/15/94 161/16/99 151/16/94
f 161/16/99 153/15/94 162/15/99
f 147/15/92 157/16/96 150/16/92
f 157/16/96 147/15/92 155/15/96
f 160/16/98 152/15/95 154/16/95
f 152/15/95 160/16/98 159/15/98
f 162/15/99 148/16/93 161/16/99
f 148/16/93 162/15/99 149/15/93
f 163/2/100 164/2/100 165/2/100
f 164/2/100 163/2/100 166/2/100
f 164/2/100 166/2/100 167/2/100
f 167/2/100 166/2/100 168/2/100
f 167/2/100 168/2/100 169/2/100
f 169/2/100 168/2/100 170/2/100
f 157/16/100 148/16/100 150/16/100
f 148/16/100 157/16/100 171/16/100
f 171/16/100 157/16/100 172/16/100
f 173/16/100 148/16/100 171/16/100
f 172/16/100 157/16/100 156/16/100
f 172/16/100 156/16/100 174/16/100
f 148/16/100 173/16/100 161/16/100
f 161/16/100 173/16/100 175/16/100
f 161/16/100 175/16/100 176/16/100
f 174/16/100 156/16/100 160/16/100
f 161/16/100 176/16/100 151/16/100
f 174/16/100 160/16/100 177/16/100
f 151/16/100 176/16/100 178/16/100
f 177/16/100 160/16/100 178/16/100
f 151/16/100 178/16/100 160/16/100
f 151/16/100 160/16/100 154/16/100
f 176/16/103 167/2/101 169/2/103
f 167/2/101 176/16/103 175/16/101
f 172/16/105 165/2/104 171/16/104
f 165/2/104 172/16/105 163/2/105
f 171/16/104 164/2/102 173/16/102
f 164/2/102 171/16/104 165/2/104
f 169/2/103 178/16/106 176/16/103
f 178/16/106 169/2/103 170/2/106
f 166/2/107 177/16/108 168/2/108
f 177/16/108 166/2/107 174/16/107
f 168/2/108 178/16/106 170/2/106
f 178/16/106 168/2/108 177/16/108
f 172/16/105 166/2/107 163/2/105
f 166/2/107 172/16/105 174/16/107
f 167/2/101 173/16/102 164/2/102
f 173/16/102 167/2/101 175/16/101
f 179/2/57 180/4/57 181/2/57
f 180/4/57 179/2/57 182/4/57
f 180/4/11 183/2/109 181/2/109
f 183/2/109 180/4/11 184/4/11
f 185/4/1 183/2/1 184/4/1
f 183/2/1 185/4/1 186/2/1
f 185/4/23 179/2/110 186/2/110
f 179/2/110 185/4/23 182/4/23
f 180/4/11 185/4/23 184/4/11
f 185/4/23 180/4/11 182/4/23
f 179/2/110 183/2/109 186/2/110
f 183/2/109 179/2/110 181/2/109
f 187/2/57 188/4/57 189/2/57
f 188/4/57 187/2/57 190/4/57
f 188/4/11 191/2/109 189/2/109
f 191/2/109 188/4/11 192/4/11
f 193/4/1 191/2/1 192/4/1
f 191/2/1 193/4/1 194/2/1
f 193/4/23 187/2/110 194/2/110
f 187/2/110 193/4/23 190/4/23
f 188/4/11 193/4/23 192/4/11
f 193/4/23 188/4/11 190/4/23
f 187/2/110 191/2/109 194/2/110
f 191/2/109 187/2/110 189/2/109
f 195/2/16 196/2/16 197/2/16
f 196/2/16 195/2/16 198/2/16
f 198/2/57 199/4/57 196/2/57
f 199/4/57 198/2/57 200/4/57
f 201/4/28 198/2/28 195/2/28
f 198/2/28 201/4/28 200/4/28
f 199/4/27 197/2/27 196/2/27
f 197/2/27 199/4/27 202/4/27
f 201/4/1 197/2/1 202/4/1
f 197/2/1 201/4/1 195/2/1
f 199/4/52 201/4/52 202/4/52
f 201/4/52 199/4/52 200/4/52
f 203/2/111 204/4/57 205/2/57
f 204/4/57 203/2/111 206/4/111
f 204/4/27 207/2/27 205/2/27
f 207/2/27 204/4/27 208/4/27
f 209/4/112 210/2/113 211/2/112
f 210/2/113 209/4/112 212/4/113
f 213/4/114 207/2/1 208/4/1
f 207/2/1 213/4/114 214/2/114
f 215/4/115 211/2/112 216/2/115
f 211/2/112 215/4/115 209/4/112
f 215/4/115 214/2/114 213/4/114
f 214/2/114 215/4/115 216/2/115
f 217/2/116 206/4/111 203/2/111
f 206/4/111 217/2/116 218/4/116
f 212/4/113 217/2/116 210/2/113
f 217/2/116 212/4/113 218/4/116
f 204/4/52 213/4/52 208/4/52
f 213/4/52 204/4/52 215/4/52
f 215/4/52 204/4/52 209/4/52
f 209/4/52 204/4/52 212/4/52
f 212/4/52 204/4/52 218/4/52
f 218/4/52 204/4/52 206/4/52
f 216/2/16 207/2/16 214/2/16
f 207/2/16 216/2/16 205/2/16
f 205/2/16 216/2/16 211/2/16
f 205/2/16 211/2/16 210/2/16
f 205/2/16 210/2/16 217/2/16
f 205/2/16 217/2/16 203/2/16
f 219/4/27 220/2/27 221/2/27
f 220/2/27 219/4/27 222/4/27
f 223/4/28 224/2/28 225/2/28
f 224/2/28 223/4/28 226/4/28
f 223/4/1 220/2/1 222/4/1
f 220/2/1 223/4/1 225/2/1
f 219/4/52 223/4/52 222/4/52
f 223/4/52 219/4/52 226/4/52
f 224/2/57 219/4/57 221/2/57
f 219/4/57 224/2/57 226/4/57
f 225/2/16 221/2/16 220/2/16
f 221/2/16 225/2/16 224/2/16
f 227/17/117 228/18/118 229/18/118
f 228/18/118 227/17/117 230/17/117
f 231/19/119 232/20/120 233/20/120
f 232/20/120 231/19/119 234/19/119
f 228/18/121 232/20/121 229/18/121
f 232/20/121 228/18/121 233/20/121
f 228/18/122 231/19/122 233/20/122
f 231/19/122 228/18/122 235/21/122
f 236/22/122 235/21/122 228/18/122
f 235/21/122 236/22/122 237/23/122
f 236/22/122 228/18/122 230/17/122
f 236/22/122 230/17/122 238/24/122
f 237/23/123 239/22/123 240/23/123
f 239/22/123 237/23/123 236/22/123
f 239/22/124 238/24/125 241/24/125
f 238/24/125 239/22/124 236/22/124
f 237/23/126 242/21/127 235/21/127
f 242/21/127 237/23/126 240/23/126
f 235/21/127 234/19/119 231/19/119
f 234/19/119 235/21/127 242/21/127
f 241/24/125 230/17/117 227/17/117
f 230/17/117 241/24/125 238/24/125
f 239/22/128 242/21/128 240/23/128
f 242/21/128 239/22/128 234/19/128
f 229/18/128 234/19/128 239/22/128
f 234/19/128 229/18/128 232/20/128
f 229/18/128 239/22/128 241/24/128
f 229/18/128 241/24/128 227/17/128
f 243/17/117 244/18/118 245/18/118
f 244/18/118 243/17/117 246/17/117
f 247/19/119 248/20/120 249/20/120
f 248/20/120 247/19/119 250/19/119
f 244/18/121 248/20/121 245/18/121
f 248/20/121 244/18/121 249/20/121
f 244/18/122 247/19/122 249/20/122
f 247/19/122 244/18/122 251/21/122
f 252/22/122 251/21/122 244/18/122
f 251/21/122 252/22/122 253/23/122
f 252/22/122 244/18/122 246/17/122
f 252/22/122 246/17/122 254/24/122
f 253/23/123 255/22/123 256/23/123
f 255/22/123 253/23/123 252/22/123
f 255/22/124 254/24/125 257/24/125
f 254/24/125 255/22/124 252/22/124
f 253/23/126 258/21/127 251/21/127
f 258/21/127 253/23/126 256/23/126
f 251/21/127 250/19/119 247/19/119
f 250/19/119 251/21/127 258/21/127
f 257/24/125 246/17/117 243/17/117
f 246/17/117 257/24/125 254/24/125
f 255/22/128 258/21/128 256/23/128
f 258/21/128 255/22/128 250/19/128
f 245/18/128 250/19/128 255/22/128
f 250/19/128 245/18/128 248/20/128
f 245/18/128 255/22/128 257/24/128
f 245/18/128 257/24/128 243/17/128
f 259/18/16 260/18/16 261/18/16
f 260/18/16 259/18/16 262/18/16
f 259/18/57 263/25/57 262/18/57
f 263/25/57 259/18/57 264/26/57
f 264/26/57 259/18/57 265/27/129
f 265/27/129 259/18/57 266/28/130
f 267/29/27 263/25/27 268/25/27
f 267/29/27 262/18/27 263/25/27
f 262/18/27 267/29/27 260/18/27
f 269/29/27 260/18/27 267/29/27
f 260/18/27 269/29/27 270/25/27
f 270/25/27 269/29/27 271/25/27
f 267/29/131 272/30/131 269/29/131
f 272/30/131 267/29/131 273/30/131
f 271/25/132 274/26/132 270/25/132
f 274/26/132 271/25/132 275/26/132
f 272/30/57 271/25/57 269/29/57
f 271/25/57 272/30/57 275/26/57
f 263/25/132 276/26/132 268/25/132
f 276/26/132 263/25/132 264/26/132
f 276/26/1 267/29/1 268/25/1
f 267/29/1 276/26/1 273/30/1
f 274/26/1 260/18/1 270/25/1
f 260/18/1 274/26/1 261/18/1
f 261/18/1 274/26/1 277/27/133
f 261/18/1 277/27/133 278/28/134
f 266/28/130 279/31/135 265/27/129
f 279/31/135 266/28/130 280/32/136
f 279/31/135 281/29/137 282/33/138
f 281/29/137 279/31/135 280/32/136
f 283/31/139 278/28/134 277/27/133
f 278/28/134 283/31/139 284/32/140
f 285/33/141 284/32/140 283/31/139
f 284/32/140 285/33/141 286/29/142
f 284/32/110 261/18/110 278/28/110
f 261/18/110 284/32/110 259/18/110
f 259/18/110 284/32/110 286/29/142
f 259/18/110 286/29/142 281/29/137
f 259/18/110 281/29/137 280/32/110
f 259/18/110 280/32/110 266/28/110
f 265/27/143 276/26/143 264/26/143
f 276/26/143 265/27/143 275/26/143
f 272/30/143 276/26/143 275/26/143
f 276/26/143 272/30/143 273/30/143
f 275/26/143 265/27/143 274/26/143
f 274/26/143 265/27/143 277/27/143
f 277/27/143 265/27/143 279/31/143
f 277/27/143 279/31/143 283/31/143
f 283/31/143 279/31/143 282/33/143
f 283/31/143 282/33/143 285/33/143
f 287/34/144 288/34/144 289/34/144
f 288/34/144 287/34/144 290/34/144
f 288/34/144 290/34/144 291/34/144
f 291/34/144 290/34/144 292/34/144
f 291/34/144 292/34/144 293/34/144
f 293/34/144 292/34/144 294/34/144
f 295/34/144 296/34/144 297/34/144
f 296/34/144 295/34/144 298/34/144
f 296/34/144 298/34/144 299/34/144
f 299/34/144 298/34/144 300/34/144
f 299/34/144 300/34/144 301/34/144
f 301/34/144 300/34/144 302/34/144
f 303/35/145 294/36/146 304/35/147
f 294/36/146 303/35/145 293/36/148
f 304/35/147 292/36/149 305/35/150
f 292/36/149 304/35/147 294/36/146
f 291/36/151 303/35/145 306/35/152
f 303/35/145 291/36/151 293/36/148
f 290/36/153 307/35/154 308/35/155
f 307/35/154 290/36/153 287/36/156
f 305/35/150 290/36/153 308/35/155
f 290/36/153 305/35/150 292/36/149
f 309/35/157 291/36/151 306/35/152
f 291/36/151 309/35/157 288/36/158
f 287/36/156 310/35/159 307/35/154
f 310/35/159 287/36/156 289/36/160
f 289/36/160 309/35/157 310/35/159
f 309/35/157 289/36/160 288/36/158
f 306/35/152 128/37/161 124/37/162
f 128/37/161 306/35/152 303/35/145
f 307/35/154 115/37/1 117/37/163
f 115/37/1 307/35/154 310/35/159
f 308/35/155 117/37/163 130/37/164
f 117/37/163 308/35/155 307/35/154
f 120/37/57 305/35/150 121/37/165
f 305/35/150 120/37/57 304/35/147
f 120/37/57 303/35/145 304/35/147
f 303/35/145 120/37/57 128/37/161
f 126/37/166 306/35/152 124/37/162
f 306/35/152 126/37/166 309/35/157
f 121/37/165 308/35/155 130/37/164
f 308/35/155 121/37/165 305/35/150
f 309/35/157 115/37/1 310/35/159
f 115/37/1 309/35/157 126/37/166
f 311/35/145 302/36/146 312/35/147
f 302/36/146 311/35/145 301/36/148
f 312/35/147 300/36/149 313/35/150
f 300/36/149 312/35/147 302/36/146
f 299/36/151 311/35/145 314/35/152
f 311/35/145 299/36/151 301/36/148
f 298/36/153 315/35/154 316/35/155
f 315/35/154 298/36/153 295/36/156
f 313/35/150 298/36/153 316/35/155
f 298/36/153 313/35/150 300/36/149
f 317/35/157 299/36/151 314/35/152
f 299/36/151 317/35/157 296/36/158
f 295/36/156 318/35/159 315/35/154
f 318/35/159 295/36/156 297/36/160
f 297/36/160 317/35/157 318/35/159
f 317/35/157 297/36/160 296/36/158
f 314/35/152 159/37/161 158/37/162
f 159/37/161 314/35/152 311/35/145
f 315/35/154 147/37/1 149/37/163
f 147/37/1 315/35/154 318/35/159
f 162/37/164 315/35/154 149/37/163
f 315/35/154 162/37/164 316/35/155
f 152/37/57 313/35/150 153/37/165
f 313/35/150 152/37/57 312/35/147
f 152/37/57 311/35/145 312/35/147
f 311/35/145 152/37/57 159/37/161
f 155/37/166 314/35/152 158/37/162
f 314/35/152 155/37/166 317/35/157
f 313/35/150 162/37/164 153/37/165
f 162/37/164 313/35/150 316/35/155
f 317/35/157 147/37/1 318/35/159
f 147/37/1 317/35/157 155/37/166
f 282/38/138 286/39/142 285/38/141
f 286/39/142 282/38/138 281/39/137
f 319/40/167 320/40/168 321/40/169
f 320/40/168 319/40/167 322/40/170
f 323/34/171 324/34/172 325/34/173
f 324/34/172 323/34/171 326/34/174
f 327/41/175 328/42/176 329/41/177
f 328/42/176 327/41/175 330/42/178
f 331/43/179 322/40/170 319/40/167
f 322/40/170 331/43/179 332/43/180
f 333/44/181 334/45/182 335/46/183
f 334/45/182 333/44/181 336/47/184
f 337/48/185 338/49/186 339/48/187
f 338/49/186 337/48/185 340/49/188
f 338/49/186 340/49/188 341/50/189
f 341/50/189 340/49/188 342/50/190
f 341/50/189 342/50/190 343/51/191
f 343/51/191 342/50/190 344/51/192
f 343/51/191 344/51/192 335/46/183
f 335/46/183 344/51/192 345/46/193
f 335/46/183 345/46/193 346/44/194
f 335/46/183 346/44/194 333/44/181
f 347/52/195 330/42/178 327/41/175
f 330/42/178 347/52/195 348/53/196
f 325/34/173 349/54/197 350/54/198
f 349/54/197 325/34/173 324/34/172
f 324/34/172 351/45/199 349/54/197
f 351/45/199 324/34/172 352/47/200
f 349/54/197 347/52/195 327/41/175
f 347/52/195 349/54/197 351/45/199
f 353/55/201 354/42/202 331/43/179
f 354/42/202 353/55/201 355/53/203
f 347/52/195 345/46/193 344/51/192
f 345/46/193 347/52/195 351/45/199
f 356/56/204 319/40/167 321/40/169
f 319/40/167 356/56/204 357/56/205
f 346/44/194 336/47/184 333/44/181
f 336/47/184 346/44/194 352/47/200
f 358/55/206 321/40/169 359/43/207
f 321/40/169 358/55/206 356/56/204
f 353/55/201 319/40/167 357/56/205
f 319/40/167 353/55/201 331/43/179
f 323/34/171 360/54/208 326/34/174
f 360/54/208 323/34/171 361/54/209
f 362/52/210 360/54/208 363/41/211
f 360/54/208 362/52/210 334/45/182
f 335/46/183 362/52/210 343/51/191
f 362/52/210 335/46/183 334/45/182
f 341/50/189 362/52/210 355/53/203
f 362/52/210 341/50/189 343/51/191
f 326/34/174 352/47/200 324/34/172
f 352/47/200 326/34/174 336/47/184
f 356/56/204 339/48/187 357/56/205
f 339/48/187 356/56/204 337/48/185
f 358/55/206 337/48/185 356/56/204
f 337/48/185 358/55/206 340/49/188
f 330/42/178 358/55/206 359/43/207
f 358/55/206 330/42/178 348/53/196
f 354/42/202 362/52/210 363/41/211
f 362/52/210 354/42/202 355/53/203
f 348/53/196 340/49/188 358/55/206
f 340/49/188 348/53/196 342/50/190
f 328/42/176 359/43/207 364/43/212
f 359/43/207 328/42/176 330/42/178
f 326/34/174 334/45/182 336/47/184
f 334/45/182 326/34/174 360/54/208
f 350/54/198 327/41/175 329/41/177
f 327/41/175 350/54/198 349/54/197
f 331/43/179 365/42/213 332/43/180
f 365/42/213 331/43/179 354/42/202
f 363/41/211 361/54/209 366/41/214
f 361/54/209 363/41/211 360/54/208
f 365/42/213 363/41/211 366/41/214
f 363/41/211 365/42/213 354/42/202
f 351/45/199 346/44/194 345/46/193
f 346/44/194 351/45/199 352/47/200
f 338/49/186 355/53/203 353/55/201
f 355/53/203 338/49/186 341/50/189
f 321/40/169 364/43/212 359/43/207
f 364/43/212 321/40/169 320/40/168
f 339/48/187 353/55/201 357/56/205
f 353/55/201 339/48/187 338/49/186
f 347/52/195 342/50/190 348/53/196
f 342/50/190 347/52/195 344/51/192
f 367/42/215 368/55/216 369/43/217
f 368/55/216 367/42/215 370/53/218
f 371/48/219 372/56/220 373/56/221
f 372/56/220 371/48/219 374/48/222
f 375/44/223 376/47/224 377/44/225
f 376/47/224 375/44/223 378/47/226
f 379/50/227 380/52/228 381/53/229
f 380/52/228 379/50/227 382/51/230
f 383/54/231 376/47/224 384/34/232
f 376/47/224 383/54/231 385/45/233
f 373/56/221 386/40/234 387/40/235
f 386/40/234 373/56/221 372/56/220
f 388/43/236 381/53/229 389/42/237
f 381/53/229 388/43/236 390/55/238
f 382/51/230 385/45/233 380/52/228
f 385/45/233 382/51/230 391/46/239
f 392/41/240 370/53/218 367/42/215
f 370/53/218 392/41/240 393/52/241
f 394/34/242 395/45/243 396/54/244
f 395/45/243 394/34/242 378/47/226
f 393/52/241 397/50/245 370/53/218
f 397/50/245 393/52/241 398/51/246
f 374/48/222 390/55/238 372/56/220
f 390/55/238 374/48/222 399/49/247
f 390/55/238 379/50/227 381/53/229
f 379/50/227 390/55/238 399/49/247
f 372/56/220 388/43/236 386/40/234
f 388/43/236 372/56/220 390/55/238
f 368/55/216 371/48/219 373/56/221
f 371/48/219 368/55/216 400/49/248
f 380/52/228 383/54/231 401/41/249
f 383/54/231 380/52/228 385/45/233
f 393/52/241 402/46/250 398/51/246
f 402/46/250 393/52/241 395/45/243
f 377/44/225 385/45/233 391/46/239
f 385/45/233 377/44/225 376/47/224
f 381/53/229 401/41/249 389/42/237
f 401/41/249 381/53/229 380/52/228
f 400/49/248 374/48/222 371/48/219
f 374/48/222 400/49/248 399/49/247
f 399/49/247 400/49/248 397/50/245
f 399/49/247 397/50/245 379/50/227
f 379/50/227 397/50/245 398/51/246
f 379/50/227 398/51/246 382/51/230
f 382/51/230 398/51/246 402/46/250
f 382/51/230 402/46/250 391/46/239
f 391/46/239 402/46/250 375/44/223
f 391/46/239 375/44/223 377/44/225
f 370/53/218 400/49/248 368/55/216
f 400/49/248 370/53/218 397/50/245
f 395/45/243 375/44/223 402/46/250
f 375/44/223 395/45/243 378/47/226
f 368/55/216 387/40/235 369/43/217
f 387/40/235 368/55/216 373/56/221
f 384/34/232 378/47/226 394/34/242
f 378/47/226 384/34/232 376/47/224
f 392/41/240 395/45/243 393/52/241
f 395/45/243 392/41/240 396/54/244
f 403/34/251 394/34/242 404/34/252
f 394/34/242 403/34/251 384/34/232
f 405/41/253 367/42/215 406/42/254
f 367/42/215 405/41/253 392/41/240
f 404/34/252 396/54/244 407/54/255
f 396/54/244 404/34/252 394/34/242
f 408/54/256 384/34/232 403/34/251
f 384/34/232 408/54/256 383/54/231
f 369/43/217 409/40/257 410/43/258
f 409/40/257 369/43/217 387/40/235
f 389/42/237 411/41/259 412/42/260
f 411/41/259 389/42/237 401/41/249
f 396/54/244 405/41/253 407/54/255
f 405/41/253 396/54/244 392/41/240
f 386/40/234 413/43/261 414/40/262
f 413/43/261 386/40/234 388/43/236
f 401/41/249 408/54/256 411/41/259
f 408/54/256 401/41/249 383/54/231
f 387/40/235 414/40/262 409/40/257
f 414/40/262 387/40/235 386/40/234
f 406/42/254 369/43/217 410/43/258
f 369/43/217 406/42/254 367/42/215
f 413/43/261 389/42/237 412/42/260
f 389/42/237 413/43/261 388/43/236
f 415/57/263 416/58/264 417/59/265
f 416/58/264 415/57/263 418/60/264
f 418/60/264 415/57/263 419/61/264
f 419/61/264 415/57/263 420/62/264
f 420/62/264 415/57/263 421/63/264
f 420/62/264 421/63/264 422/64/264
f 420/62/264 422/64/264 423/34/264
f 423/34/264 422/64/264 424/65/264
f 425/58/266 426/57/267 427/59/268
f 426/57/267 425/58/266 428/60/266
f 426/57/267 428/60/266 429/61/266
f 426/57/267 429/61/266 430/62/266
f 426/57/267 430/62/266 431/63/266
f 431/63/266 430/62/266 432/64/266
f 432/64/266 430/62/266 433/34/266
f 432/64/266 433/34/266 434/65/266
f 426/57/267 417/59/265 427/59/268
f 417/59/265 426/57/267 415/57/263
f 435/54/269 436/41/270 437/41/271
f 436/41/270 435/54/269 438/54/272
f 439/40/273 440/43/274 441/43/275
f 440/43/274 439/40/273 442/40/276
f 435/54/269 443/34/277 438/54/272
f 443/34/277 435/54/269 444/34/278
f 445/42/279 440/43/274 446/42/280
f 440/43/274 445/42/279 441/43/275
f 437/41/271 445/42/279 446/42/280
f 445/42/279 437/41/271 436/41/270
f 447/42/281 448/41/282 449/42/283
f 448/41/282 447/42/281 450/41/284
f 451/43/285 452/40/286 453/40/287
f 452/40/286 451/43/285 454/43/288
f 455/34/289 456/54/290 457/34/291
f 456/54/290 455/34/289 458/54/292
f 444/34/278 457/34/291 443/34/277
f 457/34/291 444/34/278 455/34/289
f 451/43/285 449/42/283 454/43/288
f 449/42/283 451/43/285 447/42/281
f 453/40/287 442/40/276 439/40/273
f 442/40/276 453/40/287 452/40/286
f 448/41/282 456/54/290 458/54/292
f 456/54/290 448/41/282 450/41/284
f 459/52/293 460/50/294 461/53/295
f 460/50/294 459/52/293 462/51/296
f 463/44/297 464/47/298 465/44/299
f 464/47/298 463/44/297 466/47/300
f 467/53/301 450/41/284 447/42/281
f 450/41/284 467/53/301 468/52/302
f 469/45/303 463/44/297 470/46/304
f 463/44/297 469/45/303 466/47/300
f 457/34/291 471/45/305 464/47/298
f 471/45/305 457/34/291 456/54/290
f 465/44/299 471/45/305 472/46/306
f 471/45/305 465/44/299 464/47/298
f 473/48/307 474/49/308 475/48/309
f 474/49/308 473/48/307 476/49/310
f 474/49/308 476/49/310 477/50/311
f 477/50/311 476/49/310 460/50/294
f 477/50/311 460/50/294 478/51/312
f 478/51/312 460/50/294 462/51/296
f 478/51/312 462/51/296 472/46/306
f 472/46/306 462/51/296 470/46/304
f 472/46/306 470/46/304 463/44/297
f 472/46/306 463/44/297 465/44/299
f 477/50/311 468/52/302 467/53/301
f 468/52/302 477/50/311 478/51/312
f 461/53/295 441/43/275 445/42/279
f 441/43/275 461/53/295 479/55/313
f 480/56/314 439/40/273 481/56/315
f 439/40/273 480/56/314 453/40/287
f 443/34/277 464/47/298 466/47/300
f 464/47/298 443/34/277 457/34/291
f 460/50/294 479/55/313 461/53/295
f 479/55/313 460/50/294 476/49/310
f 438/54/272 466/47/300 469/45/303
f 466/47/300 438/54/272 443/34/277
f 481/56/315 441/43/275 479/55/313
f 441/43/275 481/56/315 439/40/273
f 479/55/313 473/48/307 481/56/315
f 473/48/307 479/55/313 476/49/310
f 471/45/305 450/41/284 468/52/302
f 450/41/284 471/45/305 456/54/290
f 438/54/272 459/52/293 436/41/270
f 459/52/293 438/54/272 469/45/303
f 472/46/306 468/52/302 478/51/312
f 468/52/302 472/46/306 471/45/305
f 481/56/315 475/48/309 480/56/314
f 475/48/309 481/56/315 473/48/307
f 475/48/309 482/55/316 480/56/314
f 482/55/316 475/48/309 474/49/308
f 474/49/308 467/53/301 482/55/316
f 467/53/301 474/49/308 477/50/311
f 469/45/303 462/51/296 459/52/293
f 462/51/296 469/45/303 470/46/304
f 436/41/270 461/53/295 445/42/279
f 461/53/295 436/41/270 459/52/293
f 482/55/316 447/42/281 451/43/285
f 447/42/281 482/55/316 467/53/301
f 482/55/316 453/40/287 480/56/314
f 453/40/287 482/55/316 451/43/285
f 483/66/317 484/67/318 485/68/319
f 486/67/320 485/68/319 487/68/321
f 485/68/319 488/69/322 489/70/323
f 490/68/324 488/69/322 485/68/319
f 485/68/319 491/71/325 492/72/326
f 493/73/327 483/66/317 485/68/319
f 494/74/328 485/68/319 495/73/329
f 485/68/319 496/71/330 497/70/331
f 487/68/321 485/68/319 498/69/332
f 485/68/319 497/70/331 498/69/332
f 495/73/329 485/68/319 499/66/333
f 484/67/318 490/68/324 485/68/319
f 494/74/328 493/73/327 485/68/319
f 485/68/319 489/70/323 491/71/325
f 499/66/333 485/68/319 486/67/320
f 485/68/319 492/72/326 496/71/330
f 500/75/334 494/74/328 495/73/329
f 494/74/328 500/75/334 501/76/335
f 488/69/322 502/68/336 503/77/337
f 502/68/336 488/69/322 490/68/324
f 504/78/338 495/73/329 499/66/333
f 495/73/329 504/78/338 500/75/334
f 493/73/327 505/78/339 483/66/317
f 505/78/339 493/73/327 506/75/340
f 507/68/341 498/69/332 508/77/342
f 498/69/332 507/68/341 487/68/321
f 509/79/343 492/72/326 510/80/344
f 492/72/326 509/79/343 496/71/330
f 489/70/323 503/77/337 511/81/345
f 503/77/337 489/70/323 488/69/322
f 492/72/326 512/79/346 510/80/344
f 512/79/346 492/72/326 491/71/325
f 494/74/328 506/75/340 493/73/327
f 506/75/340 494/74/328 501/76/335
f 491/71/325 511/81/345 512/79/346
f 511/81/345 491/71/325 489/70/323
f 483/66/317 513/82/347 484/67/318
f 513/82/347 483/66/317 505/78/339
f 507/68/341 486/67/320 487/68/321
f 486/67/320 507/68/341 514/82/348
f 514/82/348 499/66/333 486/67/320
f 499/66/333 514/82/348 504/78/338
f 484/67/318 502/68/336 490/68/324
f 502/68/336 484/67/318 513/82/347
f 508/77/342 497/70/331 515/81/349
f 497/70/331 508/77/342 498/69/332
f 515/81/349 496/71/330 509/79/343
f 496/71/330 515/81/349 497/70/331
f 507/68/341 516/83/350 514/82/348
f 516/83/350 507/68/341 517/68/351
f 514/82/348 518/84/352 504/78/338
f 518/84/352 514/82/348 516/83/350
f 519/83/353 502/68/336 513/82/347
f 502/68/336 519/83/353 520/68/354
f 521/85/355 511/81/345 503/77/337
f 511/81/345 521/85/355 522/86/356
f 515/81/349 523/87/357 524/86/358
f 523/87/357 515/81/349 509/79/343
f 511/81/345 525/87/359 512/79/346
f 525/87/359 511/81/345 522/86/356
f 526/88/360 504/78/338 518/84/352
f 504/78/338 526/88/360 500/75/334
f 520/68/354 503/77/337 502/68/336
f 503/77/337 520/68/354 521/85/355
f 527/89/361 506/75/340 501/76/335
f 506/75/340 527/89/361 528/88/362
f 528/88/362 505/78/339 506/75/340
f 505/78/339 528/88/362 529/84/363
f 529/84/363 513/82/347 505/78/339
f 513/82/347 529/84/363 519/83/353
f 508/77/342 517/68/351 507/68/341
f 517/68/351 508/77/342 530/85/364
f 509/79/343 531/90/365 523/87/357
f 531/90/365 509/79/343 510/80/344
f 512/79/346 531/90/365 510/80/344
f 531/90/365 512/79/346 525/87/359
f 527/89/361 500/75/334 526/88/360
f 500/75/334 527/89/361 501/76/335
f 515/81/349 530/85/364 508/77/342
f 530/85/364 515/81/349 524/86/358
f 532/91/366 533/92/367 534/93/368
f 533/92/367 532/91/366 535/94/369
f 536/95/370 537/96/371 538/97/372
f 537/96/371 536/95/370 539/98/373
f 540/99/374 541/100/375 542/101/376
f 541/100/375 540/99/374 543/102/377
f 533/92/367 544/103/378 534/93/368
f 544/103/378 533/92/367 545/104/379
f 546/105/380 547/106/381 548/107/382
f 547/106/381 546/105/380 549/108/383
f 549/108/383 546/105/380 550/109/384
f 549/108/383 550/109/384 551/110/385
f 551/110/385 550/109/384 552/111/386
f 551/110/385 552/111/386 553/112/387
f 553/112/387 552/111/386 554/113/388
f 553/112/387 554/113/388 555/114/389
f 555/114/389 554/113/388 556/115/390
f 555/114/389 556/115/390 557/116/391
f 548/107/382 558/117/392 559/118/393
f 558/117/392 548/107/382 547/106/381
f 560/18/394 558/117/392 561/119/395
f 558/117/392 560/18/394 559/118/393
f 562/120/396 557/116/391 556/115/390
f 557/116/391 562/120/396 563/121/397
f 543/102/377 564/122/398 541/100/375
f 564/122/398 543/102/377 565/123/399
f 566/124/400 539/98/373 536/95/370
f 539/98/373 566/124/400 567/125/401
f 549/108/383 538/97/372 568/126/402
f 538/97/372 549/108/383 551/110/385
f 555/114/389 536/95/370 553/112/387
f 536/95/370 555/114/389 566/124/400
f 569/127/403 570/128/404 571/129/405
f 570/128/404 569/127/403 572/130/406
f 557/116/391 566/124/400 555/114/389
f 566/124/400 557/116/391 563/121/397
f 566/124/400 573/22/407 567/125/401
f 573/22/407 566/124/400 563/121/397
f 564/122/398 554/113/388 552/111/386
f 554/113/388 564/122/398 574/131/408
f 538/97/372 575/132/409 568/126/402
f 575/132/409 538/97/372 537/96/371
f 564/122/398 550/109/384 541/100/375
f 550/109/384 564/122/398 552/111/386
f 535/94/369 545/104/379 533/92/367
f 545/104/379 535/94/369 576/133/410
f 545/104/379 576/133/410 577/134/411
f 577/134/411 576/133/410 578/135/412
f 577/134/411 578/135/412 579/136/413
f 579/136/413 578/135/412 580/137/414
f 579/136/413 580/137/414 581/138/415
f 581/138/415 580/137/414 582/139/416
f 581/138/415 582/139/416 571/129/405
f 571/129/405 582/139/416 569/127/403
f 561/119/395 568/126/402 575/132/409
f 568/126/402 561/119/395 558/117/392
f 551/110/385 536/95/370 538/97/372
f 536/95/370 551/110/385 553/112/387
f 574/131/408 583/140/417 562/120/396
f 583/140/417 574/131/408 584/141/418
f 585/142/419 535/94/369 532/91/366
f 535/94/369 585/142/419 576/133/410
f 545/104/379 586/143/420 544/103/378
f 586/143/420 545/104/379 577/134/411
f 587/144/421 578/135/412 588/145/422
f 578/135/412 587/144/421 580/137/414
f 547/106/381 568/126/402 558/117/392
f 568/126/402 547/106/381 549/108/383
f 542/101/376 548/107/382 559/118/393
f 548/107/382 542/101/376 546/105/380
f 588/145/422 576/133/410 585/142/419
f 576/133/410 588/145/422 578/135/412
f 587/144/421 582/139/416 580/137/414
f 582/139/416 587/144/421 589/146/423
f 589/146/423 569/127/403 582/139/416
f 569/127/403 589/146/423 572/130/406
f 577/134/411 590/147/424 586/143/420
f 590/147/424 577/134/411 579/136/413
f 581/138/415 590/147/424 579/136/413
f 590/147/424 581/138/415 591/148/425
f 571/129/405 591/148/425 581/138/415
f 591/148/425 571/129/405 570/128/404
f 560/18/394 542/101/376 559/118/393
f 542/101/376 560/18/394 540/99/374
f 563/121/397 583/140/417 573/22/407
f 583/140/417 563/121/397 562/120/396
f 590/147/424 584/141/418 565/123/399
f 584/141/418 590/147/424 591/148/425
f 539/98/373 588/145/422 537/96/371
f 588/145/422 539/98/373 587/144/421
f 532/91/366 560/18/394 561/119/395
f 560/18/394 532/91/366 534/93/368
f 537/96/371 585/142/419 575/132/409
f 585/142/419 537/96/371 588/145/422
f 567/125/401 587/144/421 539/98/373
f 587/144/421 567/125/401 589/146/423
f 583/140/417 572/130/406 573/22/407
f 572/130/406 583/140/417 570/128/404
f 585/142/419 561/119/395 575/132/409
f 561/119/395 585/142/419 532/91/366
f 565/123/399 574/131/408 564/122/398
f 574/131/408 565/123/399 584/141/418
f 586/143/420 565/123/399 543/102/377
f 565/123/399 586/143/420 590/147/424
f 544/103/378 560/18/394 534/93/368
f 560/18/394 544/103/378 540/99/374
f 541/100/375 546/105/380 542/101/376
f 546/105/380 541/100/375 550/109/384
f 573/22/407 589/146/423 567/125/401
f 589/146/423 573/22/407 572/130/406
f 574/131/408 556/115/390 554/113/388
f 556/115/390 574/131/408 562/120/396
f 583/140/417 591/148/425 570/128/404
f 591/148/425 583/140/417 584/141/418
f 544/103/378 543/102/377 540/99/374
f 543/102/377 544/103/378 586/143/420
f 592/149/426 593/149/427 594/149/428
f 593/149/427 592/149/426 595/149/429
f 593/149/427 595/149/429 596/149/430
f 596/149/430 595/149/429 597/149/431
f 596/149/430 597/149/431 598/149/432
f 598/149/432 597/149/431 599/149/433
f 596/149/430 600/150/434 601/150/435
f 600/150/434 596/149/430 598/149/432
f 593/149/427 601/150/435 602/150/436
f 601/150/435 593/149/427 596/149/430
f 603/150/437 597/149/431 604/150/438
f 597/149/431 603/150/437 599/149/433
f 592/149/426 605/150/439 606/150/440
f 605/150/439 592/149/426 594/149/428
f 597/149/431 607/150/441 604/150/438
f 607/150/441 597/149/431 595/149/429
f 595/149/429 606/150/440 607/150/441
f 606/150/440 595/149/429 592/149/426
f 603/150/437 598/149/432 599/149/433
f 598/149/432 603/150/437 600/150/434
f 593/149/427 605/150/439 594/149/428
f 605/150/439 593/149/427 602/150/436
f 608/151/442 607/150/441 609/151/443
f 607/150/441 608/151/442 604/150/438
f 601/150/435 610/151/444 611/151/445
f 610/151/444 601/150/435 600/150/434
f 605/150/439 612/151/446 606/150/440
f 612/151/446 605/150/439 613/151/447
f 614/151/448 601/150/435 611/151/445
f 601/150/435 614/151/448 602/150/436
f 610/151/444 603/150/437 615/151/449
f 603/150/437 610/151/444 600/150/434
f 605/150/439 614/151/448 613/151/447
f 614/151/448 605/150/439 602/150/436
f 607/150/441 612/151/446 609/151/443
f 612/151/446 607/150/441 606/150/440
f 608/151/442 603/150/437 604/150/438
f 603/150/437 608/151/442 615/151/449
f 616/149/450 617/149/451 618/149/452
f 617/149/451 616/149/450 619/149/453
f 617/149/451 619/149/453 620/149/454
f 620/149/454 619/149/453 621/149/455
f 620/149/454 621/149/455 622/149/456
f 622/149/456 621/149/455 623/149/457
f 620/149/454 624/150/458 625/150/459
f 624/150/458 620/149/454 622/149/456
f 626/150/460 620/149/454 625/150/459
f 620/149/454 626/150/460 617/149/451
f 627/150/461 621/149/455 628/150/462
f 621/149/455 627/150/461 623/149/457
f 616/149/450 629/150/463 630/150/464
f 629/150/463 616/149/450 618/149/452
f 621/149/455 631/150/465 628/150/462
f 631/150/465 621/149/455 619/149/453
f 619/149/453 630/150/464 631/150/465
f 630/150/464 619/149/453 616/149/450
f 627/150/461 622/149/456 623/149/457
f 622/149/456 627/150/461 624/150/458
f 617/149/451 629/150/463 618/149/452
f 629/150/463 617/149/451 626/150/460
f 628/150/462 632/151/466 633/151/467
f 632/151/466 628/150/462 631/150/465
f 634/151/468 624/150/458 635/151/469
f 624/150/458 634/151/468 625/150/459
f 629/150/463 636/151/470 630/150/464
f 636/151/470 629/150/463 637/151/471
f 626/150/460 634/151/468 638/151/472
f 634/151/468 626/150/460 625/150/459
f 635/151/469 627/150/461 639/151/473
f 627/150/461 635/151/469 624/150/458
f 629/150/463 638/151/472 637/151/471
f 638/151/472 629/150/463 626/150/460
f 632/151/466 630/150/464 636/151/470
f 630/150/464 632/151/466 631/150/465
f 633/151/467 627/150/461 628/150/462
f 627/150/461 633/151/467 639/151/473
f 640/152/474 641/153/475 642/153/476
f 641/153/475 640/152/474 643/152/477
f 644/22/478 645/154/479 646/22/480
f 645/154/479 644/22/478 647/154/481
f 648/22/482 649/154/483 650/154/484
f 649/154/483 648/22/482 651/22/485
f 650/154/484 643/152/477 640/152/474
f 643/152/477 650/154/484 649/154/483
f 652/22/486 653/22/487 654/22/488
f 653/22/487 652/22/486 655/22/489
f 653/22/487 655/22/489 648/22/482
f 648/22/482 655/22/489 656/22/490
f 648/22/482 656/22/490 651/22/485
f 651/22/485 656/22/490 657/22/491
f 651/22/485 657/22/491 646/22/480
f 646/22/480 657/22/491 658/22/492
f 646/22/480 658/22/492 644/22/478
f 644/22/478 658/22/492 659/22/493
f 660/152/494 661/153/495 662/152/496
f 661/153/495 660/152/494 663/153/497
f 642/153/476 664/18/498 665/18/499
f 664/18/498 642/153/476 641/153/475
f 666/153/500 667/152/501 668/152/502
f 667/152/501 666/153/500 669/153/503
f 649/154/483 670/152/504 643/152/477
f 670/152/504 649/154/483 645/154/479
f 671/18/505 672/153/506 669/153/503
f 672/153/506 671/18/505 673/18/507
f 671/18/505 666/153/500 674/18/508
f 666/153/500 671/18/505 669/153/503
f 675/153/509 676/18/510 677/18/511
f 676/18/510 675/153/509 678/153/512
f 663/153/497 679/18/513 661/153/495
f 679/18/513 663/153/497 680/18/514
f 681/154/515 657/22/491 656/22/490
f 657/22/491 681/154/515 682/154/516
f 683/18/517 684/153/518 685/18/519
f 684/153/518 683/18/517 686/153/520
f 676/18/510 672/153/506 673/18/507
f 672/153/506 676/18/510 678/153/512
f 666/153/500 687/152/521 686/153/520
f 687/152/521 666/153/500 668/152/502
f 643/152/477 675/153/509 641/153/475
f 675/153/509 643/152/477 670/152/504
f 688/152/522 663/153/497 660/152/494
f 663/153/497 688/152/522 689/153/523
f 641/153/475 677/18/511 664/18/498
f 677/18/511 641/153/475 675/153/509
f 650/154/484 688/152/522 690/154/524
f 688/152/522 650/154/484 640/152/474
f 691/152/525 692/154/526 667/152/501
f 692/154/526 691/152/525 693/154/527
f 691/152/525 647/154/481 693/154/527
f 647/154/481 691/152/525 694/152/528
f 646/22/480 649/154/483 651/22/485
f 649/154/483 646/22/480 645/154/479
f 689/153/523 680/18/514 663/153/497
f 680/18/514 689/153/523 695/18/529
f 696/154/530 662/152/496 697/152/531
f 662/152/496 696/154/530 698/154/532
f 642/153/476 695/18/529 689/153/523
f 695/18/529 642/153/476 665/18/499
f 687/152/521 696/154/530 697/152/531
f 696/154/530 687/152/521 681/154/515
f 682/154/516 658/22/492 657/22/491
f 658/22/492 682/154/516 692/154/526
f 675/153/509 694/152/528 678/153/512
f 694/152/528 675/153/509 670/152/504
f 653/22/487 650/154/484 690/154/524
f 650/154/484 653/22/487 648/22/482
f 681/154/515 655/22/489 696/154/530
f 655/22/489 681/154/515 656/22/490
f 698/154/532 660/152/494 662/152/496
f 660/152/494 698/154/532 699/154/533
f 654/22/488 690/154/524 699/154/533
f 690/154/524 654/22/488 653/22/487
f 667/152/501 682/154/516 668/152/502
f 682/154/516 667/152/501 692/154/526
f 674/18/508 686/153/520 683/18/517
f 686/153/520 674/18/508 666/153/500
f 698/154/532 654/22/488 699/154/533
f 654/22/488 698/154/532 652/22/486
f 696/154/530 652/22/486 698/154/532
f 652/22/486 696/154/530 655/22/489
f 684/153/518 662/152/496 661/153/495
f 662/152/496 684/153/518 697/152/531
f 669/153/503 691/152/525 667/152/501
f 691/152/525 669/153/503 672/153/506
f 678/153/512 691/152/525 672/153/506
f 691/152/525 678/153/512 694/152/528
f 659/22/493 647/154/481 644/22/478
f 647/154/481 659/22/493 693/154/527
f 679/18/513 684/153/518 661/153/495
f 684/153/518 679/18/513 685/18/519
f 645/154/479 694/152/528 670/152/504
f 694/152/528 645/154/479 647/154/481
f 695/18/529 679/18/513 680/18/514
f 679/18/513 695/18/529 665/18/499
f 679/18/513 665/18/499 685/18/519
f 685/18/519 665/18/499 664/18/498
f 685/18/519 664/18/498 683/18/517
f 683/18/517 664/18/498 677/18/511
f 683/18/517 677/18/511 674/18/508
f 674/18/508 677/18/511 676/18/510
f 674/18/508 676/18/510 671/18/505
f 671/18/505 676/18/510 673/18/507
f 692/154/526 659/22/493 658/22/492
f 659/22/493 692/154/526 693/154/527
f 668/152/502 681/154/515 687/152/521
f 681/154/515 668/152/502 682/154/516
f 690/154/524 660/152/494 699/154/533
f 660/152/494 690/154/524 688/152/522
f 688/152/522 642/153/476 689/153/523
f 642/153/476 688/152/522 640/152/474
f 686/153/520 697/152/531 684/153/518
f 697/152/531 686/153/520 687/152/521
f 700/152/534 701/153/535 702/152/536
f 703/153/537 702/152/536 701/153/535
f 704/152/538 705/152/539 706/153/540
f 707/153/541 706/153/540 705/152/539
f 705/152/539 708/154/542 709/152/543
f 710/154/544 709/152/543 708/154/542
f 711/154/545 712/152/546 713/154/547
f 700/152/534 713/154/547 712/152/546
f 714/154/548 715/154/549 716/22/550
f 717/22/551 716/22/550 715/154/549
f 718/18/552 719/18/553 720/18/554
f 720/18/554 719/18/553 721/18/555
f 719/18/553 722/18/556 721/18/555
f 721/18/555 722/18/556 723/18/557
f 722/18/556 724/18/558 723/18/557
f 723/18/557 724/18/558 725/18/559
f 724/18/558 726/18/560 725/18/559
f 725/18/559 726/18/560 727/18/561
f 726/18/560 728/18/562 727/18/561
f 729/18/563 727/18/561 728/18/562
f 730/154/564 731/154/565 732/152/566
f 733/152/567 732/152/566 731/154/565
f 725/18/559 727/18/561 703/153/537
f 734/153/568 703/153/537 727/18/561
f 714/154/548 716/22/550 730/154/564
f 735/22/569 730/154/564 716/22/550
f 732/152/566 736/153/570 737/152/571
f 738/153/572 737/152/571 736/153/570
f 738/153/572 739/153/573 737/152/571
f 740/152/574 737/152/571 739/153/573
f 702/152/536 703/153/537 741/152/575
f 734/153/568 741/152/575 703/153/537
f 742/22/576 743/154/577 744/22/578
f 745/154/579 744/22/578 743/154/577
f 744/22/578 745/154/579 746/22/580
f 710/154/544 746/22/580 745/154/579
f 747/153/581 721/18/555 701/153/535
f 723/18/557 701/153/535 721/18/555
f 715/154/549 740/152/574 711/154/545
f 712/152/546 711/154/545 740/152/574
f 748/22/582 746/22/580 708/154/542
f 710/154/544 708/154/542 746/22/580
f 710/154/544 745/154/579 709/152/543
f 741/152/575 709/152/543 745/154/579
f 749/22/583 713/154/547 742/22/576
f 743/154/577 742/22/576 713/154/547
f 750/22/584 748/22/582 751/154/585
f 708/154/542 751/154/585 748/22/582
f 733/152/567 752/153/586 732/152/566
f 736/153/570 732/152/566 752/153/586
f 715/154/549 711/154/545 717/22/551
f 753/22/587 717/22/551 711/154/545
f 713/154/547 700/152/534 743/154/577
f 702/152/536 743/154/577 700/152/534
f 726/18/560 706/153/540 728/18/562
f 707/153/541 728/18/562 706/153/540
f 745/154/579 743/154/577 741/152/575
f 702/152/536 741/152/575 743/154/577
f 728/18/562 707/153/541 729/18/563
f 754/153/588 729/18/563 707/153/541
f 731/154/565 755/22/589 756/154/590
f 757/22/591 756/154/590 755/22/589
f 732/152/566 737/152/571 730/154/564
f 714/154/548 730/154/564 737/152/571
f 714/154/548 737/152/571 715/154/549
f 740/152/574 715/154/549 737/152/571
f 704/152/538 751/154/585 705/152/539
f 708/154/542 705/152/539 751/154/585
f 752/153/586 758/153/592 722/18/556
f 724/18/558 722/18/556 758/153/592
f 707/153/541 705/152/539 754/153/588
f 709/152/543 754/153/588 705/152/539
f 733/152/567 759/152/593 752/153/586
f 758/153/592 752/153/586 759/152/593
f 712/152/546 747/153/581 700/152/534
f 701/153/535 700/152/534 747/153/581
f 736/153/570 719/18/553 738/153/572
f 718/18/552 738/153/572 719/18/553
f 701/153/535 723/18/557 703/153/537
f 725/18/559 703/153/537 723/18/557
f 711/154/545 713/154/547 753/22/587
f 749/22/583 753/22/587 713/154/547
f 729/18/563 754/153/588 727/18/561
f 734/153/568 727/18/561 754/153/588
f 736/153/570 752/153/586 719/18/553
f 722/18/556 719/18/553 752/153/586
f 739/153/573 720/18/554 747/153/581
f 721/18/555 747/153/581 720/18/554
f 718/18/552 720/18/554 738/153/572
f 739/153/573 738/153/572 720/18/554
f 731/154/565 756/154/590 733/152/567
f 759/152/593 733/152/567 756/154/590
f 739/153/573 747/153/581 740/152/574
f 712/152/546 740/152/574 747/153/581
f 758/153/592 706/153/540 724/18/558
f 726/18/560 724/18/558 706/153/540
f 754/153/588 709/152/543 734/153/568
f 741/152/575 734/153/568 709/152/543
f 716/22/550 717/22/551 735/22/569
f 735/22/569 717/22/551 755/22/589
f 717/22/551 753/22/587 755/22/589
f 755/22/589 753/22/587 757/22/591
f 753/22/587 749/22/583 757/22/591
f 757/22/591 749/22/583 750/22/584
f 749/22/583 742/22/576 750/22/584
f 750/22/584 742/22/576 748/22/582
f 742/22/576 744/22/578 748/22/582
f 746/22/580 748/22/582 744/22/578
f 756/154/590 751/154/585 759/152/593
f 704/152/538 759/152/593 751/154/585
f 757/22/591 750/22/584 756/154/590
f 751/154/585 756/154/590 750/22/584
f 730/154/564 735/22/569 731/154/565
f 755/22/589 731/154/565 735/22/569
f 759/152/593 704/152/538 758/153/592
f 706/153/540 758/153/592 704/152/538
f 760/155/594 516/156/595 517/157/596
f 518/158/597 516/156/595 760/155/594
f 760/155/594 517/157/596 761/159/598
f 761/159/598 517/157/596 530/160/599
f 762/161/600 518/158/597 760/155/594
f 526/162/601 518/158/597 762/161/600
f 761/159/598 530/160/599 763/163/602
f 530/160/599 524/164/603 763/163/602
f 763/163/602 524/164/603 764/165/604
f 524/164/603 523/166/605 764/165/604
f 765/167/606 761/159/598 763/163/602
f 764/165/604 765/167/606 763/163/602
f 766/159/607 760/155/594 761/159/598
f 761/159/598 765/167/606 766/159/607
f 767/168/608 762/161/600 760/155/594
f 760/155/594 766/159/607 767/168/608
f 768/169/609 526/162/601 762/161/600
f 768/169/609 527/170/610 526/162/601
f 764/165/604 523/166/605 769/171/611
f 523/166/605 531/172/612 769/171/611
f 770/167/613 766/159/607 765/167/606
f 765/167/606 764/165/604 771/173/614
f 771/173/614 770/167/613 765/167/606
f 772/159/615 767/168/608 766/159/607
f 766/159/607 770/167/613 772/159/615
f 773/174/616 764/165/604 769/171/611
f 764/165/604 773/174/616 771/173/614
f 762/161/600 767/168/608 774/175/617
f 762/161/600 775/176/618 768/169/609
f 775/176/618 762/161/600 774/175/617
f 767/168/608 772/159/615 776/168/619
f 776/168/619 774/175/617 767/168/608
f 531/172/612 777/177/620 769/171/611
f 769/171/611 778/178/621 773/174/616
f 778/178/621 769/171/611 777/177/620
f 531/172/612 779/171/622 777/177/620
f 525/166/623 779/171/622 531/172/612
f 780/174/624 777/177/620 779/171/622
f 777/177/620 780/174/624 778/178/621
f 781/165/625 779/171/622 525/166/623
f 781/165/625 780/174/624 779/171/622
f 522/164/626 781/165/625 525/166/623
f 782/163/627 781/165/625 522/164/626
f 521/160/628 782/163/627 522/164/626
f 780/174/624 781/165/625 783/173/629
f 782/163/627 783/173/629 781/165/625
f 784/159/630 782/163/627 521/160/628
f 784/159/630 521/160/628 520/157/631
f 785/155/632 784/159/630 520/157/631
f 785/155/632 520/157/631 519/156/633
f 529/158/634 785/155/632 519/156/633
f 783/173/629 782/163/627 786/167/635
f 784/159/630 786/167/635 782/163/627
f 787/173/636 780/174/624 783/173/629
f 786/167/635 787/173/636 783/173/629
f 786/167/635 784/159/630 788/159/637
f 785/155/632 788/159/637 784/159/630
f 789/161/638 785/155/632 529/158/634
f 528/162/639 789/161/638 529/158/634
f 780/174/624 787/173/636 790/174/640
f 790/174/640 778/178/621 780/174/624
f 787/173/636 786/167/635 791/167/641
f 788/159/637 791/167/641 786/167/635
f 792/169/642 789/161/638 528/162/639
f 792/169/642 528/162/639 527/170/610
f 793/179/643 792/169/642 527/170/610
f 793/179/643 527/170/610 768/169/609
f 794/176/644 789/161/638 792/169/642
f 793/179/643 794/176/644 792/169/642
f 768/169/609 795/180/645 793/179/643
f 794/176/644 793/179/643 795/180/645
f 795/180/645 768/169/609 775/176/618
f 778/178/621 790/174/640 796/178/646
f 796/178/646 773/174/616 778/178/621
f 789/161/638 794/176/644 797/175/647
f 797/175/647 785/155/632 789/161/638
f 788/159/637 785/155/632 798/168/648
f 785/155/632 797/175/647 798/168/648
f 794/176/644 799/175/649 797/175/647
f 799/175/649 798/168/648 797/175/647
f 795/180/645 800/176/650 794/176/644
f 799/175/649 794/176/644 800/176/650
f 775/176/618 801/180/651 795/180/645
f 800/176/650 795/180/645 801/180/651
f 798/168/648 802/159/652 788/159/637
f 791/167/641 788/159/637 802/159/652
f 798/168/648 799/175/649 803/168/653
f 802/159/652 798/168/648 803/168/653
f 800/176/650 804/181/654 799/175/649
f 804/181/654 803/168/653 799/175/649
f 801/180/651 775/176/618 805/176/655
f 774/175/617 805/176/655 775/176/618
f 801/180/651 806/182/656 800/176/650
f 804/181/654 800/176/650 806/182/656
f 805/176/655 774/175/617 807/175/657
f 774/175/617 776/168/619 807/175/657
f 802/159/652 808/183/658 791/167/641
f 803/168/653 809/159/659 802/159/652
f 808/183/658 802/159/652 809/159/659
f 803/168/653 804/181/654 810/184/660
f 809/159/659 803/168/653 810/184/660
f 806/182/656 811/185/661 804/181/654
f 811/185/661 810/184/660 804/181/654
f 812/186/662 791/167/641 808/183/658
f 791/167/641 812/186/662 787/173/636
f 812/186/662 790/174/640 787/173/636
f 790/174/640 812/186/662 813/187/663
f 813/187/663 796/178/646 790/174/640
f 808/183/658 814/188/664 812/186/662
f 814/188/664 813/187/663 812/186/662
f 809/159/659 815/189/665 808/183/658
f 814/188/664 808/183/658 815/189/665
f 810/184/660 816/159/666 809/159/659
f 815/189/665 809/159/659 816/159/666
f 810/184/660 811/185/661 817/190/667
f 816/159/666 810/184/660 817/190/667
f 811/185/661 806/182/656 818/191/668
f 819/192/669 818/191/668 806/182/656
f 806/182/656 801/180/651 819/192/669
f 801/180/651 820/182/670 819/192/669
f 820/182/670 801/180/651 805/176/655
f 805/176/655 821/181/671 820/182/670
f 821/181/671 805/176/655 807/175/657
f 807/175/657 822/184/672 821/181/671
f 822/184/672 807/175/657 776/168/619
f 776/168/619 823/159/673 822/184/672
f 823/159/673 776/168/619 772/159/615
f 772/159/615 824/183/674 823/159/673
f 824/183/674 772/159/615 770/167/613
f 825/173/675 824/183/674 770/167/613
f 770/167/613 771/173/614 825/173/675
f 771/173/614 826/174/676 825/173/675
f 826/174/676 771/173/614 773/174/616
f 773/174/616 796/178/646 826/174/676
f 824/183/674 825/173/675 827/186/677
f 826/174/676 827/186/677 825/173/675
f 828/189/678 823/159/673 824/183/674
f 827/186/677 828/189/678 824/183/674
f 829/159/679 822/184/672 823/159/673
f 823/159/673 828/189/678 829/159/679
f 830/190/680 821/181/671 822/184/672
f 822/184/672 829/159/679 830/190/680
f 796/178/646 831/187/681 826/174/676
f 827/186/677 826/174/676 831/187/681
f 828/189/678 827/186/677 832/188/682
f 831/187/681 832/188/682 827/186/677
f 831/187/681 796/178/646 833/193/683
f 796/178/646 813/187/663 833/193/683
f 821/181/671 830/190/680 834/185/684
f 834/185/684 820/182/670 821/181/671
f 832/188/682 831/187/681 835/194/685
f 833/193/683 835/194/685 831/187/681
f 836/194/686 833/193/683 813/187/663
f 813/187/663 814/188/664 836/194/686
f 820/182/670 834/185/684 837/191/687
f 837/191/687 819/192/669 820/182/670
f 835/194/685 833/193/683 838/195/688
f 833/193/683 836/194/686 838/195/688
f 839/196/689 835/194/685 838/195/688
f 836/194/686 839/196/689 838/195/688
f 840/197/690 832/188/682 835/194/685
f 835/194/685 839/196/689 840/197/690
f 841/159/691 840/197/690 839/196/689
f 839/196/689 836/194/686 842/197/692
f 814/188/664 842/197/692 836/194/686
f 841/159/691 839/196/689 842/197/692
f 832/188/682 840/197/690 843/198/693
f 841/159/691 843/198/693 840/197/690
f 843/198/693 828/189/678 832/188/682
f 842/197/692 814/188/664 844/198/694
f 841/159/691 842/197/692 844/198/694
f 815/189/665 844/198/694 814/188/664
f 828/189/678 843/198/693 845/199/695
f 841/159/691 845/199/695 843/198/693
f 845/199/695 829/159/679 828/189/678
f 844/198/694 815/189/665 846/199/696
f 841/159/691 844/198/694 846/199/696
f 816/159/666 846/199/696 815/189/665
f 847/159/697 845/199/695 841/159/691
f 829/159/679 845/199/695 847/159/697
f 848/159/698 841/159/691 846/199/696
f 846/199/696 816/159/666 848/159/698
f 849/200/699 847/159/697 841/159/691
f 849/200/699 829/159/679 847/159/697
f 829/159/679 849/200/699 830/190/680
f 816/159/666 850/200/700 848/159/698
f 850/200/700 841/159/691 848/159/698
f 850/200/700 816/159/666 817/190/667
f 851/201/701 830/190/680 849/200/699
f 851/201/701 849/200/699 841/159/691
f 830/190/680 851/201/701 834/185/684
f 817/190/667 852/201/702 850/200/700
f 852/201/702 841/159/691 850/200/700
f 852/201/702 817/190/667 811/185/661
f 853/202/703 834/185/684 851/201/701
f 853/202/703 851/201/701 841/159/691
f 834/185/684 853/202/703 837/191/687
f 811/185/661 854/202/704 852/201/702
f 854/202/704 841/159/691 852/201/702
f 854/202/704 811/185/661 818/191/668
f 855/203/705 853/202/703 841/159/691
f 855/203/705 841/159/691 854/202/704
f 855/203/705 837/191/687 853/202/703
f 818/191/668 855/203/705 854/202/704
f 837/191/687 855/203/705 856/204/706
f 855/203/705 818/191/668 856/204/706
f 819/192/669 837/191/687 856/204/706
f 818/191/668 819/192/669 856/204/706
