# Generated by GTAClone/tools/split_car_wheels.py from kart-oopi.obj
# Kenney Car Kit (CC0 1.0); the split is a derivative work, also CC0.
mtllib colormap.mtl
v -0.298350 0.316452 0.094764
v -0.298350 0.135190 0.094764
v -0.298350 0.346504 0.082316
v -0.298350 0.358952 0.052264
v -0.298350 0.358952 -0.089139
v -0.298350 0.346504 -0.119191
v -0.298350 0.316452 -0.131638
v -0.298350 0.135190 -0.131638
v -0.366038 0.346504 -0.119191
v -0.349382 0.316452 -0.131638
v -0.453724 0.206207 -0.119191
v -0.423672 0.197589 -0.131638
v -0.466172 0.209777 -0.089139
v -0.466172 0.135190 -0.089139
v -0.453724 0.135190 -0.119191
v -0.372937 0.358952 -0.089139
v -0.423672 0.135190 -0.131638
v -0.372937 0.358952 0.052264
v -0.423672 0.135190 0.094764
v -0.453724 0.135190 0.082316
v -0.466172 0.135190 0.052264
v -0.423672 0.197589 0.094764
v -0.453724 0.206207 0.082316
v -0.366038 0.346504 0.082316
v -0.349382 0.316452 0.094764
v -0.466172 0.209777 0.052264
v 0.466172 0.209777 0.615557
v 0.466172 0.135190 0.589483
v 0.466172 0.209777 0.589483
v 0.466172 0.135190 0.615557
v -0.453724 0.135190 0.559431
v -0.466172 0.135190 0.615557
v -0.466172 0.135190 0.589483
v -0.423672 0.135190 0.546983
v -0.298350 0.135190 0.546983
v -0.298350 0.135190 0.615557
v -0.298350 0.135190 0.783378
v 0.298350 0.135190 0.615557
v 0.298350 0.135190 0.783378
v 0.298350 0.135190 0.546983
v 0.423672 0.135190 0.546983
v 0.453724 0.135190 0.559431
v 0.298350 0.316452 0.546983
v 0.423672 0.197589 0.546983
v 0.349382 0.316452 0.546983
v 0.372937 0.358952 0.615557
v 0.372937 0.358952 0.589483
v 0.298350 0.209777 0.783378
v -0.298350 0.209777 0.783378
v -0.298350 0.358952 0.615557
v 0.298350 0.358952 0.615557
v 0.298350 0.358952 0.690144
v -0.298350 0.358952 0.690144
v -0.423672 0.197589 0.546983
v -0.298350 0.316452 0.546983
v -0.349382 0.316452 0.546983
v -0.466172 0.209777 0.615557
v -0.372937 0.358952 0.615557
v -0.372937 0.358952 0.589483
v -0.298350 0.358952 0.589483
v 0.298350 0.358952 0.589483
v 0.453724 0.206207 0.559431
v 0.366038 0.346504 0.559431
v 0.298350 0.346504 0.559431
v -0.466172 0.209777 0.589483
v -0.298350 0.346504 0.559431
v -0.366038 0.346504 0.559431
v -0.453724 0.206207 0.559431
v -0.149175 0.260695 -0.270830
v 0.149175 0.194691 -0.517157
v 0.149175 0.260695 -0.270830
v -0.149175 0.194691 -0.517157
v -0.149175 0.199426 -0.547584
v -0.149175 0.299637 -0.566627
v -0.149175 0.226716 -0.561848
v -0.149175 0.409870 -0.529208
v -0.149175 0.497392 -0.452454
v -0.149175 0.529713 -0.386912
v -0.149175 0.531006 -0.356146
v -0.149175 0.507023 -0.336833
v 0.149175 0.299637 -0.566627
v 0.149175 0.199426 -0.547584
v 0.149175 0.226716 -0.561848
v 0.149175 0.409870 -0.529208
v 0.149175 0.497392 -0.452454
v 0.149175 0.529713 -0.386912
v 0.149175 0.531006 -0.356146
v 0.149175 0.507023 -0.336833
v 0.423672 0.197589 0.094764
v 0.298350 0.135190 0.094764
v 0.423672 0.135190 0.094764
v 0.298350 0.316452 0.094764
v 0.349382 0.316452 0.094764
v 0.298350 0.316452 -0.131638
v 0.423672 0.135190 -0.131638
v 0.298350 0.135190 -0.131638
v 0.423672 0.197589 -0.131638
v 0.349382 0.316452 -0.131638
v 0.466172 0.209777 0.052264
v 0.466172 0.135190 -0.089139
v 0.466172 0.209777 -0.089139
v 0.466172 0.135190 0.052264
v 0.372937 0.358952 -0.089139
v 0.372937 0.358952 0.052264
v 0.298350 0.358952 0.052264
v 0.366038 0.346504 0.082316
v 0.298350 0.346504 0.082316
v 0.453724 0.206207 0.082316
v 0.453724 0.135190 0.082316
v 0.453724 0.135190 -0.119191
v 0.298350 0.358952 -0.089139
v 0.366038 0.346504 -0.119191
v 0.298350 0.346504 -0.119191
v 0.453724 0.206207 -0.119191
v 0.320395 0.551600 -0.480322
v 0.271545 0.326681 -0.322978
v 0.292092 0.503283 -0.528638
v 0.291338 0.360469 -0.289191
v 0.175980 0.326681 -0.322978
v 0.127130 0.551600 -0.480322
v 0.155433 0.503283 -0.528638
v 0.156188 0.360469 -0.289191
v 0.271545 0.394256 -0.255403
v 0.223763 0.619929 -0.411992
v 0.223763 0.408251 -0.241408
v 0.292092 0.599916 -0.432006
v 0.175980 0.394256 -0.255403
v 0.155433 0.599916 -0.432006
v 0.223763 0.312686 -0.336974
v 0.223763 0.483270 -0.548651
v 0.262230 0.360469 -0.289191
v 0.250963 0.379702 -0.269957
v 0.250963 0.341235 -0.308424
v 0.223763 0.387669 -0.261991
v 0.223763 0.333268 -0.316391
v 0.196562 0.341235 -0.308424
v 0.196562 0.379702 -0.269957
v 0.185295 0.360469 -0.289191
v 0.245523 0.214989 -0.112937
v 0.245523 0.184215 -0.143711
v 0.254536 0.199602 -0.128324
v 0.223763 0.177842 -0.150084
v 0.223763 0.221362 -0.106564
v 0.202002 0.214989 -0.112937
v 0.202002 0.184215 -0.143711
v 0.192989 0.199602 -0.128324
v -0.127130 0.551600 -0.480322
v -0.175980 0.326681 -0.322978
v -0.155433 0.503283 -0.528638
v -0.156188 0.360469 -0.289191
v -0.271545 0.326681 -0.322978
v -0.320395 0.551600 -0.480322
v -0.292092 0.503283 -0.528638
v -0.291338 0.360469 -0.289191
v -0.155433 0.599916 -0.432006
v -0.223763 0.408251 -0.241408
v -0.175980 0.394256 -0.255403
v -0.223763 0.619929 -0.411992
v -0.292092 0.599916 -0.432006
v -0.271545 0.394256 -0.255403
v -0.223763 0.312686 -0.336974
v -0.223763 0.483270 -0.548651
v -0.202002 0.214989 -0.112937
v -0.202002 0.184215 -0.143711
v -0.192989 0.199602 -0.128324
v -0.223763 0.221362 -0.106564
v -0.223763 0.177842 -0.150084
v -0.245523 0.214989 -0.112937
v -0.245523 0.184215 -0.143711
v -0.254536 0.199602 -0.128324
v -0.185295 0.360469 -0.289191
v -0.196562 0.379702 -0.269957
v -0.196562 0.341235 -0.308424
v -0.223763 0.387669 -0.261991
v -0.223763 0.333268 -0.316391
v -0.250963 0.341235 -0.308424
v -0.250963 0.379702 -0.269957
v -0.262230 0.360469 -0.289191
v -0.277372 0.172484 -0.323313
v -0.277372 0.247071 -0.397901
v -0.277372 0.172484 -0.397901
v -0.277372 0.247071 -0.323313
v 0.277372 0.172484 -0.397901
v 0.277372 0.247071 -0.397901
v 0.277372 0.247071 -0.323313
v 0.277372 0.172484 -0.323313
v -0.277372 0.172484 0.361027
v -0.277372 0.247071 0.286439
v -0.277372 0.172484 0.286439
v -0.277372 0.247071 0.361027
v 0.277372 0.172484 0.286439
v 0.277372 0.247071 0.286439
v 0.277372 0.247071 0.361027
v 0.277372 0.172484 0.361027
v 0.223763 0.209777 0.615557
v 0.149175 0.209777 -0.174139
v 0.223763 0.209777 -0.174139
v 0.149175 0.209777 0.615557
v 0.149175 0.284365 -0.174139
v 0.149175 0.284365 0.615557
v 0.223763 0.284365 0.615557
v 0.223763 0.284365 -0.174139
v -0.298350 0.172484 0.094764
v -0.298350 0.247071 -0.216639
v -0.298350 0.172484 -0.216639
v -0.298350 0.247071 0.094764
v 0.298350 0.172484 -0.216639
v 0.298350 0.247071 -0.216639
v 0.255850 0.247071 0.137264
v -0.255850 0.172484 0.137264
v 0.255850 0.172484 0.137264
v -0.255850 0.247071 0.137264
v 0.298350 0.247071 0.094764
v 0.298350 0.172484 0.094764
v 0.285902 0.247071 0.124816
v 0.285902 0.172484 0.124816
v -0.285902 0.172484 0.124816
v -0.285902 0.247071 0.124816
v -0.223763 0.284365 -0.174139
v -0.149175 0.209777 -0.174139
v -0.223763 0.209777 -0.174139
v -0.149175 0.284365 -0.174139
v -0.149175 0.284365 0.615557
v -0.223763 0.209777 0.615557
v -0.149175 0.209777 0.615557
v -0.223763 0.284365 0.615557
v 0.298350 0.154914 0.825878
v 0.213350 0.081302 0.783378
v 0.298350 0.081302 0.783378
v 0.213350 0.154914 0.825878
v 0.213350 0.177690 0.740878
v 0.298350 0.123802 0.709766
v 0.213350 0.123802 0.709766
v 0.298350 0.177690 0.740878
v 0.213350 0.217139 0.740878
v 0.213350 0.313526 0.783378
v 0.213350 0.271026 0.709766
v 0.213350 0.239914 0.825878
v 0.298350 0.313526 0.783378
v 0.298350 0.271026 0.709766
v 0.298350 0.239914 0.825878
v 0.298350 0.217139 0.740878
v -0.213350 0.154914 0.825878
v -0.298350 0.081302 0.783378
v -0.213350 0.081302 0.783378
v -0.298350 0.154914 0.825878
v -0.298350 0.177690 0.740878
v -0.213350 0.123802 0.709766
v -0.298350 0.123802 0.709766
v -0.213350 0.177690 0.740878
v -0.298350 0.217139 0.740878
v -0.298350 0.313526 0.783378
v -0.298350 0.271026 0.709766
v -0.298350 0.239914 0.825878
v -0.213350 0.313526 0.783378
v -0.213350 0.271026 0.709766
v -0.213350 0.239914 0.825878
v -0.213350 0.217139 0.740878
v -0.223763 0.284365 0.576882
v 0.223763 0.284365 -0.318168
v 0.223763 0.284365 0.576882
v -0.223763 0.284365 -0.318168
v -0.223763 0.433540 -0.318168
v -0.223763 0.392664 0.308170
v -0.223763 0.458964 0.352370
v -0.223763 0.287917 0.580433
v -0.149175 0.358952 -0.318168
v -0.149175 0.433540 -0.318168
v 0.149175 0.358952 -0.318168
v 0.223763 0.433540 -0.318168
v 0.149175 0.433540 -0.318168
v 0.149175 0.318077 0.258445
v -0.149175 0.318077 0.258445
v 0.223763 0.392664 0.308170
v 0.149175 0.392664 0.308170
v -0.149175 0.392664 0.308170
v 0.223763 0.458964 0.352370
v 0.223763 0.287917 0.580433
v -0.194634 0.517566 0.391437
v -0.194634 0.338146 0.630663
v -0.124313 0.358952 0.651469
v -0.124313 0.541839 0.407620
v 0.194634 0.517566 0.391437
v 0.194634 0.338146 0.630663
v 0.124313 0.541839 0.407620
v 0.124313 0.358952 0.651469
v 0.273643 0.588003 -0.587267
v 0.273643 0.658544 -0.516725
v 0.294304 0.623274 -0.551996
v 0.223763 0.573393 -0.601876
v 0.223763 0.673154 -0.502116
v 0.173882 0.588003 -0.587267
v 0.173882 0.658544 -0.516725
v 0.153221 0.623274 -0.551996
v -0.173882 0.588003 -0.587267
v -0.173882 0.658544 -0.516725
v -0.153221 0.623274 -0.551996
v -0.223763 0.573393 -0.601876
v -0.223763 0.673154 -0.502116
v -0.273643 0.588003 -0.587267
v -0.273643 0.658544 -0.516725
v -0.294304 0.623274 -0.551996
v 0.155433 0.647698 -0.479788
v 0.127130 0.599382 -0.528104
v 0.155433 0.551066 -0.576421
v 0.223763 0.667712 -0.459775
v 0.292092 0.551066 -0.576421
v 0.223763 0.531053 -0.596434
v 0.292092 0.647698 -0.479788
v 0.320395 0.599382 -0.528104
v -0.292092 0.647698 -0.479788
v -0.320395 0.599382 -0.528104
v -0.292092 0.551066 -0.576421
v -0.223763 0.667712 -0.459775
v -0.155433 0.551066 -0.576421
v -0.223763 0.531053 -0.596434
v -0.155433 0.647698 -0.479788
v -0.127130 0.599382 -0.528104
v -0.052024 0.759210 0.243354
v -0.090429 0.740058 0.250951
v -0.067434 0.728390 0.234457
v -0.078717 0.763481 0.257712
v -0.123014 0.751769 0.247022
v -0.134136 0.726534 0.225716
v -0.110714 0.726534 0.239239
v -0.134726 0.751769 0.240260
v -0.123014 0.802239 0.247022
v -0.134136 0.827473 0.225716
v -0.134726 0.802239 0.240260
v -0.110714 0.827473 0.239239
v -0.150724 0.770242 0.231024
v -0.166133 0.790527 0.207243
v -0.166133 0.763481 0.207243
v -0.150724 0.783766 0.231024
v -0.151635 0.825618 0.185843
v -0.124944 0.843411 0.201253
v -0.154421 0.813950 0.214004
v -0.124944 0.710596 0.201253
v -0.094124 0.710596 0.219047
v -0.151635 0.728390 0.185843
v -0.167045 0.759210 0.176947
v -0.154421 0.740058 0.214004
v -0.144869 0.795477 0.234404
v -0.052024 0.794798 0.243354
v -0.078717 0.790527 0.257712
v -0.094124 0.843411 0.219047
v -0.090429 0.813950 0.250951
v -0.067434 0.825618 0.234457
v -0.107016 0.770242 0.256258
v -0.107016 0.783766 0.256258
v -0.144869 0.758531 0.234404
v -0.112872 0.758531 0.252878
v -0.167045 0.794798 0.176947
v -0.112872 0.795477 0.252878
v -0.112444 0.843411 0.179603
v -0.081624 0.843411 0.197397
v -0.039524 0.794798 0.221703
v -0.039524 0.759210 0.221703
v -0.054934 0.825618 0.212806
v -0.139135 0.825618 0.164193
v -0.081624 0.710596 0.197397
v -0.054934 0.728390 0.212806
v -0.154545 0.794798 0.155296
v -0.154545 0.759210 0.155296
v -0.139135 0.728390 0.164193
v -0.112444 0.710596 0.179603
v -0.011370 0.695851 0.241488
v -0.034307 0.673914 0.235342
v -0.018247 0.667486 0.239645
v -0.048371 0.684196 0.231573
v -0.054510 0.691589 0.229929
v -0.054510 0.701216 0.229929
v -0.020966 0.699692 0.238917
v -0.029369 0.705835 0.236665
v -0.040358 0.710963 0.233720
v -0.032722 0.709874 0.235766
v 0.031987 0.673914 0.235342
v 0.009051 0.695851 0.241488
v 0.015928 0.667486 0.239645
v 0.046052 0.684196 0.231573
v 0.052190 0.691589 0.229929
v 0.052190 0.701216 0.229929
v 0.018646 0.699692 0.238917
v 0.027050 0.705835 0.236665
v 0.038039 0.710963 0.233720
v 0.030403 0.709874 0.235766
v 0.139129 0.825618 0.164196
v 0.167039 0.794798 0.176949
v 0.154539 0.794798 0.155299
v 0.151629 0.825618 0.185846
v 0.124938 0.710596 0.201256
v 0.139129 0.728390 0.164196
v 0.151629 0.728390 0.185846
v 0.112438 0.710596 0.179606
v 0.124938 0.843411 0.201256
v 0.112438 0.843411 0.179606
v 0.167039 0.759210 0.176949
v 0.154539 0.759210 0.155299
v 0.052018 0.759210 0.243357
v 0.039518 0.794798 0.221706
v 0.039518 0.759210 0.221706
v 0.052018 0.794798 0.243357
v 0.067428 0.728390 0.234460
v 0.081618 0.710596 0.197399
v 0.094118 0.710596 0.219050
v 0.054928 0.728390 0.212809
v 0.081618 0.843411 0.197399
v 0.067428 0.825618 0.234460
v 0.094118 0.843411 0.219050
v 0.054928 0.825618 0.212809
v 0.166127 0.790527 0.207245
v 0.150718 0.770242 0.231026
v 0.166127 0.763481 0.207245
v 0.150718 0.783766 0.231026
v 0.134720 0.802239 0.240263
v 0.110707 0.827473 0.239242
v 0.123008 0.802239 0.247025
v 0.134130 0.827473 0.225719
v 0.078711 0.763481 0.257715
v 0.078711 0.790527 0.257715
v 0.154415 0.813950 0.214007
v 0.144862 0.795477 0.234407
v 0.090422 0.813950 0.250953
v 0.112866 0.795477 0.252881
v 0.134720 0.751769 0.240263
v 0.112866 0.758531 0.252881
v 0.123008 0.751769 0.247025
v 0.144862 0.758531 0.234407
v 0.107010 0.770242 0.256261
v 0.107010 0.783766 0.256261
v 0.154415 0.740058 0.214007
v 0.110707 0.726534 0.239242
v 0.134130 0.726534 0.225719
v 0.090422 0.740058 0.250953
v -0.103273 0.954740 -0.074575
v -0.134932 0.909464 -0.066673
v 0.000000 0.848752 -0.099211
v 0.134932 0.909464 -0.066673
v 0.146049 0.856057 -0.057352
v -0.134932 0.802651 -0.048031
v -0.103273 0.757375 -0.040129
v -0.146049 0.856057 -0.057352
v -0.055891 0.727122 -0.034849
v 0.000000 0.716499 -0.032995
v -0.055891 0.984992 -0.079855
v 0.000000 0.995616 -0.081709
v 0.055891 0.984992 -0.079855
v 0.055891 0.727122 -0.034849
v 0.103273 0.757375 -0.040129
v 0.134932 0.802651 -0.048031
v 0.103273 0.954740 -0.074575
v 0.105040 1.119411 0.020884
v 0.000000 1.139377 0.017400
v -0.274483 0.877093 0.063175
v -0.253589 0.776721 0.080693
v 0.194089 1.062556 0.030807
v -0.194089 1.062556 0.030807
v -0.105040 1.119411 0.020884
v 0.274483 0.877093 0.063175
v 0.253589 0.776721 0.080693
v 0.105040 0.634774 0.105467
v 0.000000 0.614809 0.108951
v -0.194089 0.691630 0.095544
v -0.105040 0.634774 0.105467
v -0.253589 0.977464 0.045658
v 0.253589 0.977464 0.045658
v 0.194089 0.691630 0.095544
v 0.326765 1.033206 0.194032
v 0.353688 0.903871 0.216605
v 0.250095 1.142851 0.174896
v -0.326765 1.033206 0.194032
v -0.353688 0.903871 0.216605
v -0.326765 0.774535 0.239177
v -0.250095 0.664890 0.258314
v 0.135351 0.591628 0.271100
v 0.250095 0.664890 0.258314
v -0.135351 0.591628 0.271100
v 0.135351 1.216113 0.162110
v 0.000000 1.241839 0.157620
v -0.135351 1.216113 0.162110
v -0.250095 1.142851 0.174896
v 0.326765 0.774535 0.239177
v 0.000000 0.565902 0.275590
v 0.064122 0.458110 -0.251994
v -0.042608 0.382318 -0.171724
v -0.064116 0.458110 -0.251995
v 0.042612 0.382318 -0.171723
v 0.200875 1.009862 0.041127
v 0.245951 0.918471 -0.078599
v 0.200876 1.009862 -0.066522
v 0.245949 0.918471 0.053205
v -0.180046 0.918471 -0.192750
v -0.200875 1.009862 -0.066527
v -0.147050 1.009862 -0.159753
v -0.245949 0.918471 -0.078605
v -0.175174 0.458110 -0.187878
v -0.116412 0.382318 -0.129115
v -0.073525 1.069237 -0.086226
v 0.026913 1.069237 -0.113138
v -0.026911 1.069237 -0.113138
v 0.073526 1.069237 -0.086225
v -0.100438 1.069237 -0.039613
v 0.100438 1.069237 -0.039611
v -0.100438 1.069237 0.014211
v 0.100438 1.069237 0.014213
v -0.073526 1.069237 0.060825
v 0.073525 1.069237 0.060826
v -0.026913 1.069237 0.087738
v 0.026911 1.069237 0.087738
v 0.053827 1.009862 -0.213575
v -0.053822 1.009862 -0.213576
v -0.065899 0.918471 -0.258651
v 0.065905 0.918471 -0.258649
v -0.053827 1.009862 0.188175
v 0.053822 1.009862 0.188176
v -0.200876 1.009862 0.041122
v -0.245951 0.918471 0.053199
v 0.147050 1.009862 0.134353
v 0.180046 0.918471 0.167350
v 0.147053 1.009862 -0.159750
v 0.042608 0.382318 0.146324
v -0.064122 0.458110 0.226594
v -0.042612 0.382318 0.146323
v 0.064116 0.458110 0.226595
v 0.065899 0.918471 0.233251
v -0.147053 1.009862 0.134350
v 0.180050 0.918471 -0.192746
v 0.116415 0.382318 -0.129112
v -0.159023 0.382318 -0.055312
v 0.159024 0.382318 -0.055309
v -0.159024 0.382318 0.029908
v 0.159023 0.382318 0.029912
v -0.116415 0.382318 0.103712
v 0.116412 0.382318 0.103715
v -0.065905 0.918471 0.233249
v -0.180050 0.918471 0.167346
v 0.175178 0.458110 -0.187874
v -0.239294 0.458110 -0.076822
v 0.239294 0.458110 0.051421
v 0.239295 0.458110 -0.076816
v 0.175174 0.458110 0.162478
v -0.239295 0.458110 0.051416
v -0.175178 0.458110 0.162474
v -0.302834 0.434799 0.250140
v -0.235201 0.499013 0.004729
v -0.287639 0.373454 0.237002
v -0.222285 0.446869 -0.006438
v -0.075548 0.358985 0.275205
v -0.121254 0.317954 0.255351
v -0.042007 0.434571 0.026034
v -0.080857 0.399695 0.009159
v -0.146782 0.332616 0.311074
v -0.182804 0.305993 0.240011
v -0.192346 0.323762 0.299718
v -0.268162 0.462870 0.321315
v -0.285219 0.493906 0.269187
v -0.281203 0.419114 0.307215
v -0.188763 0.502099 0.347368
v -0.234327 0.493244 0.336012
v -0.195359 0.448933 0.363851
v -0.217612 0.444608 0.358304
v -0.118331 0.558729 -0.022207
v -0.092448 0.550096 -0.019353
v -0.144489 0.553646 -0.028727
v -0.163914 0.536208 -0.037164
v -0.073776 0.530059 -0.020928
v -0.171401 0.511088 -0.045259
v -0.067318 0.503987 -0.026512
v -0.164943 0.485016 -0.050843
v -0.074804 0.478867 -0.034607
v -0.146271 0.464979 -0.052418
v -0.094229 0.461428 -0.043044
v -0.120388 0.456345 -0.049564
v -0.143679 0.487060 0.352340
v -0.111156 0.452159 0.349596
v -0.117063 0.526583 0.311096
v -0.073128 0.479437 0.307389
v -0.184941 0.406795 -0.009589
v -0.173340 0.441588 0.366279
v -0.077295 0.577029 0.056542
v -0.177964 0.546898 0.304380
v -0.129061 0.594297 0.050833
v -0.181378 0.584130 0.037794
v -0.239513 0.534937 0.289040
v -0.243705 0.326307 0.233295
v -0.235012 0.386224 0.339490
v -0.269954 0.373701 0.297490
v -0.219128 0.369179 0.338150
v -0.237430 0.338800 0.294746
v -0.197109 0.361834 0.340578
v -0.220228 0.549254 0.020919
v -0.174855 0.366158 0.346124
v -0.240506 0.408403 0.344240
v -0.158331 0.380993 0.353302
v -0.112947 0.362990 0.325771
v -0.039951 0.536955 0.053391
v -0.234137 0.429774 0.351127
v -0.133175 0.389528 -0.003880
v -0.157456 0.424542 0.364939
v -0.099907 0.406746 0.339871
v -0.151962 0.402363 0.360189
v -0.027034 0.484812 0.042224
v -0.057933 0.418092 0.294252
v 0.075543 0.358985 0.275208
v 0.027029 0.484812 0.042227
v 0.042002 0.434571 0.026037
v 0.057927 0.418092 0.294255
v 0.173334 0.441588 0.366282
v 0.111150 0.452159 0.349599
v 0.157450 0.424542 0.364941
v 0.143674 0.487060 0.352343
v 0.158325 0.380993 0.353305
v 0.099901 0.406746 0.339874
v 0.112941 0.362990 0.325773
v 0.151956 0.402363 0.360192
v 0.219122 0.369179 0.338153
v 0.174850 0.366158 0.346127
v 0.197103 0.361834 0.340581
v 0.235006 0.386224 0.339493
v 0.240500 0.408403 0.344243
v 0.234131 0.429774 0.351129
v 0.217606 0.444608 0.358307
v 0.195353 0.448933 0.363853
v 0.182798 0.305993 0.240014
v 0.184935 0.406795 -0.009586
v 0.243699 0.326307 0.233298
v 0.133169 0.389528 -0.003877
v 0.067312 0.503987 -0.026509
v 0.074798 0.478867 -0.034604
v 0.220222 0.549254 0.020922
v 0.239508 0.534937 0.289043
v 0.285213 0.493906 0.269189
v 0.181372 0.584130 0.037797
v 0.073123 0.479437 0.307392
v 0.144483 0.553646 -0.028724
v 0.129055 0.594297 0.050836
v 0.118325 0.558729 -0.022204
v 0.163909 0.536208 -0.037161
v 0.039945 0.536955 0.053394
v 0.092442 0.550096 -0.019350
v 0.073770 0.530059 -0.020925
v 0.077289 0.577029 0.056545
v 0.146265 0.464979 -0.052415
v 0.120382 0.456345 -0.049561
v 0.281197 0.419114 0.307218
v 0.268157 0.462870 0.321318
v 0.171395 0.511088 -0.045256
v 0.222279 0.446869 -0.006435
v 0.164937 0.485016 -0.050840
v 0.235195 0.499013 0.004732
v 0.302829 0.434799 0.250142
v 0.121248 0.317954 0.255354
v 0.080852 0.399695 0.009162
v 0.146776 0.332616 0.311076
v 0.177958 0.546898 0.304383
v 0.234321 0.493244 0.336015
v 0.188757 0.502099 0.347371
v 0.117057 0.526583 0.311099
v 0.094223 0.461428 -0.043041
v 0.269948 0.373701 0.297493
v 0.287633 0.373454 0.237005
v 0.237424 0.338800 0.294749
v 0.192340 0.323762 0.299721
v 0.367937 1.065641 0.192109
v 0.398252 0.915506 0.218312
v 0.281607 1.192920 0.169895
v 0.367937 0.765371 0.244514
v 0.281607 0.638093 0.266728
v 0.408970 0.726180 0.118814
v 0.442666 0.893058 0.089689
v 0.408970 1.059936 0.060564
v 0.152404 1.277964 0.155053
v 0.152404 0.553048 0.281571
v 0.408970 0.697461 -0.045734
v 0.313012 0.584707 0.143505
v 0.442666 0.864340 -0.074859
v 0.169401 0.490178 0.160003
v 0.313012 1.201409 0.035873
v 0.169401 1.295938 0.019375
v 0.408970 1.031218 -0.103984
v 0.000000 0.523185 0.286783
v 0.000000 0.456984 0.165796
v -0.152404 0.553048 0.281571
v -0.169401 0.490178 0.160003
v -0.281607 0.638093 0.266728
v -0.367937 0.765371 0.244514
v -0.313012 0.584707 0.143505
v -0.398252 0.915506 0.218312
v -0.367937 1.065641 0.192109
v -0.408970 0.726180 0.118814
v -0.313012 0.555989 -0.021043
v -0.442666 0.893058 0.089689
v -0.281607 1.192920 0.169895
v -0.169401 0.461460 -0.004546
v -0.408970 0.697461 -0.045734
v -0.152404 1.277964 0.155053
v 0.000000 1.307828 0.149840
v -0.169401 1.295938 0.019375
v 0.000000 1.329132 0.013582
v 0.000000 0.428266 0.001248
v -0.313012 1.201409 0.035873
v -0.408970 1.059936 0.060564
v -0.313012 1.172691 -0.128675
v -0.169401 1.267220 -0.145173
v 0.000000 1.300414 -0.150967
v -0.442666 0.864340 -0.074859
v -0.408970 1.031218 -0.103984
v -0.275258 1.108513 -0.276809
v 0.169401 1.267220 -0.145173
v -0.148969 1.191640 -0.291317
v 0.313012 1.172691 -0.128675
v -0.359642 0.690603 -0.203872
v -0.389274 0.837353 -0.229484
v -0.359642 0.984104 -0.255096
v -0.204304 1.016616 -0.390661
v -0.275258 0.566194 -0.182159
v -0.148969 0.483067 -0.167651
v -0.204304 0.614092 -0.320409
v -0.266936 0.706432 -0.336525
v -0.288930 0.815354 -0.355535
v -0.266936 0.924276 -0.374545
v -0.110569 1.078315 -0.401429
v 0.000000 1.220831 -0.296411
v 0.148969 1.191640 -0.291317
v 0.275258 1.108513 -0.276809
v 0.359642 0.984104 -0.255096
v 0.389274 0.837353 -0.229484
v 0.359642 0.690603 -0.203872
v 0.313012 0.555989 -0.021043
v 0.169401 0.461460 -0.004546
v 0.275258 0.566194 -0.182159
v 0.266936 0.706432 -0.336525
v 0.288930 0.815354 -0.355535
v 0.266936 0.924276 -0.374545
v 0.148969 0.483067 -0.167651
v 0.204304 0.614092 -0.320409
v 0.000000 0.453876 -0.162556
v 0.204304 1.016616 -0.390661
v 0.110569 0.552393 -0.309641
v -0.110569 0.552393 -0.309641
v 0.110569 1.078315 -0.401429
v 0.000000 0.530727 -0.305860
v 0.000000 0.649548 -0.411377
v 0.058832 0.661076 -0.413389
v 0.000000 0.796008 -0.466383
v -0.058832 0.661076 -0.413389
v 0.108708 0.693906 -0.419119
v -0.108708 0.693906 -0.419119
v 0.142034 0.743039 -0.427694
v -0.142034 0.743039 -0.427694
v 0.153736 0.800995 -0.437809
v -0.153736 0.800995 -0.437809
v 0.142034 0.858951 -0.447924
v -0.142034 0.858951 -0.447924
v 0.108708 0.908084 -0.456499
v -0.108708 0.908084 -0.456499
v 0.058832 0.940914 -0.462229
v -0.058832 0.940914 -0.462229
v 0.000000 0.952442 -0.464241
v 0.000000 1.099981 -0.405210
vt 0.718750 0.437013
vt 0.718750 0.275000
vt 0.718750 0.463874
vt 0.718750 0.475000
vt 0.718750 0.338476
vt 0.718750 0.330772
vt 0.718750 0.341667
vt 0.718750 0.283588
vt 0.718750 0.353769
vt 0.718750 0.304321
vt 0.718750 0.420545
vt 0.718750 0.465164
vt 0.718750 0.470368
vt 0.718750 0.450937
vt 0.718750 0.441165
vt 0.718750 0.350939
vt 0.593750 0.088397
vt 0.593750 0.025000
vt 0.593750 0.108013
vt 0.593750 0.061603
vt 0.593750 0.141987
vt 0.593750 0.225000
vt 0.593750 0.188397
vt 0.593750 0.161603
vt 0.593750 0.071350
vt 0.593750 0.058650
vt 0.593750 0.079250
vt 0.593750 0.026104
vt 0.593750 0.048175
vt 0.593750 0.035475
vt 0.593750 0.097458
vt 0.593750 0.041710
vt 0.593750 0.105000
vt 0.343750 0.475000
vt 0.593750 0.713722
vt 0.593750 0.725000
vt 0.593750 0.691165
vt 0.843750 0.355000
vt 0.843750 0.298175
vt 0.343750 0.348205
vt 0.343750 0.319364
vt 0.343750 0.301795
vt 0.343750 0.354636
vt 0.343750 0.337000
vt 0.343750 0.299000
vt 0.343750 0.413000
vt 0.343750 0.451000
vt 0.343750 0.364818
vt 0.343750 0.395364
vt 0.343750 0.385182
vt 0.343750 0.448205
vt 0.343750 0.430636
vt 0.343750 0.275000
vt 0.343750 0.402818
vt 0.343750 0.401795
vt 0.343750 0.347182
vt 0.343750 0.401784
vt 0.343750 0.295499
vt 0.343750 0.345315
vt 0.343750 0.381136
vt 0.343750 0.427777
vt 0.343750 0.420392
vt 0.343750 0.450158
vt 0.343750 0.469725
vt 0.343750 0.395107
vt 0.343750 0.384724
vt 0.343750 0.372477
vt 0.343750 0.360230
vt 0.343750 0.349847
vt 0.343750 0.342910
vt 0.343750 0.340473
vt 0.343750 0.402044
vt 0.343750 0.404480
vt 0.343750 0.428045
vt 0.343750 0.432623
vt 0.343750 0.349460
vt 0.343750 0.415007
vt 0.343750 0.316909
vt 0.343750 0.312330
vt 0.343750 0.329947
vt 0.343750 0.395494
vt 0.343750 0.402136
vt 0.343750 0.427279
vt 0.343750 0.342818
vt 0.343750 0.317674
vt 0.343750 0.300874
vt 0.343750 0.444080
vt 0.343750 0.449979
vt 0.343750 0.294974
vt 0.593750 0.027707
vt 0.593750 0.060343
vt 0.593750 0.027706
vt 0.593750 0.060343
vt 0.593750 0.146885
vt 0.593750 0.098206
vt 0.593750 0.103117
vt 0.593750 0.151796
vt 0.593750 0.051794
vt 0.593750 0.103115
vt 0.593750 0.065210
vt 0.593750 0.098204
vt 0.593750 0.053775
vt 0.593750 0.077667
vt 0.593750 0.095105
vt 0.593750 0.084164
vt 0.593750 0.084163
vt 0.593750 0.095106
vt 0.593750 0.114057
vt 0.593750 0.114058
vt 0.593750 0.135942
vt 0.593750 0.135943
vt 0.593750 0.154894
vt 0.593750 0.154895
vt 0.593750 0.165836
vt 0.593750 0.165837
vt 0.593750 0.043327
vt 0.593750 0.043327
vt 0.593750 0.025001
vt 0.593750 0.206673
vt 0.593750 0.206674
vt 0.593750 0.146883
vt 0.593750 0.151794
vt 0.593750 0.184790
vt 0.593750 0.198206
vt 0.593750 0.065212
vt 0.593750 0.189657
vt 0.593750 0.222294
vt 0.593750 0.189657
vt 0.593750 0.222294
vt 0.593750 0.184788
vt 0.593750 0.051796
vt 0.593750 0.077668
vt 0.593750 0.107675
vt 0.593750 0.107676
vt 0.593750 0.142324
vt 0.593750 0.142325
vt 0.593750 0.172331
vt 0.593750 0.172333
vt 0.593750 0.224999
vt 0.593750 0.198204
vt 0.593750 0.053777
vt 0.593750 0.098929
vt 0.593750 0.151071
vt 0.593750 0.098931
vt 0.593750 0.196225
vt 0.593750 0.151069
vt 0.593750 0.196223
vt 0.593750 0.183764
vt 0.593750 0.055591
vt 0.593750 0.210225
vt 0.843750 0.409429
vt 0.843750 0.402136
vt 0.843750 0.372477
vt 0.843750 0.427279
vt 0.843750 0.375000
vt 0.843750 0.342818
vt 0.843750 0.438616
vt 0.843750 0.444080
vt 0.843750 0.340571
vt 0.843750 0.317674
vt 0.843750 0.311384
vt 0.843750 0.300874
vt 0.843750 0.336732
vt 0.843750 0.413268
vt 0.843750 0.458118
vt 0.843750 0.449979
vt 0.843750 0.291882
vt 0.843750 0.294974
vt 0.843750 0.304289
vt 0.843750 0.282612
vt 0.843750 0.445711
vt 0.843750 0.467388
vt 0.843750 0.285033
vt 0.843750 0.275000
vt 0.843750 0.464967
vt 0.843750 0.475000
vt 0.843750 0.437182
vt 0.843750 0.456245
vt 0.843750 0.341347
vt 0.843750 0.408653
vt 0.843750 0.421153
vt 0.843750 0.312818
vt 0.843750 0.293755
vt 0.843750 0.328847
vt 0.843750 0.350022
vt 0.843750 0.399978
vt 0.843750 0.435302
vt 0.843750 0.462938
vt 0.843750 0.287062
vt 0.843750 0.314698
vt 0.843750 0.309730
vt 0.843750 0.340270
vt 0.843750 0.342914
vt 0.843750 0.350442
vt 0.843750 0.361710
vt 0.843750 0.388290
vt 0.843750 0.399558
vt 0.843750 0.407086
vt 0.843750 0.409730
vt 0.843750 0.440270
vn 1.000000 0.000000 0.000000
vn -0.376065 0.609155 -0.698216
vn -0.063350 0.195429 -0.978670
vn -0.791853 0.215431 -0.571452
vn -0.239846 0.082653 -0.967286
vn -0.968566 0.193512 -0.156311
vn -0.986444 0.000000 -0.164096
vn -0.786028 0.000000 -0.618191
vn -0.618220 0.758180 -0.207285
vn -0.201644 0.000000 -0.979459
vn 0.000000 0.707107 -0.707107
vn 0.000000 0.195090 -0.980785
vn 0.000000 0.980785 -0.195090
vn 0.000000 0.980785 0.195090
vn -0.618220 0.758180 0.207285
vn 0.000000 -1.000000 0.000000
vn -0.239846 0.082653 0.967286
vn -0.791853 0.215431 0.571452
vn -0.201644 0.000000 0.979459
vn -0.786028 0.000000 0.618191
vn -0.376065 0.609155 0.698216
vn -0.063350 0.195429 0.978670
vn 0.000000 0.707107 0.707107
vn 0.000000 0.195090 0.980785
vn -0.968566 0.193512 0.156311
vn -0.986444 0.000000 0.164096
vn 0.000000 0.000000 -1.000000
vn 0.000000 0.000000 1.000000
vn 0.901796 0.247506 0.354266
vn 0.980785 0.000000 -0.195090
vn 0.942729 0.270371 -0.195350
vn 0.923879 0.000000 0.382683
vn 0.000000 0.195090 -0.980785
vn 0.195090 0.000000 -0.980785
vn 0.211649 0.060700 -0.975459
vn 0.109410 0.197403 -0.974198
vn 0.528101 0.809304 0.257170
vn 0.474361 0.855865 -0.206098
vn 0.354266 0.247506 0.901796
vn -0.382683 0.000000 0.923879
vn 0.382683 0.000000 0.923879
vn -0.354266 0.247506 0.901796
vn 0.257170 0.809304 0.528101
vn -0.257170 0.809304 0.528101
vn -0.211649 0.060700 -0.975459
vn -0.195090 0.000000 -0.980785
vn -0.109410 0.197403 -0.974198
vn -0.901796 0.247506 0.354266
vn -0.528101 0.809304 0.257170
vn -0.923879 0.000000 0.382683
vn -0.474361 0.855865 -0.206098
vn 0.000000 1.000000 0.000000
vn 0.000000 0.980785 -0.195090
vn 0.707107 0.000000 -0.707107
vn 0.700615 0.200934 -0.684664
vn 0.353423 0.637662 -0.684456
vn -1.000000 0.000000 0.000000
vn -0.942729 0.270371 -0.195350
vn -0.980785 0.000000 -0.195090
vn -0.353423 0.637662 -0.684456
vn -0.700615 0.200934 -0.684664
vn -0.707107 0.000000 -0.707107
vn 0.000000 -0.965926 0.258819
vn 0.000000 -0.998557 0.053696
vn 0.000000 0.500000 -0.866025
vn 0.000000 0.130526 -0.991445
vn 0.000000 0.793353 -0.608761
vn 0.000000 0.968895 -0.247473
vn 0.000000 -0.270130 -0.962824
vn 0.000000 -0.812847 -0.582478
vn 0.000000 0.452777 0.891624
vn 0.000000 0.258819 0.965926
vn 0.000000 0.910864 0.412707
vn 0.239846 0.082653 0.967286
vn 0.201644 0.000000 0.979459
vn 0.063350 0.195429 0.978670
vn 0.201644 0.000000 -0.979459
vn 0.239846 0.082653 -0.967286
vn 0.063350 0.195429 -0.978670
vn 0.968566 0.193512 0.156311
vn 0.986444 0.000000 -0.164096
vn 0.968566 0.193512 -0.156311
vn 0.986444 0.000000 0.164096
vn 0.618220 0.758180 -0.207285
vn 0.618220 0.758180 0.207285
vn 0.376065 0.609155 0.698216
vn 0.791853 0.215431 0.571452
vn 0.786028 0.000000 0.618191
vn 0.376065 0.609155 -0.698216
vn 0.786028 0.000000 -0.618191
vn 0.791853 0.215431 -0.571452
vn 0.994271 -0.075579 0.075579
vn 0.703056 -0.572714 -0.421557
vn -0.703056 -0.572714 -0.421557
vn -0.994271 -0.075579 0.075579
vn 0.703056 0.421557 0.572714
vn 0.000000 0.627478 0.778635
vn -0.703056 0.421557 0.572714
vn 0.000000 -0.778635 -0.627478
vn 0.000000 -0.707107 0.707107
vn 0.000000 -0.730602 -0.682804
vn 0.706703 -0.523613 -0.475816
vn -0.706703 -0.523613 -0.475816
vn 0.999429 -0.023899 0.023899
vn 0.706703 0.475816 0.523613
vn -0.999429 -0.023899 0.023899
vn 0.000000 0.682804 0.730601
vn -0.706703 0.475816 0.523613
vn 0.000000 -0.707107 -0.707107
vn 0.000000 -0.707107 0.707107
vn -0.980785 0.000000 0.195090
vn 0.195090 0.000000 0.980785
vn -0.195090 0.000000 0.980785
vn 0.980785 0.000000 0.195090
vn 0.707107 0.000000 0.707107
vn -0.707107 0.000000 0.707107
vn 0.000000 -0.258819 0.965926
vn 0.000000 -0.500000 0.866025
vn 0.000000 0.258819 -0.965926
vn 0.000000 0.500000 -0.866025
vn 0.000000 -0.866025 -0.500000
vn -1.000000 0.000000 0.000000
vn 0.000000 0.866025 -0.500000
vn 0.000000 0.500000 0.866025
vn 0.000000 0.258819 0.965926
vn 0.000000 -0.500000 -0.866025
vn 0.000000 -0.258819 -0.965926
vn 1.000000 0.000000 0.000000
vn -0.979442 0.161381 0.121035
vn -0.977253 0.169661 0.127246
vn 0.000000 0.997497 0.070711
vn 0.000000 0.997877 0.065122
vn 0.979442 0.161381 0.121035
vn 0.977253 0.169661 0.127246
vn -0.700246 0.571121 0.428341
vn -0.689130 0.579710 0.434782
vn -0.152921 0.114918 0.981534
vn -0.193761 0.784839 0.588629
vn 0.700246 0.571121 0.428341
vn 0.689130 0.579710 0.434782
vn 0.193761 0.784839 0.588629
vn 0.152921 0.114918 0.981534
vn 0.000000 0.554700 -0.832050
vn 0.000000 0.707107 -0.707107
vn -0.674294 0.689700 0.263895
vn -0.791487 0.432174 -0.432174
vn -0.953596 0.212902 -0.212902
vn -0.559666 0.827917 -0.036430
vn -0.559666 0.036430 -0.827917
vn -0.674294 -0.263896 -0.689700
vn 0.000000 0.991839 0.127492
vn 0.000000 0.887197 0.461391
vn 0.000000 -0.127492 -0.991840
vn 0.674294 -0.263896 -0.689700
vn 0.000000 -0.461392 -0.887196
vn 0.559666 0.036430 -0.827917
vn 0.674294 0.689700 0.263895
vn 0.559666 0.827917 -0.036430
vn 0.953596 0.212902 -0.212902
vn 0.791487 0.432174 -0.432174
vn -0.707107 0.500000 0.500000
vn 0.000000 0.707107 0.707107
vn 0.707107 -0.500000 -0.500000
vn 0.000000 -0.707107 -0.707107
vn -0.707107 -0.500000 -0.500000
vn 0.707107 0.500000 0.500000
vn 0.671117 -0.249273 0.698187
vn 0.060764 -0.487989 0.870732
vn 0.455240 -0.681025 0.573551
vn 0.215451 -0.178617 0.960040
vn -0.423655 -0.253484 0.869633
vn -0.516533 -0.666606 0.537429
vn -0.207160 -0.666606 0.716045
vn -0.541297 -0.253484 0.801713
vn -0.423655 0.253484 0.869633
vn -0.516533 0.666606 0.537429
vn -0.541297 0.253484 0.801713
vn -0.207160 0.666606 0.716045
vn -0.702000 -0.067921 0.708931
vn -0.939145 0.178617 0.293434
vn -0.939145 -0.178617 0.293434
vn -0.702000 0.067921 0.708931
vn -0.724330 0.681025 -0.107474
vn -0.350421 0.930298 0.108402
vn -0.784458 0.487989 0.382743
vn -0.350421 -0.930298 0.108402
vn 0.081332 -0.930298 0.357675
vn -0.724330 -0.681025 -0.107474
vn -0.940206 -0.249273 -0.232111
vn -0.784458 -0.487989 0.382743
vn -0.643178 0.185563 0.742891
vn 0.671117 0.249273 0.698187
vn 0.215451 0.178617 0.960040
vn 0.081332 0.930298 0.357675
vn 0.060764 0.487989 0.870732
vn 0.455240 0.681025 0.573551
vn -0.262952 -0.067921 0.962415
vn -0.262952 0.067921 0.962415
vn -0.643178 -0.185563 0.742891
vn -0.321774 -0.185563 0.928455
vn -0.940206 0.249273 -0.232111
vn -0.321774 0.185563 0.928455
vn -0.224144 0.965926 -0.129410
vn 0.224144 0.965926 0.129410
vn 0.836516 0.258819 0.482963
vn 0.836516 -0.258819 0.482963
vn 0.612372 0.707107 0.353553
vn -0.612372 0.707107 -0.353553
vn 0.224144 -0.965926 0.129410
vn 0.612372 -0.707107 0.353553
vn -0.836516 0.258819 -0.482963
vn -0.836516 -0.258819 -0.482963
vn -0.612372 -0.707107 -0.353553
vn -0.224144 -0.965926 -0.129410
vn -0.126325 -0.033781 0.991414
vn -0.258819 0.000000 0.965926
vn -0.135964 -0.031366 0.990217
vn 0.258819 0.000000 0.965926
vn 0.126325 -0.033781 0.991414
vn 0.135964 -0.031366 0.990217
vn 0.612372 0.707107 -0.353553
vn 0.940206 0.249273 -0.232111
vn 0.836516 0.258819 -0.482963
vn 0.724330 0.681025 -0.107474
vn 0.350421 -0.930298 0.108402
vn 0.612372 -0.707107 -0.353553
vn 0.724330 -0.681025 -0.107474
vn 0.224144 -0.965926 -0.129410
vn 0.350421 0.930298 0.108402
vn 0.224144 0.965926 -0.129410
vn 0.940206 -0.249273 -0.232111
vn 0.836516 -0.258819 -0.482963
vn -0.671117 -0.249273 0.698187
vn -0.836516 0.258819 0.482963
vn -0.836516 -0.258819 0.482963
vn -0.671117 0.249273 0.698187
vn -0.455240 -0.681025 0.573551
vn -0.224144 -0.965926 0.129410
vn -0.081332 -0.930298 0.357675
vn -0.612372 -0.707107 0.353553
vn -0.224144 0.965926 0.129410
vn -0.455240 0.681025 0.573551
vn -0.081332 0.930298 0.357675
vn -0.612372 0.707107 0.353553
vn 0.939145 0.178617 0.293434
vn 0.702000 -0.067921 0.708931
vn 0.939145 -0.178617 0.293434
vn 0.702000 0.067921 0.708931
vn 0.541297 0.253484 0.801713
vn 0.207160 0.666606 0.716045
vn 0.423655 0.253484 0.869633
vn 0.516533 0.666606 0.537429
vn -0.215451 -0.178617 0.960040
vn -0.215451 0.178617 0.960040
vn 0.784458 0.487989 0.382743
vn 0.643178 0.185563 0.742891
vn -0.060764 0.487989 0.870732
vn 0.321774 0.185563 0.928455
vn 0.541297 -0.253484 0.801713
vn 0.321774 -0.185563 0.928455
vn 0.423655 -0.253484 0.869633
vn 0.643178 -0.185563 0.742891
vn 0.262952 -0.067921 0.962415
vn 0.262952 0.067921 0.962415
vn 0.784458 -0.487989 0.382743
vn 0.207160 -0.666606 0.716045
vn 0.516533 -0.666606 0.537429
vn -0.060764 -0.487989 0.870732
vn 0.365692 -0.225372 0.903038
vn 0.480233 -0.055546 0.875380
vn 0.000000 0.171929 0.985109
vn -0.480233 -0.055546 0.875380
vn -0.520912 0.146760 0.840900
vn 0.480233 0.348786 0.804813
vn 0.365692 0.517942 0.773308
vn 0.520912 0.146760 0.840900
vn 0.196928 0.629128 0.751942
vn 0.000000 0.667737 0.744398
vn 0.196928 -0.337223 0.920597
vn 0.000000 -0.376105 0.926577
vn -0.196928 -0.337223 0.920597
vn -0.196928 0.629128 0.751942
vn -0.365692 0.517942 0.773308
vn -0.480233 0.348786 0.804813
vn -0.365692 -0.225372 0.903038
vn -0.304703 -0.646128 0.699768
vn 0.000000 -0.705573 0.708637
vn 0.809523 0.100938 0.578346
vn 0.745747 0.413732 0.522194
vn -0.566852 -0.474453 0.673479
vn 0.566852 -0.474453 0.673479
vn 0.304703 -0.646128 0.699768
vn -0.809523 0.100938 0.578346
vn -0.745747 0.413732 0.522194
vn -0.304703 0.844967 0.439530
vn 0.000000 0.903903 0.427738
vn 0.566852 0.674537 0.472948
vn 0.304703 0.844967 0.439530
vn 0.745747 -0.212386 0.631469
vn -0.745747 -0.212386 0.631469
vn -0.566852 0.674537 0.472948
vn -0.821190 -0.265931 0.504903
vn -0.891360 0.077935 0.446547
vn -0.624265 -0.553633 0.551165
vn 0.821190 -0.265931 0.504903
vn 0.891360 0.077935 0.446547
vn 0.821190 0.421240 0.384973
vn 0.624265 0.707603 0.331045
vn -0.335582 0.894794 0.294498
vn -0.624265 0.707603 0.331045
vn 0.335582 0.894794 0.294498
vn -0.335582 -0.742137 0.580188
vn 0.000000 -0.807407 0.589994
vn 0.335582 -0.742137 0.580188
vn 0.624265 -0.553633 0.551165
vn -0.821190 0.421240 0.384973
vn 0.000000 0.959527 0.281615
vn 0.238556 -0.387978 -0.890261
vn -0.106455 -0.911488 -0.397313
vn -0.238535 -0.387978 -0.890266
vn 0.106464 -0.911488 -0.397311
vn 0.719186 0.667558 0.192714
vn 0.942639 0.218269 -0.252568
vn 0.719190 0.667558 -0.192698
vn 0.942633 0.218269 0.252589
vn -0.690050 0.218269 -0.690065
vn -0.719186 0.667558 -0.192714
vn -0.526476 0.667558 -0.526488
vn -0.942633 0.218269 -0.252589
vn -0.651711 -0.387978 -0.651726
vn -0.290849 -0.911488 -0.290856
vn -0.208960 0.955338 -0.208964
vn 0.076489 0.955338 -0.285446
vn -0.076482 0.955338 -0.285448
vn 0.208964 0.955338 -0.208960
vn -0.285447 0.955338 -0.076489
vn 0.285448 0.955338 -0.076482
vn -0.285448 0.955338 0.076482
vn 0.285447 0.955338 0.076489
vn -0.208964 0.955338 0.208960
vn 0.208960 0.955338 0.208965
vn -0.076489 0.955337 0.285447
vn 0.076482 0.955337 0.285449
vn 0.192714 0.667558 -0.719186
vn -0.192698 0.667558 -0.719190
vn -0.252568 0.218269 -0.942639
vn 0.252589 0.218269 -0.942633
vn -0.192714 0.667558 0.719186
vn 0.192698 0.667558 0.719190
vn -0.719190 0.667558 0.192698
vn -0.942639 0.218269 0.252568
vn 0.526476 0.667558 0.526488
vn 0.690050 0.218269 0.690065
vn 0.526488 0.667558 -0.526476
vn 0.106455 -0.911488 0.397313
vn -0.238556 -0.387978 0.890261
vn -0.106464 -0.911488 0.397311
vn 0.238535 -0.387978 0.890266
vn 0.252568 0.218269 0.942639
vn -0.526488 0.667558 0.526476
vn 0.690065 0.218269 -0.690050
vn 0.290856 -0.911488 -0.290849
vn -0.397311 -0.911488 -0.106464
vn 0.397313 -0.911488 -0.106455
vn -0.397313 -0.911488 0.106455
vn 0.397311 -0.911488 0.106464
vn -0.290856 -0.911488 0.290849
vn 0.290849 -0.911488 0.290856
vn -0.252589 0.218269 0.942633
vn -0.690065 0.218269 0.690050
vn 0.651725 -0.387978 -0.651711
vn -0.890261 -0.387978 -0.238556
vn 0.890261 -0.387978 0.238556
vn 0.890266 -0.387978 -0.238535
vn 0.651711 -0.387978 0.651725
vn -0.890266 -0.387978 0.238535
vn -0.651725 -0.387978 0.651711
vn -0.999228 0.009918 0.038012
vn -0.847889 0.152692 -0.507710
vn -0.880405 -0.469787 -0.064717
vn -0.734247 -0.306096 -0.605960
vn 0.778095 -0.582927 0.234017
vn 0.420686 -0.903780 0.078768
vn 0.851934 -0.414303 -0.320252
vn 0.510111 -0.721165 -0.468731
vn 0.220780 -0.808827 0.545028
vn -0.060616 -0.997311 -0.041187
vn -0.141876 -0.879301 0.454643
vn -0.745320 0.227901 0.626546
vn -0.861481 0.472121 0.186956
vn -0.849111 -0.120364 0.514318
vn -0.113359 0.540135 0.833909
vn -0.476016 0.469660 0.743524
vn -0.171831 0.074780 0.982284
vn -0.330968 0.043856 0.942623
vn 0.174817 0.678366 -0.713624
vn 0.406534 0.601074 -0.688070
vn -0.059367 0.632857 -0.771989
vn -0.233268 0.476742 -0.847528
vn 0.573696 0.421693 -0.702175
vn -0.300291 0.251852 -0.919998
vn 0.631511 0.188286 -0.752159
vn -0.242476 0.018445 -0.969982
vn 0.564488 -0.036605 -0.824629
vn -0.075314 -0.160937 -0.984087
vn 0.390587 -0.192719 -0.900168
vn 0.156403 -0.238228 -0.958533
vn 0.245477 0.420441 0.873482
vn 0.504343 0.142651 0.851639
vn 0.453463 0.727652 0.514679
vn 0.797018 0.358980 0.485690
vn -0.405672 -0.658692 -0.633685
vn -0.014371 0.022258 0.999649
vn 0.541458 0.839129 -0.051828
vn -0.022770 0.886505 0.462160
vn 0.085991 0.991055 -0.102057
vn -0.374325 0.901602 -0.216782
vn -0.504072 0.792974 0.342205
vn -0.536849 -0.838458 -0.093706
vn -0.455397 -0.373661 0.808079
vn -0.759579 -0.481818 0.436913
vn -0.341805 -0.495557 0.798494
vn -0.500713 -0.759608 0.415070
vn -0.184344 -0.548080 0.815859
vn -0.716148 0.594740 -0.365261
vn -0.025208 -0.517155 0.855521
vn -0.494685 -0.215052 0.842045
vn 0.092965 -0.411069 0.906852
vn 0.490084 -0.567068 0.662006
vn 0.870033 0.486533 -0.079553
vn -0.449140 -0.062230 0.891292
vn 0.049795 -0.810617 -0.583455
vn 0.099222 -0.099639 0.990065
vn 0.593875 -0.218803 0.774234
vn 0.138509 -0.258248 0.956098
vn 0.983675 0.027745 -0.177803
vn 0.915842 -0.120725 0.382961
vn -0.778095 -0.582927 0.234017
vn -0.983675 0.027745 -0.177803
vn -0.851934 -0.414303 -0.320252
vn -0.915842 -0.120725 0.382961
vn 0.014371 0.022258 0.999649
vn -0.504343 0.142651 0.851639
vn -0.099222 -0.099639 0.990065
vn -0.245477 0.420441 0.873482
vn -0.092965 -0.411069 0.906852
vn -0.593875 -0.218803 0.774234
vn -0.490084 -0.567068 0.662006
vn -0.138509 -0.258248 0.956098
vn 0.341805 -0.495557 0.798494
vn 0.025208 -0.517155 0.855521
vn 0.184344 -0.548080 0.815859
vn 0.455397 -0.373661 0.808079
vn 0.494685 -0.215052 0.842045
vn 0.449140 -0.062230 0.891292
vn 0.330968 0.043856 0.942623
vn 0.171831 0.074780 0.982284
vn 0.060616 -0.997311 -0.041187
vn 0.405672 -0.658692 -0.633685
vn 0.536849 -0.838458 -0.093706
vn -0.049795 -0.810617 -0.583455
vn -0.631511 0.188286 -0.752159
vn -0.564488 -0.036605 -0.824629
vn 0.716148 0.594740 -0.365261
vn 0.504072 0.792974 0.342205
vn 0.861481 0.472121 0.186956
vn 0.374325 0.901602 -0.216782
vn -0.797018 0.358980 0.485690
vn 0.059367 0.632857 -0.771989
vn -0.085991 0.991055 -0.102057
vn -0.174817 0.678366 -0.713624
vn 0.233268 0.476742 -0.847528
vn -0.870033 0.486533 -0.079553
vn -0.406534 0.601074 -0.688070
vn -0.573696 0.421693 -0.702175
vn -0.541458 0.839129 -0.051828
vn 0.075314 -0.160937 -0.984087
vn -0.156403 -0.238228 -0.958533
vn 0.849111 -0.120364 0.514318
vn 0.745320 0.227901 0.626546
vn 0.300291 0.251852 -0.919998
vn 0.734247 -0.306096 -0.605960
vn 0.242476 0.018445 -0.969982
vn 0.847889 0.152692 -0.507710
vn 0.999228 0.009918 0.038012
vn -0.420686 -0.903780 0.078768
vn -0.510111 -0.721165 -0.468731
vn -0.220780 -0.808827 0.545028
vn 0.022770 0.886505 0.462160
vn 0.476016 0.469660 0.743524
vn 0.113359 0.540135 0.833909
vn -0.453463 0.727652 0.514679
vn -0.390587 -0.192719 -0.900168
vn 0.759579 -0.481818 0.436913
vn 0.880405 -0.469787 -0.064717
vn 0.500713 -0.759608 0.415070
vn 0.141876 -0.879301 0.454643
vn 0.556106 0.362703 0.747792
vn -0.068765 0.145808 0.986920
vn -0.083051 0.174671 0.981118
vn -0.046616 0.127958 0.990684
vn 0.597844 0.136690 0.789873
vn -0.080413 0.207197 0.974989
vn 0.428179 0.557312 0.711383
vn -0.022892 0.119312 0.992593
vn 0.550333 -0.087140 0.830385
vn -0.060938 0.233612 0.970418
vn 0.421349 -0.277141 0.863514
vn -0.032060 0.248935 0.967990
vn 0.911972 -0.344612 0.222598
vn 0.987111 0.027515 0.157652
vn 0.911972 0.399641 0.092705
vn 0.232546 0.688478 0.686964
vn 0.000000 0.116894 0.993144
vn 0.228428 -0.405222 0.885221
vn 0.000000 0.253738 0.967273
vn 0.911972 -0.399641 -0.092705
vn 0.697993 -0.660085 0.277657
vn 0.987111 -0.027515 -0.157652
vn 0.377751 -0.870877 0.314447
vn 0.697993 0.715114 0.037647
vn 0.377751 0.925907 0.000857
vn 0.911972 0.344612 -0.222598
vn 0.000000 -0.450458 0.892798
vn 0.000000 -0.944898 0.327365
vn -0.228428 -0.405222 0.885221
vn 0.032060 0.248935 0.967990
vn -0.377751 -0.870877 0.314447
vn -0.421349 -0.277141 0.863514
vn 0.060938 0.233612 0.970418
vn -0.550333 -0.087140 0.830385
vn 0.080413 0.207197 0.974989
vn -0.697993 -0.660085 0.277657
vn -0.597844 0.136690 0.789873
vn 0.083051 0.174671 0.981118
vn -0.556106 0.362703 0.747792
vn 0.068765 0.145808 0.986920
vn 0.046616 0.127958 0.990684
vn -0.911972 -0.344612 0.222598
vn -0.697993 -0.715114 -0.037647
vn -0.987111 0.027515 0.157652
vn -0.428179 0.557312 0.711383
vn 0.022892 0.119312 0.992593
vn -0.377751 -0.925907 -0.000857
vn -0.911972 -0.399641 -0.092705
vn -0.232546 0.688478 0.686964
vn 0.000000 0.734701 0.678391
vn -0.377751 0.925907 0.000857
vn 0.000000 0.999927 -0.012061
vn 0.000000 -0.999927 0.012061
vn -0.697993 0.715114 0.037647
vn -0.911972 0.399641 0.092705
vn -0.697993 0.660085 -0.277657
vn -0.377751 0.870877 -0.314447
vn 0.000000 0.944898 -0.327365
vn -0.987111 -0.027515 -0.157652
vn -0.911972 0.344612 -0.222598
vn -0.624972 0.535240 -0.568268
vn 0.377751 0.870877 -0.314447
vn -0.338232 0.723980 -0.601208
vn 0.697993 0.660085 -0.277657
vn -0.816565 -0.413621 -0.402665
vn -0.883844 -0.080425 -0.460817
vn -0.816565 0.252770 -0.518969
vn -0.479664 0.346198 -0.806269
vn -0.624972 -0.696091 -0.353366
vn -0.338232 -0.884831 -0.320425
vn -0.479664 -0.598845 -0.641332
vn -0.626711 -0.382050 -0.679169
vn -0.678348 -0.126323 -0.723800
vn -0.626711 0.129404 -0.768432
vn -0.259592 0.491056 -0.831550
vn 0.000000 0.790257 -0.612775
vn 0.338232 0.723980 -0.601208
vn 0.624972 0.535240 -0.568268
vn 0.816565 0.252770 -0.518969
vn 0.883844 -0.080425 -0.460817
vn 0.816565 -0.413621 -0.402665
vn 0.697993 -0.715114 -0.037647
vn 0.377751 -0.925907 -0.000857
vn 0.624972 -0.696091 -0.353366
vn 0.626711 -0.382050 -0.679169
vn 0.678348 -0.126323 -0.723800
vn 0.626711 0.129404 -0.768432
vn 0.338232 -0.884831 -0.320425
vn 0.479664 -0.598845 -0.641332
vn 0.000000 -0.951108 -0.308858
vn 0.479664 0.346198 -0.806269
vn 0.259592 -0.743703 -0.616050
vn -0.259592 -0.743703 -0.616050
vn 0.259592 0.491056 -0.831550
vn 0.000000 -0.794570 -0.607173
vn 0.000000 -0.534314 -0.845286
vn 0.145813 -0.505742 -0.850272
vn 0.000000 -0.171929 -0.985109
vn -0.145813 -0.505742 -0.850272
vn 0.269428 -0.424375 -0.864473
vn -0.269428 -0.424375 -0.864473
vn 0.352025 -0.302602 -0.885726
vn -0.352025 -0.302602 -0.885726
vn 0.381029 -0.158959 -0.910796
vn -0.381029 -0.158959 -0.910796
vn 0.352025 -0.015317 -0.935865
vn -0.352025 -0.015317 -0.935865
vn 0.269428 0.106457 -0.957118
vn -0.269428 0.106457 -0.957118
vn 0.145813 0.187824 -0.971319
vn -0.145813 0.187824 -0.971319
vn 0.000000 0.216396 -0.976306
vn 0.000000 0.541923 -0.840428
usemtl colormap
f 1/1/1 2/2/1 3/3/1
f 3/3/1 2/2/1 4/4/1
f 4/4/1 2/2/1 5/4/1
f 5/4/1 2/2/1 6/3/1
f 6/3/1 2/2/1 7/1/1
f 8/2/1 7/1/1 2/2/1
f 9/3/2 10/1/3 11/5/4
f 12/6/5 11/5/4 10/1/3
f 13/7/6 11/5/4 14/2/7
f 15/2/8 14/2/7 11/5/4
f 9/3/2 11/5/4 16/4/9
f 13/7/6 16/4/9 11/5/4
f 11/5/4 12/6/5 15/2/8
f 17/2/10 15/2/8 12/6/5
f 9/3/2 6/3/11 10/1/3
f 7/1/12 10/1/3 6/3/11
f 6/3/11 9/3/2 5/4/13
f 16/4/9 5/4/13 9/3/2
f 4/4/14 5/4/13 18/4/15
f 16/4/9 18/4/15 5/4/13
f 8/2/16 2/2/16 17/2/16
f 2/2/16 19/2/16 17/2/16
f 17/2/16 19/2/16 15/2/16
f 19/2/16 20/2/16 15/2/16
f 15/2/16 20/2/16 14/2/16
f 21/2/16 14/2/16 20/2/16
f 22/6/17 23/5/18 19/2/19
f 20/2/20 19/2/19 23/5/18
f 24/3/21 25/1/22 3/3/23
f 1/1/24 3/3/23 25/1/22
f 24/3/21 23/5/18 25/1/22
f 22/6/17 25/1/22 23/5/18
f 23/5/18 26/7/25 20/2/20
f 21/2/26 20/2/20 26/7/25
f 24/3/21 18/4/15 23/5/18
f 26/7/25 23/5/18 18/4/15
f 3/3/23 4/4/14 24/3/21
f 18/4/15 24/3/21 4/4/14
f 18/4/15 16/4/9 26/7/25
f 13/7/6 26/7/25 16/4/9
f 21/2/26 26/7/25 14/2/7
f 13/7/6 14/2/7 26/7/25
f 10/1/3 7/1/12 12/6/5
f 12/6/5 7/1/12 17/2/10
f 8/2/27 17/2/10 7/1/12
f 25/1/22 22/6/17 1/1/24
f 1/1/24 22/6/17 2/2/28
f 19/2/19 2/2/28 22/6/17
f 27/7/29 28/2/30 29/7/31
f 28/2/30 27/7/29 30/2/32
f 31/2/16 32/2/16 33/2/16
f 34/2/16 32/2/16 31/2/16
f 35/2/16 32/2/16 34/2/16
f 36/2/16 32/2/16 35/2/16
f 36/2/16 37/2/16 32/2/16
f 38/2/16 37/2/16 36/2/16
f 37/2/16 38/2/16 39/2/16
f 40/2/16 39/2/16 38/2/16
f 41/2/16 39/2/16 40/2/16
f 42/2/16 39/2/16 41/2/16
f 28/2/16 39/2/16 42/2/16
f 39/2/16 28/2/16 30/2/16
f 43/1/33 41/2/34 40/2/27
f 41/2/34 43/1/33 44/6/35
f 44/6/35 43/1/33 45/1/36
f 46/4/37 29/7/31 47/4/38
f 29/7/31 46/4/37 27/7/29
f 48/7/39 37/2/40 39/2/41
f 37/2/40 48/7/39 49/7/42
f 50/4/27 38/2/27 36/2/27
f 38/2/27 50/4/27 51/4/27
f 52/4/43 49/7/42 48/7/39
f 49/7/42 52/4/43 53/4/44
f 54/6/45 35/2/27 34/2/46
f 35/2/27 54/6/45 55/1/33
f 55/1/33 54/6/45 56/1/47
f 52/4/43 27/7/29 46/4/37
f 27/7/29 52/4/43 48/7/39
f 53/4/44 57/7/48 49/7/42
f 57/7/48 53/4/44 58/4/49
f 49/7/42 32/2/50 37/2/40
f 32/2/50 49/7/42 57/7/48
f 48/7/39 30/2/32 27/7/29
f 30/2/32 48/7/39 39/2/41
f 59/4/51 50/4/52 60/4/53
f 58/4/49 50/4/52 59/4/51
f 53/4/44 50/4/52 58/4/49
f 53/4/44 51/4/52 50/4/52
f 52/4/43 51/4/52 53/4/44
f 52/4/43 61/4/53 51/4/52
f 46/4/37 61/4/53 52/4/43
f 61/4/53 46/4/37 47/4/38
f 29/7/31 42/2/54 62/5/55
f 42/2/54 29/7/31 28/2/30
f 63/3/56 61/4/53 47/4/38
f 61/4/53 63/3/56 64/3/11
f 64/3/11 45/1/36 43/1/33
f 45/1/36 64/3/11 63/3/56
f 44/6/35 42/2/54 41/2/34
f 42/2/54 44/6/35 62/5/55
f 47/4/38 62/5/55 63/3/56
f 62/5/55 47/4/38 29/7/31
f 45/1/36 62/5/55 44/6/35
f 62/5/55 45/1/36 63/3/56
f 38/2/57 43/1/57 40/2/57
f 43/1/57 38/2/57 64/3/57
f 64/3/57 38/2/57 61/4/57
f 61/4/57 38/2/57 51/4/57
f 32/2/50 65/7/58 33/2/59
f 65/7/58 32/2/50 57/7/48
f 57/7/48 59/4/51 65/7/58
f 59/4/51 57/7/48 58/4/49
f 56/1/47 66/3/11 55/1/33
f 66/3/11 56/1/47 67/3/60
f 33/2/59 68/5/61 31/2/62
f 68/5/61 33/2/59 65/7/58
f 65/7/58 67/3/60 68/5/61
f 67/3/60 65/7/58 59/4/51
f 68/5/61 34/2/46 31/2/62
f 34/2/46 68/5/61 54/6/45
f 68/5/61 56/1/47 54/6/45
f 56/1/47 68/5/61 67/3/60
f 67/3/60 60/4/53 66/3/11
f 60/4/53 67/3/60 59/4/51
f 66/3/1 35/2/1 55/1/1
f 35/2/1 66/3/1 36/2/1
f 36/2/1 66/3/1 60/4/1
f 36/2/1 60/4/1 50/4/1
f 69/2/63 70/2/64 71/2/63
f 70/2/64 69/2/63 72/2/64
f 73/8/57 74/9/57 75/10/57
f 74/9/57 73/8/57 72/2/57
f 74/9/57 72/2/57 76/11/57
f 76/11/57 72/2/57 69/2/57
f 76/11/57 69/2/57 77/12/57
f 77/12/57 69/2/57 78/4/57
f 78/4/57 69/2/57 79/13/57
f 79/13/57 69/2/57 80/14/57
f 81/9/1 82/8/1 83/10/1
f 82/8/1 81/9/1 70/2/1
f 70/2/1 81/9/1 84/11/1
f 70/2/1 84/11/1 71/2/1
f 71/2/1 84/11/1 85/12/1
f 71/2/1 85/12/1 86/4/1
f 71/2/1 86/4/1 87/13/1
f 71/2/1 87/13/1 88/14/1
f 76/11/65 81/9/66 74/9/66
f 81/9/66 76/11/65 84/11/65
f 76/11/65 85/12/67 84/11/65
f 85/12/67 76/11/65 77/12/67
f 77/12/67 86/4/68 85/12/67
f 86/4/68 77/12/67 78/4/68
f 74/9/66 83/10/69 75/10/69
f 83/10/69 74/9/66 81/9/66
f 72/2/64 82/8/70 70/2/64
f 82/8/70 72/2/64 73/8/70
f 75/10/69 82/8/70 73/8/70
f 82/8/70 75/10/69 83/10/69
f 88/14/71 69/2/72 71/2/72
f 69/2/72 88/14/71 80/14/71
f 78/4/68 87/13/73 86/4/68
f 87/13/73 78/4/68 79/13/73
f 87/13/73 80/14/71 88/14/71
f 80/14/71 87/13/73 79/13/73
f 89/6/74 90/2/28 91/2/75
f 90/2/28 89/6/74 92/1/24
f 92/1/24 89/6/74 93/1/76
f 94/1/12 95/2/77 96/2/27
f 95/2/77 94/1/12 97/6/78
f 97/6/78 94/1/12 98/1/79
f 99/7/80 100/2/81 101/7/82
f 100/2/81 99/7/80 102/2/83
f 103/4/84 99/7/80 101/7/82
f 99/7/80 103/4/84 104/4/85
f 105/4/14 106/3/86 104/4/85
f 106/3/86 105/4/14 107/3/23
f 104/4/85 108/5/87 99/7/80
f 108/5/87 104/4/85 106/3/86
f 99/7/80 109/2/88 102/2/83
f 109/2/88 99/7/80 108/5/87
f 108/5/87 93/1/76 89/6/74
f 93/1/76 108/5/87 106/3/86
f 93/1/76 107/3/23 92/1/24
f 107/3/23 93/1/76 106/3/86
f 108/5/87 91/2/75 109/2/88
f 91/2/75 108/5/87 89/6/74
f 109/2/16 100/2/16 102/2/16
f 100/2/16 109/2/16 110/2/16
f 110/2/16 109/2/16 91/2/16
f 110/2/16 91/2/16 95/2/16
f 95/2/16 91/2/16 90/2/16
f 95/2/16 90/2/16 96/2/16
f 111/4/13 104/4/85 103/4/84
f 104/4/85 111/4/13 105/4/14
f 112/3/89 111/4/13 103/4/84
f 111/4/13 112/3/89 113/3/11
f 113/3/11 98/1/79 94/1/12
f 98/1/79 113/3/11 112/3/89
f 97/6/78 110/2/90 95/2/77
f 110/2/90 97/6/78 114/5/91
f 114/5/91 103/4/84 101/7/82
f 103/4/84 114/5/91 112/3/89
f 114/5/91 100/2/81 110/2/90
f 100/2/81 114/5/91 101/7/82
f 98/1/79 114/5/91 97/6/78
f 114/5/91 98/1/79 112/3/89
f 90/2/57 94/1/57 96/2/57
f 94/1/57 90/2/57 113/3/57
f 113/3/57 90/2/57 111/4/57
f 111/4/57 90/2/57 105/4/57
f 105/4/57 90/2/57 107/3/57
f 107/3/57 90/2/57 92/1/57
f 115/15/92 116/16/93 117/15/93
f 116/16/93 115/15/92 118/16/92
f 119/16/94 120/15/95 121/15/94
f 120/15/95 119/16/94 122/16/95
f 123/16/96 124/15/97 125/16/97
f 124/15/97 123/16/96 126/15/96
f 124/15/97 127/16/98 125/16/97
f 127/16/98 124/15/97 128/15/98
f 121/15/94 129/16/99 119/16/94
f 129/16/99 121/15/94 130/15/99
f 126/15/96 118/16/92 115/15/92
f 118/16/92 126/15/96 123/16/96
f 127/16/98 120/15/95 122/16/95
f 120/15/95 127/16/98 128/15/98
f 129/16/99 117/15/93 116/16/93
f 117/15/93 129/16/99 130/15/99
f 123/16/100 116/16/100 118/16/100
f 116/16/100 123/16/100 131/16/100
f 131/16/100 123/16/100 132/16/100
f 133/16/100 116/16/100 131/16/100
f 132/16/100 123/16/100 125/16/100
f 132/16/100 125/16/100 134/16/100
f 116/16/100 133/16/100 129/16/100
f 129/16/100 133/16/100 135/16/100
f 129/16/100 135/16/100 136/16/100
f 134/16/100 125/16/100 127/16/100
f 129/16/100 136/16/100 119/16/100
f 134/16/100 127/16/100 137/16/100
f 119/16/100 136/16/100 138/16/100
f 137/16/100 127/16/100 138/16/100
f 119/16/100 138/16/100 127/16/100
f 119/16/100 127/16/100 122/16/100
f 139/2/100 140/2/100 141/2/100
f 140/2/100 139/2/100 142/2/100
f 142/2/100 139/2/100 143/2/100
f 142/2/100 143/2/100 144/2/100
f 142/2/100 144/2/100 145/2/100
f 145/2/100 144/2/100 146/2/100
f 142/2/101 133/16/102 140/2/102
f 133/16/102 142/2/101 135/16/101
f 136/16/103 142/2/101 145/2/103
f 142/2/101 136/16/103 135/16/101
f 131/16/104 140/2/102 133/16/102
f 140/2/102 131/16/104 141/2/104
f 132/16/105 141/2/104 131/16/104
f 141/2/104 132/16/105 139/2/105
f 145/2/103 138/16/106 136/16/103
f 138/16/106 145/2/103 146/2/106
f 143/2/107 137/16/108 144/2/108
f 137/16/108 143/2/107 134/16/107
f 132/16/105 143/2/107 139/2/105
f 143/2/107 132/16/105 134/16/107
f 146/2/106 137/16/108 138/16/106
f 137/16/108 146/2/106 144/2/108
f 147/15/92 148/16/93 149/15/93
f 148/16/93 147/15/92 150/16/92
f 151/16/94 152/15/95 153/15/94
f 152/15/95 151/16/94 154/16/95
f 155/15/96 156/16/97 157/16/96
f 156/16/97 155/15/96 158/15/97
f 156/16/97 159/15/98 160/16/98
f 159/15/98 156/16/97 158/15/97
f 153/15/94 161/16/99 151/16/94
f 161/16/99 153/15/94 162/15/99
f 147/15/92 157/16/96 150/16/92
f 157/16/96 147/15/92 155/15/96
f 160/16/98 152/15/95 154/16/95
f 152/15/95 160/16/98 159/15/98
f 162/15/99 148/16/93 161/16/99
f 148/16/93 162/15/99 149/15/93
f 163/2/100 164/2/100 165/2/100
f 164/2/100 163/2/100 166/2/100
f 164/2/100 166/2/100 167/2/100
f 167/2/100 166/2/100 168/2/100
f 167/2/100 168/2/100 169/2/100
f 169/2/100 168/2/100 170/2/100
f 157/16/100 148/16/100 150/16/100
f 148/16/100 157/16/100 171/16/100
f 171/16/100 157/16/100 172/16/100
f 173/16/100 148/16/100 171/16/100
f 172/16/100 157/16/100 156/16/100
f 172/16/100 156/16/100 174/16/100
f 148/16/100 173/16/100 161/16/100
f 161/16/100 173/16/100 175/16/100
f 161/16/100 175/16/100 176/16/100
f 174/16/100 156/16/100 160/16/100
f 161/16/100 176/16/100 151/16/100
f 174/16/100 160/16/100 177/16/100
f 151/16/100 176/16/100 178/16/100
f 177/16/100 160/16/100 178/16/100
f 151/16/100 178/16/100 160/16/100
f 151/16/100 160/16/100 154/16/100
f 176/16/103 167/2/101 169/2/103
f 167/2/101 176/16/103 175/16/101
f 172/16/105 165/2/104 171/16/104
f 165/2/104 172/16/105 163/2/105
f 171/16/104 164/2/102 173/16/102
f 164/2/102 171/16/104 165/2/104
f 169/2/103 178/16/106 176/16/103
f 178/16/106 169/2/103 170/2/106
f 166/2/107 177/16/108 168/2/108
f 177/16/108 166/2/107 174/16/107
f 168/2/108 178/16/106 170/2/106
f 178/16/106 168/2/108 177/16/108
f 172/16/105 166/2/107 163/2/105
f 166/2/107 172/16/105 174/16/107
f 167/2/101 173/16/102 164/2/102
f 173/16/102 167/2/101 175/16/101
f 179/2/57 180/4/57 181/2/57
f 180/4/57 179/2/57 182/4/57
f 180/4/11 183/2/109 181/2/109
f 183/2/109 180/4/11 184/4/11
f 185/4/1 183/2/1 184/4/1
f 183/2/1 185/4/1 186/2/1
f 185/4/23 179/2/110 186/2/110
f 179/2/110 185/4/23 182/4/23
f 180/4/11 185/4/23 184/4/11
f 185/4/23 180/4/11 182/4/23
f 179/2/110 183/2/109 186/2/110
f 183/2/109 179/2/110 181/2/109
f 187/2/57 188/4/57 189/2/57
f 188/4/57 187/2/57 190/4/57
f 188/4/11 191/2/109 189/2/109
f 191/2/109 188/4/11 192/4/11
f 193/4/1 191/2/1 192/4/1
f 191/2/1 193/4/1 194/2/1
f 193/4/23 187/2/110 194/2/110
f 187/2/110 193/4/23 190/4/23
f 188/4/11 193/4/23 192/4/11
f 193/4/23 188/4/11 190/4/23
f 187/2/110 191/2/109 194/2/110
f 191/2/109 187/2/110 189/2/109
f 195/2/16 196/2/16 197/2/16
f 196/2/16 195/2/16 198/2/16
f 198/2/57 199/4/57 196/2/57
f 199/4/57 198/2/57 200/4/57
f 201/4/28 198/2/28 195/2/28
f 198/2/28 201/4/28 200/4/28
f 199/4/27 197/2/27 196/2/27
f 197/2/27 199/4/27 202/4/27
f 201/4/1 197/2/1 202/4/1
f 197/2/1 201/4/1 195/2/1
f 199/4/52 201/4/52 202/4/52
f 201/4/52 199/4/52 200/4/52
f 203/2/111 204/4/57 205/2/57
f 204/4/57 203/2/111 206/4/111
f 204/4/27 207/2/27 205/2/27
f 207/2/27 204/4/27 208/4/27
f 209/4/112 210/2/113 211/2/112
f 210/2/113 209/4/112 212/4/113
f 213/4/114 207/2/1 208/4/1
f 207/2/1 213/4/114 214/2/114
f 215/4/115 211/2/112 216/2/115
f 211/2/112 215/4/115 209/4/112
f 215/4/115 214/2/114 213/4/114
f 214/2/114 215/4/115 216/2/115
f 217/2/116 206/4/111 203/2/111
f 206/4/111 217/2/116 218/4/116
f 212/4/113 217/2/116 210/2/113
f 217/2/116 212/4/113 218/4/116
f 204/4/52 213/4/52 208/4/52
f 213/4/52 204/4/52 215/4/52
f 215/4/52 204/4/52 209/4/52
f 209/4/52 204/4/52 212/4/52
f 212/4/52 204/4/52 218/4/52
f 218/4/52 204/4/52 206/4/52
f 216/2/16 207/2/16 214/2/16
f 207/2/16 216/2/16 205/2/16
f 205/2/16 216/2/16 211/2/16
f 205/2/16 211/2/16 210/2/16
f 205/2/16 210/2/16 217/2/16
f 205/2/16 217/2/16 203/2/16
f 219/4/27 220/2/27 221/2/27
f 220/2/27 219/4/27 222/4/27
f 223/4/28 224/2/28 225/2/28
f 224/2/28 223/4/28 226/4/28
f 223/4/1 220/2/1 222/4/1
f 220/2/1 223/4/1 225/2/1
f 219/4/52 223/4/52 222/4/52
f 223/4/52 219/4/52 226/4/52
f 224/2/57 219/4/57 221/2/57
f 219/4/57 224/2/57 226/4/57
f 225/2/16 221/2/16 220/2/16
f 221/2/16 225/2/16 224/2/16
f 227/17/117 228/18/118 229/18/118
f 228/18/118 227/17/117 230/17/117
f 231/19/119 232/20/120 233/20/120
f 232/20/120 231/19/119 234/19/119
f 228/18/121 232/20/121 229/18/121
f 232/20/121 228/18/121 233/20/121
f 228/18/122 231/19/122 233/20/122
f 231/19/122 228/18/122 235/21/122
f 236/22/122 235/21/122 228/18/122
f 235/21/122 236/22/122 237/23/122
f 236/22/122 228/18/122 230/17/122
f 236/22/122 230/17/122 238/24/122
f 237/23/123 239/22/123 240/23/123
f 239/22/123 237/23/123 236/22/123
f 239/22/124 238/24/125 241/24/125
f 238/24/125 239/22/124 236/22/124
f 237/23/126 242/21/127 235/21/127
f 242/21/127 237/23/126 240/23/126
f 235/21/127 234/19/119 231/19/119
f 234/19/119 235/21/127 242/21/127
f 241/24/125 230/17/117 227/17/117
f 230/17/117 241/24/125 238/24/125
f 239/22/128 242/21/128 240/23/128
f 242/21/128 239/22/128 234/19/128
f 229/18/128 234/19/128 239/22/128
f 234/19/128 229/18/128 232/20/128
f 229/18/128 239/22/128 241/24/128
f 229/18/128 241/24/128 227/17/128
f 243/17/117 244/18/118 245/18/118
f 244/18/118 243/17/117 246/17/117
f 247/19/119 248/20/120 249/20/120
f 248/20/120 247/19/119 250/19/119
f 244/18/121 248/20/121 245/18/121
f 248/20/121 244/18/121 249/20/121
f 244/18/122 247/19/122 249/20/122
f 247/19/122 244/18/122 251/21/122
f 252/22/122 251/21/122 244/18/122
f 251/21/122 252/22/122 253/23/122
f 252/22/122 244/18/122 246/17/122
f 252/22/122 246/17/122 254/24/122
f 253/23/123 255/22/123 256/23/123
f 255/22/123 253/23/123 252/22/123
f 255/22/124 254/24/125 257/24/125
f 254/24/125 255/22/124 252/22/124
f 253/23/126 258/21/127 251/21/127
f 258/21/127 253/23/126 256/23/126
f 251/21/127 250/19/119 247/19/119
f 250/19/119 251/21/127 258/21/127
f 257/24/125 246/17/117 243/17/117
f 246/17/117 257/24/125 254/24/125
f 255/22/128 258/21/128 256/23/128
f 258/21/128 255/22/128 250/19/128
f 245/18/128 250/19/128 255/22/128
f 250/19/128 245/18/128 248/20/128
f 245/18/128 255/22/128 257/24/128
f 245/18/128 257/24/128 243/17/128
f 259/18/16 260/18/16 261/18/16
f 260/18/16 259/18/16 262/18/16
f 259/18/57 263/25/57 262/18/57
f 263/25/57 259/18/57 264/26/57
f 264/26/57 259/18/57 265/27/129
f 265/27/129 259/18/57 266/28/130
f 267/29/27 263/25/27 268/25/27
f 267/29/27 262/18/27 263/25/27
f 262/18/27 267/29/27 260/18/27
f 269/29/27 260/18/27 267/29/27
f 260/18/27 269/29/27 270/25/27
f 270/25/27 269/29/27 271/25/27
f 267/29/131 272/30/131 269/29/131
f 272/30/131 267/29/131 273/30/131
f 271/25/132 274/26/132 270/25/132
f 274/26/132 271/25/132 275/26/132
f 272/30/57 271/25/57 269/29/57
f 271/25/57 272/30/57 275/26/57
f 263/25/132 276/26/132 268/25/132
f 276/26/132 263/25/132 264/26/132
f 276/26/1 267/29/1 268/25/1
f 267/29/1 276/26/1 273/30/1
f 274/26/1 260/18/1 270/25/1
f 260/18/1 274/26/1 261/18/1
f 261/18/1 274/26/1 277/27/133
f 261/18/1 277/27/133 278/28/134
f 266/28/130 279/31/135 265/27/129
f 279/31/135 266/28/130 280/32/136
f 279/31/135 281/29/137 282/33/138
f 281/29/137 279/31/135 280/32/136
f 283/31/139 278/28/134 277/27/133
f 278/28/134 283/31/139 284/32/140
f 285/33/141 284/32/140 283/31/139
f 284/32/140 285/33/141 286/29/142
f 284/32/110 261/18/110 278/28/110
f 261/18/110 284/32/110 259/18/110
f 259/18/110 284/32/110 286/29/142
f 259/18/110 286/29/142 281/29/137
f 259/18/110 281/29/137 280/32/110
f 259/18/110 280/32/110 266/28/110
f 265/27/143 276/26/143 264/26/143
f 276/26/143 265/27/143 275/26/143
f 272/30/143 276/26/143 275/26/143
f 276/26/143 272/30/143 273/30/143
f 275/26/143 265/27/143 274/26/143
f 274/26/143 265/27/143 277/27/143
f 277/27/143 265/27/143 279/31/143
f 277/27/143 279/31/143 283/31/143
f 283/31/143 279/31/143 282/33/143
f 283/31/143 282/33/143 285/33/143
f 287/34/144 288/34/144 289/34/144
f 288/34/144 287/34/144 290/34/144
f 288/34/144 290/34/144 291/34/144
f 291/34/144 290/34/144 292/34/144
f 291/34/144 292/34/144 293/34/144
f 293/34/144 292/34/144 294/34/144
f 295/34/144 296/34/144 297/34/144
f 296/34/144 295/34/144 298/34/144
f 296/34/144 298/34/144 299/34/144
f 299/34/144 298/34/144 300/34/144
f 299/34/144 300/34/144 301/34/144
f 301/34/144 300/34/144 302/34/144
f 303/35/145 294/36/146 304/35/147
f 294/36/146 303/35/145 293/36/148
f 304/35/147 292/36/149 305/35/150
f 292/36/149 304/35/147 294/36/146
f 291/36/151 303/35/145 306/35/152
f 303/35/145 291/36/151 293/36/148
f 290/36/153 307/35/154 308/35/155
f 307/35/154 290/36/153 287/36/156
f 305/35/150 290/36/153 308/35/155
f 290/36/153 305/35/150 292/36/149
f 309/35/157 291/36/151 306/35/152
f 291/36/151 309/35/157 288/36/158
f 287/36/156 310/35/159 307/35/154
f 310/35/159 287/36/156 289/36/160
f 289/36/160 309/35/157 310/35/159
f 309/35/157 289/36/160 288/36/158
f 306/35/152 128/37/161 124/37/162
f 128/37/161 306/35/152 303/35/145
f 307/35/154 115/37/1 117/37/163
f 115/37/1 307/35/154 310/35/159
f 308/35/155 117/37/163 130/37/164
f 117/37/163 308/35/155 307/35/154
f 120/37/57 305/35/150 121/37/165
f 305/35/150 120/37/57 304/35/147
f 120/37/57 303/35/145 304/35/147
f 303/35/145 120/37/57 128/37/161
f 126/37/166 306/35/152 124/37/162
f 306/35/152 126/37/166 309/35/157
f 121/37/165 308/35/155 130/37/164
f 308/35/155 121/37/165 305/35/150
f 309/35/157 115/37/1 310/35/159
f 115/37/1 309/35/157 126/37/166
f 311/35/145 302/36/146 312/35/147
f 302/36/146 311/35/145 301/36/148
f 312/35/147 300/36/149 313/35/150
f 300/36/149 312/35/147 302/36/146
f 299/36/151 311/35/145 314/35/152
f 311/35/145 299/36/151 301/36/148
f 298/36/153 315/35/154 316/35/155
f 315/35/154 298/36/153 295/36/156
f 313/35/150 298/36/153 316/35/155
f 298/36/153 313/35/150 300/36/149
f 317/35/157 299/36/151 314/35/152
f 299/36/151 317/35/157 296/36/158
f 295/36/156 318/35/159 315/35/154
f 318/35/159 295/36/156 297/36/160
f 297/36/160 317/35/157 318/35/159
f 317/35/157 297/36/160 296/36/158
f 314/35/152 159/37/161 158/37/162
f 159/37/161 314/35/152 311/35/145
f 315/35/154 147/37/1 149/37/163
f 147/37/1 315/35/154 318/35/159
f 162/37/164 315/35/154 149/37/163
f 315/35/154 162/37/164 316/35/155
f 152/37/57 313/35/150 153/37/165
f 313/35/150 152/37/57 312/35/147
f 152/37/57 311/35/145 312/35/147
f 311/35/145 152/37/57 159/37/161
f 155/37/166 314/35/152 158/37/162
f 314/35/152 155/37/166 317/35/157
f 313/35/150 162/37/164 153/37/165
f 162/37/164 313/35/150 316/35/155
f 317/35/157 147/37/1 318/35/159
f 147/37/1 317/35/157 155/37/166
f 282/38/138 286/39/142 285/38/141
f 286/39/142 282/38/138 281/39/137
f 1/1/1 2/2/1 3/3/1
f 3/3/1 2/2/1 4/4/1
f 4/4/1 2/2/1 5/4/1
f 5/4/1 2/2/1 6/3/1
f 6/3/1 2/2/1 7/1/1
f 8/2/1 7/1/1 2/2/1
f 9/3/2 10/1/3 11/5/4
f 12/6/5 11/5/4 10/1/3
f 13/7/6 11/5/4 14/2/7
f 15/2/8 14/2/7 11/5/4
f 9/3/2 11/5/4 16/4/9
f 13/7/6 16/4/9 11/5/4
f 11/5/4 12/6/5 15/2/8
f 17/2/10 15/2/8 12/6/5
f 9/3/2 6/3/11 10/1/3
f 7/1/12 10/1/3 6/3/11
f 6/3/11 9/3/2 5/4/13
f 16/4/9 5/4/13 9/3/2
f 4/4/14 5/4/13 18/4/15
f 16/4/9 18/4/15 5/4/13
f 8/2/16 2/2/16 17/2/16
f 2/2/16 19/2/16 17/2/16
f 17/2/16 19/2/16 15/2/16
f 19/2/16 20/2/16 15/2/16
f 15/2/16 20/2/16 14/2/16
f 21/2/16 14/2/16 20/2/16
f 22/6/17 23/5/18 19/2/19
f 20/2/20 19/2/19 23/5/18
f 24/3/21 25/1/22 3/3/23
f 1/1/24 3/3/23 25/1/22
f 24/3/21 23/5/18 25/1/22
f 22/6/17 25/1/22 23/5/18
f 23/5/18 26/7/25 20/2/20
f 21/2/26 20/2/20 26/7/25
f 24/3/21 18/4/15 23/5/18
f 26/7/25 23/5/18 18/4/15
f 3/3/23 4/4/14 24/3/21
f 18/4/15 24/3/21 4/4/14
f 18/4/15 16/4/9 26/7/25
f 13/7/6 26/7/25 16/4/9
f 21/2/26 26/7/25 14/2/7
f 13/7/6 14/2/7 26/7/25
f 10/1/3 7/1/12 12/6/5
f 12/6/5 7/1/12 17/2/10
f 8/2/27 17/2/10 7/1/12
f 25/1/22 22/6/17 1/1/24
f 1/1/24 22/6/17 2/2/28
f 19/2/19 2/2/28 22/6/17
f 27/7/29 28/2/30 29/7/31
f 28/2/30 27/7/29 30/2/32
f 31/2/16 32/2/16 33/2/16
f 34/2/16 32/2/16 31/2/16
f 35/2/16 32/2/16 34/2/16
f 36/2/16 32/2/16 35/2/16
f 36/2/16 37/2/16 32/2/16
f 38/2/16 37/2/16 36/2/16
f 37/2/16 38/2/16 39/2/16
f 40/2/16 39/2/16 38/2/16
f 41/2/16 39/2/16 40/2/16
f 42/2/16 39/2/16 41/2/16
f 28/2/16 39/2/16 42/2/16
f 39/2/16 28/2/16 30/2/16
f 43/1/33 41/2/34 40/2/27
f 41/2/34 43/1/33 44/6/35
f 44/6/35 43/1/33 45/1/36
f 46/4/37 29/7/31 47/4/38
f 29/7/31 46/4/37 27/7/29
f 48/7/39 37/2/40 39/2/41
f 37/2/40 48/7/39 49/7/42
f 50/4/27 38/2/27 36/2/27
f 38/2/27 50/4/27 51/4/27
f 52/4/43 49/7/42 48/7/39
f 49/7/42 52/4/43 53/4/44
f 54/6/45 35/2/27 34/2/46
f 35/2/27 54/6/45 55/1/33
f 55/1/33 54/6/45 56/1/47
f 52/4/43 27/7/29 46/4/37
f 27/7/29 52/4/43 48/7/39
f 53/4/44 57/7/48 49/7/42
f 57/7/48 53/4/44 58/4/49
f 49/7/42 32/2/50 37/2/40
f 32/2/50 49/7/42 57/7/48
f 48/7/39 30/2/32 27/7/29
f 30/2/32 48/7/39 39/2/41
f 59/4/51 50/4/52 60/4/53
f 58/4/49 50/4/52 59/4/51
f 53/4/44 50/4/52 58/4/49
f 53/4/44 51/4/52 50/4/52
f 52/4/43 51/4/52 53/4/44
f 52/4/43 61/4/53 51/4/52
f 46/4/37 61/4/53 52/4/43
f 61/4/53 46/4/37 47/4/38
f 29/7/31 42/2/54 62/5/55
f 42/2/54 29/7/31 28/2/30
f 63/3/56 61/4/53 47/4/38
f 61/4/53 63/3/56 64/3/11
f 64/3/11 45/1/36 43/1/33
f 45/1/36 64/3/11 63/3/56
f 44/6/35 42/2/54 41/2/34
f 42/2/54 44/6/35 62/5/55
f 47/4/38 62/5/55 63/3/56
f 62/5/55 47/4/38 29/7/31
f 45/1/36 62/5/55 44/6/35
f 62/5/55 45/1/36 63/3/56
f 38/2/57 43/1/57 40/2/57
f 43/1/57 38/2/57 64/3/57
f 64/3/57 38/2/57 61/4/57
f 61/4/57 38/2/57 51/4/57
f 32/2/50 65/7/58 33/2/59
f 65/7/58 32/2/50 57/7/48
f 57/7/48 59/4/51 65/7/58
f 59/4/51 57/7/48 58/4/49
f 56/1/47 66/3/11 55/1/33
f 66/3/11 56/1/47 67/3/60
f 33/2/59 68/5/61 31/2/62
f 68/5/61 33/2/59 65/7/58
f 65/7/58 67/3/60 68/5/61
f 67/3/60 65/7/58 59/4/51
f 68/5/61 34/2/46 31/2/62
f 34/2/46 68/5/61 54/6/45
f 68/5/61 56/1/47 54/6/45
f 56/1/47 68/5/61 67/3/60
f 67/3/60 60/4/53 66/3/11
f 60/4/53 67/3/60 59/4/51
f 66/3/1 35/2/1 55/1/1
f 35/2/1 66/3/1 36/2/1
f 36/2/1 66/3/1 60/4/1
f 36/2/1 60/4/1 50/4/1
f 69/2/63 70/2/64 71/2/63
f 70/2/64 69/2/63 72/2/64
f 73/8/57 74/9/57 75/10/57
f 74/9/57 73/8/57 72/2/57
f 74/9/57 72/2/57 76/11/57
f 76/11/57 72/2/57 69/2/57
f 76/11/57 69/2/57 77/12/57
f 77/12/57 69/2/57 78/4/57
f 78/4/57 69/2/57 79/13/57
f 79/13/57 69/2/57 80/14/57
f 81/9/1 82/8/1 83/10/1
f 82/8/1 81/9/1 70/2/1
f 70/2/1 81/9/1 84/11/1
f 70/2/1 84/11/1 71/2/1
f 71/2/1 84/11/1 85/12/1
f 71/2/1 85/12/1 86/4/1
f 71/2/1 86/4/1 87/13/1
f 71/2/1 87/13/1 88/14/1
f 76/11/65 81/9/66 74/9/66
f 81/9/66 76/11/65 84/11/65
f 76/11/65 85/12/67 84/11/65
f 85/12/67 76/11/65 77/12/67
f 77/12/67 86/4/68 85/12/67
f 86/4/68 77/12/67 78/4/68
f 74/9/66 83/10/69 75/10/69
f 83/10/69 74/9/66 81/9/66
f 72/2/64 82/8/70 70/2/64
f 82/8/70 72/2/64 73/8/70
f 75/10/69 82/8/70 73/8/70
f 82/8/70 75/10/69 83/10/69
f 88/14/71 69/2/72 71/2/72
f 69/2/72 88/14/71 80/14/71
f 78/4/68 87/13/73 86/4/68
f 87/13/73 78/4/68 79/13/73
f 87/13/73 80/14/71 88/14/71
f 80/14/71 87/13/73 79/13/73
f 89/6/74 90/2/28 91/2/75
f 90/2/28 89/6/74 92/1/24
f 92/1/24 89/6/74 93/1/76
f 94/1/12 95/2/77 96/2/27
f 95/2/77 94/1/12 97/6/78
f 97/6/78 94/1/12 98/1/79
f 99/7/80 100/2/81 101/7/82
f 100/2/81 99/7/80 102/2/83
f 103/4/84 99/7/80 101/7/82
f 99/7/80 103/4/84 104/4/85
f 105/4/14 106/3/86 104/4/85
f 106/3/86 105/4/14 107/3/23
f 104/4/85 108/5/87 99/7/80
f 108/5/87 104/4/85 106/3/86
f 99/7/80 109/2/88 102/2/83
f 109/2/88 99/7/80 108/5/87
f 108/5/87 93/1/76 89/6/74
f 93/1/76 108/5/87 106/3/86
f 93/1/76 107/3/23 92/1/24
f 107/3/23 93/1/76 106/3/86
f 108/5/87 91/2/75 109/2/88
f 91/2/75 108/5/87 89/6/74
f 109/2/16 100/2/16 102/2/16
f 100/2/16 109/2/16 110/2/16
f 110/2/16 109/2/16 91/2/16
f 110/2/16 91/2/16 95/2/16
f 95/2/16 91/2/16 90/2/16
f 95/2/16 90/2/16 96/2/16
f 111/4/13 104/4/85 103/4/84
f 104/4/85 111/4/13 105/4/14
f 112/3/89 111/4/13 103/4/84
f 111/4/13 112/3/89 113/3/11
f 113/3/11 98/1/79 94/1/12
f 98/1/79 113/3/11 112/3/89
f 97/6/78 110/2/90 95/2/77
f 110/2/90 97/6/78 114/5/91
f 114/5/91 103/4/84 101/7/82
f 103/4/84 114/5/91 112/3/89
f 114/5/91 100/2/81 110/2/90
f 100/2/81 114/5/91 101/7/82
f 98/1/79 114/5/91 97/6/78
f 114/5/91 98/1/79 112/3/89
f 90/2/57 94/1/57 96/2/57
f 94/1/57 90/2/57 113/3/57
f 113/3/57 90/2/57 111/4/57
f 111/4/57 90/2/57 105/4/57
f 105/4/57 90/2/57 107/3/57
f 107/3/57 90/2/57 92/1/57
f 115/15/92 116/16/93 117/15/93
f 116/16/93 115/15/92 118/16/92
f 119/16/94 120/15/95 121/15/94
f 120/15/95 119/16/94 122/16/95
f 123/16/96 124/15/97 125/16/97
f 124/15/97 123/16/96 126/15/96
f 124/15/97 127/16/98 125/16/97
f 127/16/98 124/15/97 128/15/98
f 121/15/94 129/16/99 119/16/94
f 129/16/99 121/15/94 130/15/99
f 126/15/96 118/16/92 115/15/92
f 118/16/92 126/15/96 123/16/96
f 127/16/98 120/15/95 122/16/95
f 120/15/95 127/16/98 128/15/98
f 129/16/99 117/15/93 116/16/93
f 117/15/93 129/16/99 130/15/99
f 123/16/100 116/16/100 118/16/100
f 116/16/100 123/16/100 131/16/100
f 131/16/100 123/16/100 132/16/100
f 133/16/100 116/16/100 131/16/100
f 132/16/100 123/16/100 125/16/100
f 132/16/100 125/16/100 134/16/100
f 116/16/100 133/16/100 129/16/100
f 129/16/100 133/16/100 135/16/100
f 129/16/100 135/16/100 136/16/100
f 134/16/100 125/16/100 127/16/100
f 129/16/100 136/16/100 119/16/100
f 134/16/100 127/16/100 137/16/100
f 119/16/100 136/16/100 138/16/100
f 137/16/100 127/16/100 138/16/100
f 119/16/100 138/16/100 127/16/100
f 119/16/100 127/16/100 122/16/100
f 139/2/100 140/2/100 141/2/100
f 140/2/100 139/2/100 142/2/100
f 142/2/100 139/2/100 143/2/100
f 142/2/100 143/2/100 144/2/100
f 142/2/100 144/2/100 145/2/100
f 145/2/100 144/2/100 146/2/100
f 142/2/101 133/16/102 140/2/102
f 133/16/102 142/2/101 135/16/101
f 136/16/103 142/2/101 145/2/103
f 142/2/101 136/16/103 135/16/101
f 131/16/104 140/2/102 133/16/102
f 140/2/102 131/16/104 141/2/104
f 132/16/105 141/2/104 131/16/104
f 141/2/104 132/16/105 139/2/105
f 145/2/103 138/16/106 136/16/103
f 138/16/106 145/2/103 146/2/106
f 143/2/107 137/16/108 144/2/108
f 137/16/108 143/2/107 134/16/107
f 132/16/105 143/2/107 139/2/105
f 143/2/107 132/16/105 134/16/107
f 146/2/106 137/16/108 138/16/106
f 137/16/108 146/2/106 144/2/108
f 147/15/92 148/16/93 149/15/93
f 148/16/93 147/15/92 150/16/92
f 151/16/94 152/15/95 153/15/94
f 152/15/95 151/16/94 154/16/95
f 155/15/96 156/16/97 157/16/96
f 156/16/97 155/15/96 158/15/97
f 156/16/97 159/15/98 160/16/98
f 159/15/98 156/16/97 158/15/97
f 153/15/94 161/16/99 151/16/94
f 161/16/99 153/15/94 162/15/99
f 147/15/92 157/16/96 150/16/92
f 157/16/96 147/15/92 155/15/96
f 160/16/98 152/15/95 154/16/95
f 152/15/95 160/16/98 159/15/98
f 162/15/99 148/16/93 161/16/99
f 148/16/93 162/15/99 149/15/93
f 163/2/100 164/2/100 165/2/100
f 164/2/100 163/2/100 166/2/100
f 164/2/100 166/2/100 167/2/100
f 167/2/100 166/2/100 168/2/100
f 167/2/100 168/2/100 169/2/100
f 169/2/100 168/2/100 170/2/100
f 157/16/100 148/16/100 150/16/100
f 148/16/100 157/16/100 171/16/100
f 171/16/100 157/16/100 172/16/100
f 173/16/100 148/16/100 171/16/100
f 172/16/100 157/16/100 156/16/100
f 172/16/100 156/16/100 174/16/100
f 148/16/100 173/16/100 161/16/100
f 161/16/100 173/16/100 175/16/100
f 161/16/100 175/16/100 176/16/100
f 174/16/100 156/16/100 160/16/100
f 161/16/100 176/16/100 151/16/100
f 174/16/100 160/16/100 177/16/100
f 151/16/100 176/16/100 178/16/100
f 177/16/100 160/16/100 178/16/100
f 151/16/100 178/16/100 160/16/100
f 151/16/100 160/16/100 154/16/100
f 176/16/103 167/2/101 169/2/103
f 167/2/101 176/16/103 175/16/101
f 172/16/105 165/2/104 171/16/104
f 165/2/104 172/16/105 163/2/105
f 171/16/104 164/2/102 173/16/102
f 164/2/102 171/16/104 165/2/104
f 169/2/103 178/16/106 176/16/103
f 178/16/106 169/2/103 170/2/106
f 166/2/107 177/16/108 168/2/108
f 177/16/108 166/2/107 174/16/107
f 168/2/108 178/16/106 170/2/106
f 178/16/106 168/2/108 177/16/108
f 172/16/105 166/2/107 163/2/105
f 166/2/107 172/16/105 174/16/107
f 167/2/101 173/16/102 164/2/102
f 173/16/102 167/2/101 175/16/101
f 179/2/57 180/4/57 181/2/57
f 180/4/57 179/2/57 182/4/57
f 180/4/11 183/2/109 181/2/109
f 183/2/109 180/4/11 184/4/11
f 185/4/1 183/2/1 184/4/1
f 183/2/1 185/4/1 186/2/1
f 185/4/23 179/2/110 186/2/110
f 179/2/110 185/4/23 182/4/23
f 180/4/11 185/4/23 184/4/11
f 185/4/23 180/4/11 182/4/23
f 179/2/110 183/2/109 186/2/110
f 183/2/109 179/2/110 181/2/109
f 187/2/57 188/4/57 189/2/57
f 188/4/57 187/2/57 190/4/57
f 188/4/11 191/2/109 189/2/109
f 191/2/109 188/4/11 192/4/11
f 193/4/1 191/2/1 192/4/1
f 191/2/1 193/4/1 194/2/1
f 193/4/23 187/2/110 194/2/110
f 187/2/110 193/4/23 190/4/23
f 188/4/11 193/4/23 192/4/11
f 193/4/23 188/4/11 190/4/23
f 187/2/110 191/2/109 194/2/110
f 191/2/109 187/2/110 189/2/109
f 195/2/16 196/2/16 197/2/16
f 196/2/16 195/2/16 198/2/16
f 198/2/57 199/4/57 196/2/57
f 199/4/57 198/2/57 200/4/57
f 201/4/28 198/2/28 195/2/28
f 198/2/28 201/4/28 200/4/28
f 199/4/27 197/2/27 196/2/27
f 197/2/27 199/4/27 202/4/27
f 201/4/1 197/2/1 202/4/1
f 197/2/1 201/4/1 195/2/1
f 199/4/52 201/4/52 202/4/52
f 201/4/52 199/4/52 200/4/52
f 203/2/111 204/4/57 205/2/57
f 204/4/57 203/2/111 206/4/111
f 204/4/27 207/2/27 205/2/27
f 207/2/27 204/4/27 208/4/27
f 209/4/112 210/2/113 211/2/112
f 210/2/113 209/4/112 212/4/113
f 213/4/114 207/2/1 208/4/1
f 207/2/1 213/4/114 214/2/114
f 215/4/115 211/2/112 216/2/115
f 211/2/112 215/4/115 209/4/112
f 215/4/115 214/2/114 213/4/114
f 214/2/114 215/4/115 216/2/115
f 217/2/116 206/4/111 203/2/111
f 206/4/111 217/2/116 218/4/116
f 212/4/113 217/2/116 210/2/113
f 217/2/116 212/4/113 218/4/116
f 204/4/52 213/4/52 208/4/52
f 213/4/52 204/4/52 215/4/52
f 215/4/52 204/4/52 209/4/52
f 209/4/52 204/4/52 212/4/52
f 212/4/52 204/4/52 218/4/52
f 218/4/52 204/4/52 206/4/52
f 216/2/16 207/2/16 214/2/16
f 207/2/16 216/2/16 205/2/16
f 205/2/16 216/2/16 211/2/16
f 205/2/16 211/2/16 210/2/16
f 205/2/16 210/2/16 217/2/16
f 205/2/16 217/2/16 203/2/16
f 219/4/27 220/2/27 221/2/27
f 220/2/27 219/4/27 222/4/27
f 223/4/28 224/2/28 225/2/28
f 224/2/28 223/4/28 226/4/28
f 223/4/1 220/2/1 222/4/1
f 220/2/1 223/4/1 225/2/1
f 219/4/52 223/4/52 222/4/52
f 223/4/52 219/4/52 226/4/52
f 224/2/57 219/4/57 221/2/57
f 219/4/57 224/2/57 226/4/57
f 225/2/16 221/2/16 220/2/16
f 221/2/16 225/2/16 224/2/16
f 227/17/117 228/18/118 229/18/118
f 228/18/118 227/17/117 230/17/117
f 231/19/119 232/20/120 233/20/120
f 232/20/120 231/19/119 234/19/119
f 228/18/121 232/20/121 229/18/121
f 232/20/121 228/18/121 233/20/121
f 228/18/122 231/19/122 233/20/122
f 231/19/122 228/18/122 235/21/122
f 236/22/122 235/21/122 228/18/122
f 235/21/122 236/22/122 237/23/122
f 236/22/122 228/18/122 230/17/122
f 236/22/122 230/17/122 238/24/122
f 237/23/123 239/22/123 240/23/123
f 239/22/123 237/23/123 236/22/123
f 239/22/124 238/24/125 241/24/125
f 238/24/125 239/22/124 236/22/124
f 237/23/126 242/21/127 235/21/127
f 242/21/127 237/23/126 240/23/126
f 235/21/127 234/19/119 231/19/119
f 234/19/119 235/21/127 242/21/127
f 241/24/125 230/17/117 227/17/117
f 230/17/117 241/24/125 238/24/125
f 239/22/128 242/21/128 240/23/128
f 242/21/128 239/22/128 234/19/128
f 229/18/128 234/19/128 239/22/128
f 234/19/128 229/18/128 232/20/128
f 229/18/128 239/22/128 241/24/128
f 229/18/128 241/24/128 227/17/128
f 243/17/117 244/18/118 245/18/118
f 244/18/118 243/17/117 246/17/117
f 247/19/119 248/20/120 249/20/120
f 248/20/120 247/19/119 250/19/119
f 244/18/121 248/20/121 245/18/121
f 248/20/121 244/18/121 249/20/121
f 244/18/122 247/19/122 249/20/122
f 247/19/122 244/18/122 251/21/122
f 252/22/122 251/21/122 244/18/122
f 251/21/122 252/22/122 253/23/122
f 252/22/122 244/18/122 246/17/122
f 252/22/122 246/17/122 254/24/122
f 253/23/123 255/22/123 256/23/123
f 255/22/123 253/23/123 252/22/123
f 255/22/124 254/24/125 257/24/125
f 254/24/125 255/22/124 252/22/124
f 253/23/126 258/21/127 251/21/127
f 258/21/127 253/23/126 256/23/126
f 251/21/127 250/19/119 247/19/119
f 250/19/119 251/21/127 258/21/127
f 257/24/125 246/17/117 243/17/117
f 246/17/117 257/24/125 254/24/125
f 255/22/128 258/21/128 256/23/128
f 258/21/128 255/22/128 250/19/128
f 245/18/128 250/19/128 255/22/128
f 250/19/128 245/18/128 248/20/128
f 245/18/128 255/22/128 257/24/128
f 245/18/128 257/24/128 243/17/128
f 259/18/16 260/18/16 261/18/16
f 260/18/16 259/18/16 262/18/16
f 259/18/57 263/25/57 262/18/57
f 263/25/57 259/18/57 264/26/57
f 264/26/57 259/18/57 265/27/129
f 265/27/129 259/18/57 266/28/130
f 267/29/27 263/25/27 268/25/27
f 267/29/27 262/18/27 263/25/27
f 262/18/27 267/29/27 260/18/27
f 269/29/27 260/18/27 267/29/27
f 260/18/27 269/29/27 270/25/27
f 270/25/27 269/29/27 271/25/27
f 267/29/131 272/30/131 269/29/131
f 272/30/131 267/29/131 273/30/131
f 271/25/132 274/26/132 270/25/132
f 274/26/132 271/25/132 275/26/132
f 272/30/57 271/25/57 269/29/57
f 271/25/57 272/30/57 275/26/57
f 263/25/132 276/26/132 268/25/132
f 276/26/132 263/25/132 264/26/132
f 276/26/1 267/29/1 268/25/1
f 267/29/1 276/26/1 273/30/1
f 274/26/1 260/18/1 270/25/1
f 260/18/1 274/26/1 261/18/1
f 261/18/1 274/26/1 277/27/133
f 261/18/1 277/27/133 278/28/134
f 266/28/130 279/31/135 265/27/129
f 279/31/135 266/28/130 280/32/136
f 279/31/135 281/29/137 282/33/138
f 281/29/137 279/31/135 280/32/136
f 283/31/139 278/28/134 277/27/133
f 278/28/134 283/31/139 284/32/140
f 285/33/141 284/32/140 283/31/139
f 284/32/140 285/33/141 286/29/142
f 284/32/110 261/18/110 278/28/110
f 261/18/110 284/32/110 259/18/110
f 259/18/110 284/32/110 286/29/142
f 259/18/110 286/29/142 281/29/137
f 259/18/110 281/29/137 280/32/110
f 259/18/110 280/32/110 266/28/110
f 265/27/143 276/26/143 264/26/143
f 276/26/143 265/27/143 275/26/143
f 272/30/143 276/26/143 275/26/143
f 276/26/143 272/30/143 273/30/143
f 275/26/143 265/27/143 274/26/143
f 274/26/143 265/27/143 277/27/143
f 277/27/143 265/27/143 279/31/143
f 277/27/143 279/31/143 283/31/143
f 283/31/143 279/31/143 282/33/143
f 283/31/143 282/33/143 285/33/143
f 287/34/144 288/34/144 289/34/144
f 288/34/144 287/34/144 290/34/144
f 288/34/144 290/34/144 291/34/144
f 291/34/144 290/34/144 292/34/144
f 291/34/144 292/34/144 293/34/144
f 293/34/144 292/34/144 294/34/144
f 295/34/144 296/34/144 297/34/144
f 296/34/144 295/34/144 298/34/144
f 296/34/144 298/34/144 299/34/144
f 299/34/144 298/34/144 300/34/144
f 299/34/144 300/34/144 301/34/144
f 301/34/144 300/34/144 302/34/144
f 303/35/145 294/36/146 304/35/147
f 294/36/146 303/35/145 293/36/148
f 304/35/147 292/36/149 305/35/150
f 292/36/149 304/35/147 294/36/146
f 291/36/151 303/35/145 306/35/152
f 303/35/145 291/36/151 293/36/148
f 290/36/153 307/35/154 308/35/155
f 307/35/154 290/36/153 287/36/156
f 305/35/150 290/36/153 308/35/155
f 290/36/153 305/35/150 292/36/149
f 309/35/157 291/36/151 306/35/152
f 291/36/151 309/35/157 288/36/158
f 287/36/156 310/35/159 307/35/154
f 310/35/159 287/36/156 289/36/160
f 289/36/160 309/35/157 310/35/159
f 309/35/157 289/36/160 288/36/158
f 306/35/152 128/37/161 124/37/162
f 128/37/161 306/35/152 303/35/145
f 307/35/154 115/37/1 117/37/163
f 115/37/1 307/35/154 310/35/159
f 308/35/155 117/37/163 130/37/164
f 117/37/163 308/35/155 307/35/154
f 120/37/57 305/35/150 121/37/165
f 305/35/150 120/37/57 304/35/147
f 120/37/57 303/35/145 304/35/147
f 303/35/145 120/37/57 128/37/161
f 126/37/166 306/35/152 124/37/162
f 306/35/152 126/37/166 309/35/157
f 121/37/165 308/35/155 130/37/164
f 308/35/155 121/37/165 305/35/150
f 309/35/157 115/37/1 310/35/159
f 115/37/1 309/35/157 126/37/166
f 311/35/145 302/36/146 312/35/147
f 302/36/146 311/35/145 301/36/148
f 312/35/147 300/36/149 313/35/150
f 300/36/149 312/35/147 302/36/146
f 299/36/151 311/35/145 314/35/152
f 311/35/145 299/36/151 301/36/148
f 298/36/153 315/35/154 316/35/155
f 315/35/154 298/36/153 295/36/156
f 313/35/150 298/36/153 316/35/155
f 298/36/153 313/35/150 300/36/149
f 317/35/157 299/36/151 314/35/152
f 299/36/151 317/35/157 296/36/158
f 295/36/156 318/35/159 315/35/154
f 318/35/159 295/36/156 297/36/160
f 297/36/160 317/35/157 318/35/159
f 317/35/157 297/36/160 296/36/158
f 314/35/152 159/37/161 158/37/162
f 159/37/161 314/35/152 311/35/145
f 315/35/154 147/37/1 149/37/163
f 147/37/1 315/35/154 318/35/159
f 162/37/164 315/35/154 149/37/163
f 315/35/154 162/37/164 316/35/155
f 152/37/57 313/35/150 153/37/165
f 313/35/150 152/37/57 312/35/147
f 152/37/57 311/35/145 312/35/147
f 311/35/145 152/37/57 159/37/161
f 155/37/166 314/35/152 158/37/162
f 314/35/152 155/37/166 317/35/157
f 313/35/150 162/37/164 153/37/165
f 162/37/164 313/35/150 316/35/155
f 317/35/157 147/37/1 318/35/159
f 147/37/1 317/35/157 155/37/166
f 282/38/138 286/39/142 285/38/141
f 286/39/142 282/38/138 281/39/137
f 319/40/167 320/41/168 321/42/169
f 320/41/168 319/40/167 322/43/170
f 323/44/171 324/45/172 325/45/173
f 324/45/172 323/44/171 326/44/174
f 327/46/175 328/47/176 329/46/177
f 328/47/176 327/46/175 330/47/178
f 331/48/179 332/49/180 333/43/181
f 332/49/180 331/48/179 334/50/182
f 335/51/183 328/47/176 336/34/184
f 328/47/176 335/51/183 337/52/185
f 325/45/173 338/53/186 339/53/187
f 338/53/186 325/45/173 324/45/172
f 340/42/188 333/43/181 341/40/189
f 333/43/181 340/42/188 342/41/190
f 334/50/182 337/52/185 332/49/180
f 337/52/185 334/50/182 343/54/191
f 344/55/192 322/43/170 319/40/167
f 322/43/170 344/55/192 345/49/193
f 346/34/194 347/52/195 348/51/196
f 347/52/195 346/34/194 330/47/178
f 345/49/193 349/48/197 322/43/170
f 349/48/197 345/49/193 350/50/198
f 326/44/174 342/41/190 324/45/172
f 342/41/190 326/44/174 351/56/199
f 342/41/190 331/48/179 333/43/181
f 331/48/179 342/41/190 351/56/199
f 324/45/172 340/42/188 338/53/186
f 340/42/188 324/45/172 342/41/190
f 320/41/168 323/44/171 325/45/173
f 323/44/171 320/41/168 352/56/200
f 332/49/180 335/51/183 353/55/201
f 335/51/183 332/49/180 337/52/185
f 345/49/193 354/54/202 350/50/198
f 354/54/202 345/49/193 347/52/195
f 329/46/177 337/52/185 343/54/191
f 337/52/185 329/46/177 328/47/176
f 333/43/181 353/55/201 341/40/189
f 353/55/201 333/43/181 332/49/180
f 352/56/200 326/44/174 323/44/171
f 326/44/174 352/56/200 351/56/199
f 351/56/199 352/56/200 349/48/197
f 351/56/199 349/48/197 331/48/179
f 331/48/179 349/48/197 350/50/198
f 331/48/179 350/50/198 334/50/182
f 334/50/182 350/50/198 354/54/202
f 334/50/182 354/54/202 343/54/191
f 343/54/191 354/54/202 327/46/175
f 343/54/191 327/46/175 329/46/177
f 322/43/170 352/56/200 320/41/168
f 352/56/200 322/43/170 349/48/197
f 347/52/195 327/46/175 354/54/202
f 327/46/175 347/52/195 330/47/178
f 320/41/168 339/53/187 321/42/169
f 339/53/187 320/41/168 325/45/173
f 336/34/184 330/47/178 346/34/194
f 330/47/178 336/34/184 328/47/176
f 344/55/192 347/52/195 345/49/193
f 347/52/195 344/55/192 348/51/196
f 355/34/203 346/34/194 356/34/204
f 346/34/194 355/34/203 336/34/184
f 357/55/205 319/40/167 358/40/206
f 319/40/167 357/55/205 344/55/192
f 356/34/204 348/51/196 359/51/207
f 348/51/196 356/34/204 346/34/194
f 360/51/208 336/34/184 355/34/203
f 336/34/184 360/51/208 335/51/183
f 321/42/169 361/53/209 362/42/210
f 361/53/209 321/42/169 339/53/187
f 341/40/189 363/55/211 364/40/212
f 363/55/211 341/40/189 353/55/201
f 348/51/196 357/55/205 359/51/207
f 357/55/205 348/51/196 344/55/192
f 338/53/186 365/42/213 366/53/214
f 365/42/213 338/53/186 340/42/188
f 353/55/201 360/51/208 363/55/211
f 360/51/208 353/55/201 335/51/183
f 339/53/187 366/53/214 361/53/209
f 366/53/214 339/53/187 338/53/186
f 358/40/206 321/42/169 362/42/210
f 321/42/169 358/40/206 319/40/167
f 365/42/213 341/40/189 364/40/212
f 341/40/189 365/42/213 340/42/188
f 367/57/215 368/58/216 369/53/217
f 368/58/216 367/57/215 370/59/216
f 370/59/216 367/57/215 371/60/216
f 371/60/216 367/57/215 372/61/216
f 372/61/216 367/57/215 373/62/216
f 372/61/216 373/62/216 374/63/216
f 372/61/216 374/63/216 375/34/216
f 375/34/216 374/63/216 376/64/216
f 377/58/218 378/57/219 379/53/220
f 378/57/219 377/58/218 380/59/218
f 378/57/219 380/59/218 381/60/218
f 378/57/219 381/60/218 382/61/218
f 378/57/219 382/61/218 383/62/218
f 383/62/218 382/61/218 384/63/218
f 384/63/218 382/61/218 385/34/218
f 384/63/218 385/34/218 386/64/218
f 378/57/219 369/53/217 379/53/220
f 369/53/217 378/57/219 367/57/215
f 387/51/221 388/55/222 389/55/223
f 388/55/222 387/51/221 390/51/224
f 391/53/225 392/42/226 393/42/227
f 392/42/226 391/53/225 394/53/228
f 387/51/221 395/34/229 390/51/224
f 395/34/229 387/51/221 396/34/230
f 397/40/231 392/42/226 398/40/232
f 392/42/226 397/40/231 393/42/227
f 389/55/223 397/40/231 398/40/232
f 397/40/231 389/55/223 388/55/222
f 399/40/233 400/55/234 401/40/235
f 400/55/234 399/40/233 402/55/236
f 403/42/237 404/53/238 405/53/239
f 404/53/238 403/42/237 406/42/240
f 407/34/241 408/51/242 409/34/243
f 408/51/242 407/34/241 410/51/244
f 396/34/230 409/34/243 395/34/229
f 409/34/243 396/34/230 407/34/241
f 403/42/237 401/40/235 406/42/240
f 401/40/235 403/42/237 399/40/233
f 405/53/239 394/53/228 391/53/225
f 394/53/228 405/53/239 404/53/238
f 400/55/234 408/51/242 410/51/244
f 408/51/242 400/55/234 402/55/236
f 411/49/245 412/48/246 413/43/247
f 412/48/246 411/49/245 414/50/248
f 415/46/249 416/47/250 417/46/251
f 416/47/250 415/46/249 418/47/252
f 419/43/253 402/55/236 399/40/233
f 402/55/236 419/43/253 420/49/254
f 421/52/255 415/46/249 422/54/256
f 415/46/249 421/52/255 418/47/252
f 409/34/243 423/52/257 416/47/250
f 423/52/257 409/34/243 408/51/242
f 417/46/251 423/52/257 424/54/258
f 423/52/257 417/46/251 416/47/250
f 425/44/259 426/56/260 427/44/261
f 426/56/260 425/44/259 428/56/262
f 426/56/260 428/56/262 429/48/263
f 429/48/263 428/56/262 412/48/246
f 429/48/263 412/48/246 430/50/264
f 430/50/264 412/48/246 414/50/248
f 430/50/264 414/50/248 424/54/258
f 424/54/258 414/50/248 422/54/256
f 424/54/258 422/54/256 415/46/249
f 424/54/258 415/46/249 417/46/251
f 429/48/263 420/49/254 419/43/253
f 420/49/254 429/48/263 430/50/264
f 413/43/247 393/42/227 397/40/231
f 393/42/227 413/43/247 431/41/265
f 432/45/266 391/53/225 433/45/267
f 391/53/225 432/45/266 405/53/239
f 395/34/229 416/47/250 418/47/252
f 416/47/250 395/34/229 409/34/243
f 412/48/246 431/41/265 413/43/247
f 431/41/265 412/48/246 428/56/262
f 390/51/224 418/47/252 421/52/255
f 418/47/252 390/51/224 395/34/229
f 433/45/267 393/42/227 431/41/265
f 393/42/227 433/45/267 391/53/225
f 431/41/265 425/44/259 433/45/267
f 425/44/259 431/41/265 428/56/262
f 423/52/257 402/55/236 420/49/254
f 402/55/236 423/52/257 408/51/242
f 390/51/224 411/49/245 388/55/222
f 411/49/245 390/51/224 421/52/255
f 424/54/258 420/49/254 430/50/264
f 420/49/254 424/54/258 423/52/257
f 433/45/267 427/44/261 432/45/266
f 427/44/261 433/45/267 425/44/259
f 427/44/261 434/41/268 432/45/266
f 434/41/268 427/44/261 426/56/260
f 426/56/260 419/43/253 434/41/268
f 419/43/253 426/56/260 429/48/263
f 421/52/255 414/50/248 411/49/245
f 414/50/248 421/52/255 422/54/256
f 388/55/222 413/43/247 397/40/231
f 413/43/247 388/55/222 411/49/245
f 434/41/268 399/40/233 403/42/237
f 399/40/233 434/41/268 419/43/253
f 434/41/268 405/53/239 432/45/266
f 405/53/239 434/41/268 403/42/237
f 435/65/269 436/66/270 437/67/271
f 438/66/272 437/67/271 439/67/273
f 437/67/271 440/68/274 441/69/275
f 442/67/276 440/68/274 437/67/271
f 437/67/271 443/70/277 444/71/278
f 445/72/279 435/65/269 437/67/271
f 446/73/280 437/67/271 447/72/281
f 437/67/271 448/70/282 449/69/283
f 439/67/273 437/67/271 450/68/284
f 437/67/271 449/69/283 450/68/284
f 447/72/281 437/67/271 451/65/285
f 436/66/270 442/67/276 437/67/271
f 446/73/280 445/72/279 437/67/271
f 437/67/271 441/69/275 443/70/277
f 451/65/285 437/67/271 438/66/272
f 437/67/271 444/71/278 448/70/282
f 452/74/286 446/73/280 447/72/281
f 446/73/280 452/74/286 453/75/287
f 440/68/274 454/67/288 455/76/289
f 454/67/288 440/68/274 442/67/276
f 456/77/290 447/72/281 451/65/285
f 447/72/281 456/77/290 452/74/286
f 445/72/279 457/77/291 435/65/269
f 457/77/291 445/72/279 458/74/292
f 459/67/293 450/68/284 460/76/294
f 450/68/284 459/67/293 439/67/273
f 461/78/295 444/71/278 462/79/296
f 444/71/278 461/78/295 448/70/282
f 441/69/275 455/76/289 463/80/297
f 455/76/289 441/69/275 440/68/274
f 444/71/278 464/78/298 462/79/296
f 464/78/298 444/71/278 443/70/277
f 446/73/280 458/74/292 445/72/279
f 458/74/292 446/73/280 453/75/287
f 443/70/277 463/80/297 464/78/298
f 463/80/297 443/70/277 441/69/275
f 435/65/269 465/81/299 436/66/270
f 465/81/299 435/65/269 457/77/291
f 459/67/293 438/66/272 439/67/273
f 438/66/272 459/67/293 466/81/300
f 466/81/300 451/65/285 438/66/272
f 451/65/285 466/81/300 456/77/290
f 436/66/270 454/67/288 442/67/276
f 454/67/288 436/66/270 465/81/299
f 460/76/294 449/69/283 467/80/301
f 449/69/283 460/76/294 450/68/284
f 467/80/301 448/70/282 461/78/295
f 448/70/282 467/80/301 449/69/283
f 459/67/293 468/82/302 466/81/300
f 468/82/302 459/67/293 469/67/303
f 466/81/300 470/83/304 456/77/290
f 470/83/304 466/81/300 468/82/302
f 471/82/305 454/67/288 465/81/299
f 454/67/288 471/82/305 472/67/306
f 473/84/307 463/80/297 455/76/289
f 463/80/297 473/84/307 474/85/308
f 467/80/301 475/86/309 476/85/310
f 475/86/309 467/80/301 461/78/295
f 463/80/297 477/86/311 464/78/298
f 477/86/311 463/80/297 474/85/308
f 478/87/312 456/77/290 470/83/304
f 456/77/290 478/87/312 452/74/286
f 472/67/306 455/76/289 454/67/288
f 455/76/289 472/67/306 473/84/307
f 479/88/313 458/74/292 453/75/287
f 458/74/292 479/88/313 480/87/314
f 480/87/314 457/77/291 458/74/292
f 457/77/291 480/87/314 481/83/315
f 481/83/315 465/81/299 457/77/291
f 465/81/299 481/83/315 471/82/305
f 460/76/294 469/67/303 459/67/293
f 469/67/303 460/76/294 482/84/316
f 461/78/295 483/89/317 475/86/309
f 483/89/317 461/78/295 462/79/296
f 464/78/298 483/89/317 462/79/296
f 483/89/317 464/78/298 477/86/311
f 479/88/313 452/74/286 478/87/312
f 452/74/286 479/88/313 453/75/287
f 467/80/301 482/84/316 460/76/294
f 482/84/316 467/80/301 476/85/310
f 484/90/318 485/91/319 486/92/320
f 485/91/319 484/90/318 487/93/321
f 488/94/322 489/95/323 490/96/324
f 489/95/323 488/94/322 491/97/325
f 492/98/326 493/99/327 494/100/328
f 493/99/327 492/98/326 495/101/329
f 485/91/319 496/102/330 486/92/320
f 496/102/330 485/91/319 497/103/331
f 498/104/332 499/105/333 500/106/334
f 499/105/333 498/104/332 501/107/335
f 501/107/335 498/104/332 502/108/336
f 501/107/335 502/108/336 503/109/337
f 503/109/337 502/108/336 504/110/338
f 503/109/337 504/110/338 505/111/339
f 505/111/339 504/110/338 506/112/340
f 505/111/339 506/112/340 507/113/341
f 507/113/341 506/112/340 508/114/342
f 507/113/341 508/114/342 509/115/343
f 500/106/334 510/116/344 511/117/345
f 510/116/344 500/106/334 499/105/333
f 512/18/346 510/116/344 513/118/347
f 510/116/344 512/18/346 511/117/345
f 514/119/348 509/115/343 508/114/342
f 509/115/343 514/119/348 515/120/349
f 495/101/329 516/121/350 493/99/327
f 516/121/350 495/101/329 517/122/351
f 518/123/352 491/97/325 488/94/322
f 491/97/325 518/123/352 519/124/353
f 501/107/335 490/96/324 520/125/354
f 490/96/324 501/107/335 503/109/337
f 507/113/341 488/94/322 505/111/339
f 488/94/322 507/113/341 518/123/352
f 521/126/355 522/127/356 523/128/357
f 522/127/356 521/126/355 524/129/358
f 509/115/343 518/123/352 507/113/341
f 518/123/352 509/115/343 515/120/349
f 518/123/352 525/22/359 519/124/353
f 525/22/359 518/123/352 515/120/349
f 516/121/350 506/112/340 504/110/338
f 506/112/340 516/121/350 526/130/360
f 490/96/324 527/131/361 520/125/354
f 527/131/361 490/96/324 489/95/323
f 516/121/350 502/108/336 493/99/327
f 502/108/336 516/121/350 504/110/338
f 487/93/321 497/103/331 485/91/319
f 497/103/331 487/93/321 528/132/362
f 497/103/331 528/132/362 529/133/363
f 529/133/363 528/132/362 530/134/364
f 529/133/363 530/134/364 531/135/365
f 531/135/365 530/134/364 532/136/366
f 531/135/365 532/136/366 533/137/367
f 533/137/367 532/136/366 534/138/368
f 533/137/367 534/138/368 523/128/357
f 523/128/357 534/138/368 521/126/355
f 513/118/347 520/125/354 527/131/361
f 520/125/354 513/118/347 510/116/344
f 503/109/337 488/94/322 490/96/324
f 488/94/322 503/109/337 505/111/339
f 526/130/360 535/139/369 514/119/348
f 535/139/369 526/130/360 536/140/370
f 537/141/371 487/93/321 484/90/318
f 487/93/321 537/141/371 528/132/362
f 497/103/331 538/142/372 496/102/330
f 538/142/372 497/103/331 529/133/363
f 539/143/373 530/134/364 540/144/374
f 530/134/364 539/143/373 532/136/366
f 499/105/333 520/125/354 510/116/344
f 520/125/354 499/105/333 501/107/335
f 494/100/328 500/106/334 511/117/345
f 500/106/334 494/100/328 498/104/332
f 540/144/374 528/132/362 537/141/371
f 528/132/362 540/144/374 530/134/364
f 539/143/373 534/138/368 532/136/366
f 534/138/368 539/143/373 541/145/375
f 541/145/375 521/126/355 534/138/368
f 521/126/355 541/145/375 524/129/358
f 529/133/363 542/146/376 538/142/372
f 542/146/376 529/133/363 531/135/365
f 533/137/367 542/146/376 531/135/365
f 542/146/376 533/137/367 543/147/377
f 523/128/357 543/147/377 533/137/367
f 543/147/377 523/128/357 522/127/356
f 512/18/346 494/100/328 511/117/345
f 494/100/328 512/18/346 492/98/326
f 515/120/349 535/139/369 525/22/359
f 535/139/369 515/120/349 514/119/348
f 542/146/376 536/140/370 517/122/351
f 536/140/370 542/146/376 543/147/377
f 491/97/325 540/144/374 489/95/323
f 540/144/374 491/97/325 539/143/373
f 484/90/318 512/18/346 513/118/347
f 512/18/346 484/90/318 486/92/320
f 489/95/323 537/141/371 527/131/361
f 537/141/371 489/95/323 540/144/374
f 519/124/353 539/143/373 491/97/325
f 539/143/373 519/124/353 541/145/375
f 535/139/369 524/129/358 525/22/359
f 524/129/358 535/139/369 522/127/356
f 537/141/371 513/118/347 527/131/361
f 513/118/347 537/141/371 484/90/318
f 517/122/351 526/130/360 516/121/350
f 526/130/360 517/122/351 536/140/370
f 538/142/372 517/122/351 495/101/329
f 517/122/351 538/142/372 542/146/376
f 496/102/330 512/18/346 486/92/320
f 512/18/346 496/102/330 492/98/326
f 493/99/327 498/104/332 494/100/328
f 498/104/332 493/99/327 502/108/336
f 525/22/359 541/145/375 519/124/353
f 541/145/375 525/22/359 524/129/358
f 526/130/360 508/114/342 506/112/340
f 508/114/342 526/130/360 514/119/348
f 535/139/369 543/147/377 522/127/356
f 543/147/377 535/139/369 536/140/370
f 496/102/330 495/101/329 492/98/326
f 495/101/329 496/102/330 538/142/372
f 544/148/378 545/149/379 546/148/380
f 547/149/381 546/148/380 545/149/379
f 548/148/382 549/148/383 550/149/384
f 551/149/385 550/149/384 549/148/383
f 549/148/383 552/150/386 553/148/387
f 554/150/388 553/148/387 552/150/386
f 555/150/389 556/148/390 557/150/391
f 544/148/378 557/150/391 556/148/390
f 558/150/392 559/150/393 560/22/394
f 561/22/395 560/22/394 559/150/393
f 562/18/396 563/18/397 564/18/398
f 564/18/398 563/18/397 565/18/399
f 563/18/397 566/18/400 565/18/399
f 565/18/399 566/18/400 567/18/401
f 566/18/400 568/18/402 567/18/401
f 567/18/401 568/18/402 569/18/403
f 568/18/402 570/18/404 569/18/403
f 569/18/403 570/18/404 571/18/405
f 570/18/404 572/18/406 571/18/405
f 573/18/407 571/18/405 572/18/406
f 574/150/408 575/150/409 576/148/410
f 577/148/411 576/148/410 575/150/409
f 569/18/403 571/18/405 547/149/381
f 578/149/412 547/149/381 571/18/405
f 558/150/392 560/22/394 574/150/408
f 579/22/413 574/150/408 560/22/394
f 576/148/410 580/149/414 581/148/415
f 582/149/416 581/148/415 580/149/414
f 582/149/416 583/149/417 581/148/415
f 584/148/418 581/148/415 583/149/417
f 546/148/380 547/149/381 585/148/419
f 578/149/412 585/148/419 547/149/381
f 586/22/420 587/150/421 588/22/422
f 589/150/423 588/22/422 587/150/421
f 588/22/422 589/150/423 590/22/424
f 554/150/388 590/22/424 589/150/423
f 591/149/425 565/18/399 545/149/379
f 567/18/401 545/149/379 565/18/399
f 559/150/393 584/148/418 555/150/389
f 556/148/390 555/150/389 584/148/418
f 592/22/426 590/22/424 552/150/386
f 554/150/388 552/150/386 590/22/424
f 554/150/388 589/150/423 553/148/387
f 585/148/419 553/148/387 589/150/423
f 593/22/427 557/150/391 586/22/420
f 587/150/421 586/22/420 557/150/391
f 594/22/428 592/22/426 595/150/429
f 552/150/386 595/150/429 592/22/426
f 577/148/411 596/149/430 576/148/410
f 580/149/414 576/148/410 596/149/430
f 559/150/393 555/150/389 561/22/395
f 597/22/431 561/22/395 555/150/389
f 557/150/391 544/148/378 587/150/421
f 546/148/380 587/150/421 544/148/378
f 570/18/404 550/149/384 572/18/406
f 551/149/385 572/18/406 550/149/384
f 589/150/423 587/150/421 585/148/419
f 546/148/380 585/148/419 587/150/421
f 572/18/406 551/149/385 573/18/407
f 598/149/432 573/18/407 551/149/385
f 575/150/409 599/22/433 600/150/434
f 601/22/435 600/150/434 599/22/433
f 576/148/410 581/148/415 574/150/408
f 558/150/392 574/150/408 581/148/415
f 558/150/392 581/148/415 559/150/393
f 584/148/418 559/150/393 581/148/415
f 548/148/382 595/150/429 549/148/383
f 552/150/386 549/148/383 595/150/429
f 596/149/430 602/149/436 566/18/400
f 568/18/402 566/18/400 602/149/436
f 551/149/385 549/148/383 598/149/432
f 553/148/387 598/149/432 549/148/383
f 577/148/411 603/148/437 596/149/430
f 602/149/436 596/149/430 603/148/437
f 556/148/390 591/149/425 544/148/378
f 545/149/379 544/148/378 591/149/425
f 580/149/414 563/18/397 582/149/416
f 562/18/396 582/149/416 563/18/397
f 545/149/379 567/18/401 547/149/381
f 569/18/403 547/149/381 567/18/401
f 555/150/389 557/150/391 597/22/431
f 593/22/427 597/22/431 557/150/391
f 573/18/407 598/149/432 571/18/405
f 578/149/412 571/18/405 598/149/432
f 580/149/414 596/149/430 563/18/397
f 566/18/400 563/18/397 596/149/430
f 583/149/417 564/18/398 591/149/425
f 565/18/399 591/149/425 564/18/398
f 562/18/396 564/18/398 582/149/416
f 583/149/417 582/149/416 564/18/398
f 575/150/409 600/150/434 577/148/411
f 603/148/437 577/148/411 600/150/434
f 583/149/417 591/149/425 584/148/418
f 556/148/390 584/148/418 591/149/425
f 602/149/436 550/149/384 568/18/402
f 570/18/404 568/18/402 550/149/384
f 598/149/432 553/148/387 578/149/412
f 585/148/419 578/149/412 553/148/387
f 560/22/394 561/22/395 579/22/413
f 579/22/413 561/22/395 599/22/433
f 561/22/395 597/22/431 599/22/433
f 599/22/433 597/22/431 601/22/435
f 597/22/431 593/22/427 601/22/435
f 601/22/435 593/22/427 594/22/428
f 593/22/427 586/22/420 594/22/428
f 594/22/428 586/22/420 592/22/426
f 586/22/420 588/22/422 592/22/426
f 590/22/424 592/22/426 588/22/422
f 600/150/434 595/150/429 603/148/437
f 548/148/382 603/148/437 595/150/429
f 601/22/435 594/22/428 600/150/434
f 595/150/429 600/150/434 594/22/428
f 574/150/408 579/22/413 575/150/409
f 599/22/433 575/150/409 579/22/413
f 603/148/437 548/148/382 602/149/436
f 550/149/384 602/149/436 548/148/382
f 604/148/438 605/149/439 606/149/440
f 605/149/439 604/148/438 607/148/441
f 608/22/442 609/150/443 610/22/444
f 609/150/443 608/22/442 611/150/445
f 612/22/446 613/150/447 614/150/448
f 613/150/447 612/22/446 615/22/449
f 614/150/448 607/148/441 604/148/438
f 607/148/441 614/150/448 613/150/447
f 616/22/450 617/22/451 618/22/452
f 617/22/451 616/22/450 619/22/453
f 617/22/451 619/22/453 612/22/446
f 612/22/446 619/22/453 620/22/454
f 612/22/446 620/22/454 615/22/449
f 615/22/449 620/22/454 621/22/455
f 615/22/449 621/22/455 610/22/444
f 610/22/444 621/22/455 622/22/456
f 610/22/444 622/22/456 608/22/442
f 608/22/442 622/22/456 623/22/457
f 624/148/458 625/149/459 626/148/460
f 625/149/459 624/148/458 627/149/461
f 606/149/440 628/18/462 629/18/463
f 628/18/462 606/149/440 605/149/439
f 630/149/464 631/148/465 632/148/466
f 631/148/465 630/149/464 633/149/467
f 613/150/447 634/148/468 607/148/441
f 634/148/468 613/150/447 609/150/443
f 635/18/469 636/149/470 633/149/467
f 636/149/470 635/18/469 637/18/471
f 635/18/469 630/149/464 638/18/472
f 630/149/464 635/18/469 633/149/467
f 639/149/473 640/18/474 641/18/475
f 640/18/474 639/149/473 642/149/476
f 627/149/461 643/18/477 625/149/459
f 643/18/477 627/149/461 644/18/478
f 645/150/479 621/22/455 620/22/454
f 621/22/455 645/150/479 646/150/480
f 647/18/481 648/149/482 649/18/483
f 648/149/482 647/18/481 650/149/484
f 640/18/474 636/149/470 637/18/471
f 636/149/470 640/18/474 642/149/476
f 630/149/464 651/148/485 650/149/484
f 651/148/485 630/149/464 632/148/466
f 607/148/441 639/149/473 605/149/439
f 639/149/473 607/148/441 634/148/468
f 652/148/486 627/149/461 624/148/458
f 627/149/461 652/148/486 653/149/487
f 605/149/439 641/18/475 628/18/462
f 641/18/475 605/149/439 639/149/473
f 614/150/448 652/148/486 654/150/488
f 652/148/486 614/150/448 604/148/438
f 655/148/489 656/150/490 631/148/465
f 656/150/490 655/148/489 657/150/491
f 655/148/489 611/150/445 657/150/491
f 611/150/445 655/148/489 658/148/492
f 610/22/444 613/150/447 615/22/449
f 613/150/447 610/22/444 609/150/443
f 653/149/487 644/18/478 627/149/461
f 644/18/478 653/149/487 659/18/493
f 660/150/494 626/148/460 661/148/495
f 626/148/460 660/150/494 662/150/496
f 606/149/440 659/18/493 653/149/487
f 659/18/493 606/149/440 629/18/463
f 651/148/485 660/150/494 661/148/495
f 660/150/494 651/148/485 645/150/479
f 646/150/480 622/22/456 621/22/455
f 622/22/456 646/150/480 656/150/490
f 639/149/473 658/148/492 642/149/476
f 658/148/492 639/149/473 634/148/468
f 617/22/451 614/150/448 654/150/488
f 614/150/448 617/22/451 612/22/446
f 645/150/479 619/22/453 660/150/494
f 619/22/453 645/150/479 620/22/454
f 662/150/496 624/148/458 626/148/460
f 624/148/458 662/150/496 663/150/497
f 618/22/452 654/150/488 663/150/497
f 654/150/488 618/22/452 617/22/451
f 631/148/465 646/150/480 632/148/466
f 646/150/480 631/148/465 656/150/490
f 638/18/472 650/149/484 647/18/481
f 650/149/484 638/18/472 630/149/464
f 662/150/496 618/22/452 663/150/497
f 618/22/452 662/150/496 616/22/450
f 660/150/494 616/22/450 662/150/496
f 616/22/450 660/150/494 619/22/453
f 648/149/482 626/148/460 625/149/459
f 626/148/460 648/149/482 661/148/495
f 633/149/467 655/148/489 631/148/465
f 655/148/489 633/149/467 636/149/470
f 642/149/476 655/148/489 636/149/470
f 655/148/489 642/149/476 658/148/492
f 623/22/457 611/150/445 608/22/442
f 611/150/445 623/22/457 657/150/491
f 643/18/477 648/149/482 625/149/459
f 648/149/482 643/18/477 649/18/483
f 609/150/443 658/148/492 634/148/468
f 658/148/492 609/150/443 611/150/445
f 659/18/493 643/18/477 644/18/478
f 643/18/477 659/18/493 629/18/463
f 643/18/477 629/18/463 649/18/483
f 649/18/483 629/18/463 628/18/462
f 649/18/483 628/18/462 647/18/481
f 647/18/481 628/18/462 641/18/475
f 647/18/481 641/18/475 638/18/472
f 638/18/472 641/18/475 640/18/474
f 638/18/472 640/18/474 635/18/469
f 635/18/469 640/18/474 637/18/471
f 656/150/490 623/22/457 622/22/456
f 623/22/457 656/150/490 657/150/491
f 632/148/466 645/150/479 651/148/485
f 645/150/479 632/148/466 646/150/480
f 654/150/488 624/148/458 663/150/497
f 624/148/458 654/150/488 652/148/486
f 652/148/486 606/149/440 653/149/487
f 606/149/440 652/148/486 604/148/438
f 650/149/484 661/148/495 648/149/482
f 661/148/495 650/149/484 651/148/485
f 664/151/498 468/152/499 469/153/500
f 470/154/501 468/152/499 664/151/498
f 664/151/498 469/153/500 665/155/502
f 665/155/502 469/153/500 482/156/503
f 666/157/504 470/154/501 664/151/498
f 478/158/505 470/154/501 666/157/504
f 665/155/502 482/156/503 667/159/506
f 482/156/503 476/160/507 667/159/506
f 667/159/506 476/160/507 668/161/508
f 476/160/507 475/162/509 668/161/508
f 669/163/510 665/155/502 667/159/506
f 668/161/508 669/163/510 667/159/506
f 670/155/511 664/151/498 665/155/502
f 665/155/502 669/163/510 670/155/511
f 671/164/512 666/157/504 664/151/498
f 664/151/498 670/155/511 671/164/512
f 672/165/513 478/158/505 666/157/504
f 672/165/513 479/166/514 478/158/505
f 668/161/508 475/162/509 673/167/515
f 475/162/509 483/168/516 673/167/515
f 674/163/517 670/155/511 669/163/510
f 669/163/510 668/161/508 675/169/518
f 675/169/518 674/163/517 669/163/510
f 676/155/519 671/164/512 670/155/511
f 670/155/511 674/163/517 676/155/519
f 677/170/520 668/161/508 673/167/515
f 668/161/508 677/170/520 675/169/518
f 666/157/504 671/164/512 678/171/521
f 666/157/504 679/172/522 672/165/513
f 679/172/522 666/157/504 678/171/521
f 671/164/512 676/155/519 680/164/523
f 680/164/523 678/171/521 671/164/512
f 483/168/516 681/173/524 673/167/515
f 673/167/515 682/174/525 677/170/520
f 682/174/525 673/167/515 681/173/524
f 483/168/516 683/167/526 681/173/524
f 477/162/527 683/167/526 483/168/516
f 684/170/528 681/173/524 683/167/526
f 681/173/524 684/170/528 682/174/525
f 685/161/529 683/167/526 477/162/527
f 685/161/529 684/170/528 683/167/526
f 474/160/530 685/161/529 477/162/527
f 686/159/531 685/161/529 474/160/530
f 473/156/532 686/159/531 474/160/530
f 684/170/528 685/161/529 687/169/533
f 686/159/531 687/169/533 685/161/529
f 688/155/534 686/159/531 473/156/532
f 688/155/534 473/156/532 472/153/535
f 689/151/536 688/155/534 472/153/535
f 689/151/536 472/153/535 471/152/537
f 481/154/538 689/151/536 471/152/537
f 687/169/533 686/159/531 690/163/539
f 688/155/534 690/163/539 686/159/531
f 691/169/540 684/170/528 687/169/533
f 690/163/539 691/169/540 687/169/533
f 690/163/539 688/155/534 692/155/541
f 689/151/536 692/155/541 688/155/534
f 693/157/542 689/151/536 481/154/538
f 480/158/543 693/157/542 481/154/538
f 684/170/528 691/169/540 694/170/544
f 694/170/544 682/174/525 684/170/528
f 691/169/540 690/163/539 695/163/545
f 692/155/541 695/163/545 690/163/539
f 696/165/546 693/157/542 480/158/543
f 696/165/546 480/158/543 479/166/514
f 697/175/547 696/165/546 479/166/514
f 697/175/547 479/166/514 672/165/513
f 698/172/548 693/157/542 696/165/546
f 697/175/547 698/172/548 696/165/546
f 672/165/513 699/176/549 697/175/547
f 698/172/548 697/175/547 699/176/549
f 699/176/549 672/165/513 679/172/522
f 682/174/525 694/170/544 700/174/550
f 700/174/550 677/170/520 682/174/525
f 693/157/542 698/172/548 701/171/551
f 701/171/551 689/151/536 693/157/542
f 692/155/541 689/151/536 702/164/552
f 689/151/536 701/171/551 702/164/552
f 698/172/548 703/171/553 701/171/551
f 703/171/553 702/164/552 701/171/551
f 699/176/549 704/172/554 698/172/548
f 703/171/553 698/172/548 704/172/554
f 679/172/522 705/176/555 699/176/549
f 704/172/554 699/176/549 705/176/555
f 702/164/552 706/155/556 692/155/541
f 695/163/545 692/155/541 706/155/556
f 702/164/552 703/171/553 707/164/557
f 706/155/556 702/164/552 707/164/557
f 704/172/554 708/177/558 703/171/553
f 708/177/558 707/164/557 703/171/553
f 705/176/555 679/172/522 709/172/559
f 678/171/521 709/172/559 679/172/522
f 705/176/555 710/178/560 704/172/554
f 708/177/558 704/172/554 710/178/560
f 709/172/559 678/171/521 711/171/561
f 678/171/521 680/164/523 711/171/561
f 706/155/556 712/179/562 695/163/545
f 707/164/557 713/155/563 706/155/556
f 712/179/562 706/155/556 713/155/563
f 707/164/557 708/177/558 714/180/564
f 713/155/563 707/164/557 714/180/564
f 710/178/560 715/181/565 708/177/558
f 715/181/565 714/180/564 708/177/558
f 716/182/566 695/163/545 712/179/562
f 695/163/545 716/182/566 691/169/540
f 716/182/566 694/170/544 691/169/540
f 694/170/544 716/182/566 717/183/567
f 717/183/567 700/174/550 694/170/544
f 712/179/562 718/184/568 716/182/566
f 718/184/568 717/183/567 716/182/566
f 713/155/563 719/185/569 712/179/562
f 718/184/568 712/179/562 719/185/569
f 714/180/564 720/155/570 713/155/563
f 719/185/569 713/155/563 720/155/570
f 714/180/564 715/181/565 721/186/571
f 720/155/570 714/180/564 721/186/571
f 715/181/565 710/178/560 722/187/572
f 723/188/573 722/187/572 710/178/560
f 710/178/560 705/176/555 723/188/573
f 705/176/555 724/178/574 723/188/573
f 724/178/574 705/176/555 709/172/559
f 709/172/559 725/177/575 724/178/574
f 725/177/575 709/172/559 711/171/561
f 711/171/561 726/180/576 725/177/575
f 726/180/576 711/171/561 680/164/523
f 680/164/523 727/155/577 726/180/576
f 727/155/577 680/164/523 676/155/519
f 676/155/519 728/179/578 727/155/577
f 728/179/578 676/155/519 674/163/517
f 729/169/579 728/179/578 674/163/517
f 674/163/517 675/169/518 729/169/579
f 675/169/518 730/170/580 729/169/579
f 730/170/580 675/169/518 677/170/520
f 677/170/520 700/174/550 730/170/580
f 728/179/578 729/169/579 731/182/581
f 730/170/580 731/182/581 729/169/579
f 732/185/582 727/155/577 728/179/578
f 731/182/581 732/185/582 728/179/578
f 733/155/583 726/180/576 727/155/577
f 727/155/577 732/185/582 733/155/583
f 734/186/584 725/177/575 726/180/576
f 726/180/576 733/155/583 734/186/584
f 700/174/550 735/183/585 730/170/580
f 731/182/581 730/170/580 735/183/585
f 732/185/582 731/182/581 736/184/586
f 735/183/585 736/184/586 731/182/581
f 735/183/585 700/174/550 737/189/587
f 700/174/550 717/183/567 737/189/587
f 725/177/575 734/186/584 738/181/588
f 738/181/588 724/178/574 725/177/575
f 736/184/586 735/183/585 739/190/589
f 737/189/587 739/190/589 735/183/585
f 740/190/590 737/189/587 717/183/567
f 717/183/567 718/184/568 740/190/590
f 724/178/574 738/181/588 741/187/591
f 741/187/591 723/188/573 724/178/574
f 739/190/589 737/189/587 742/191/592
f 737/189/587 740/190/590 742/191/592
f 743/192/593 739/190/589 742/191/592
f 740/190/590 743/192/593 742/191/592
f 744/193/594 736/184/586 739/190/589
f 739/190/589 743/192/593 744/193/594
f 745/155/595 744/193/594 743/192/593
f 743/192/593 740/190/590 746/193/596
f 718/184/568 746/193/596 740/190/590
f 745/155/595 743/192/593 746/193/596
f 736/184/586 744/193/594 747/194/597
f 745/155/595 747/194/597 744/193/594
f 747/194/597 732/185/582 736/184/586
f 746/193/596 718/184/568 748/194/598
f 745/155/595 746/193/596 748/194/598
f 719/185/569 748/194/598 718/184/568
f 732/185/582 747/194/597 749/195/599
f 745/155/595 749/195/599 747/194/597
f 749/195/599 733/155/583 732/185/582
f 748/194/598 719/185/569 750/195/600
f 745/155/595 748/194/598 750/195/600
f 720/155/570 750/195/600 719/185/569
f 751/155/601 749/195/599 745/155/595
f 733/155/583 749/195/599 751/155/601
f 752/155/602 745/155/595 750/195/600
f 750/195/600 720/155/570 752/155/602
f 753/196/603 751/155/601 745/155/595
f 753/196/603 733/155/583 751/155/601
f 733/155/583 753/196/603 734/186/584
f 720/155/570 754/196/604 752/155/602
f 754/196/604 745/155/595 752/155/602
f 754/196/604 720/155/570 721/186/571
f 755/197/605 734/186/584 753/196/603
f 755/197/605 753/196/603 745/155/595
f 734/186/584 755/197/605 738/181/588
f 721/186/571 756/197/606 754/196/604
f 756/197/606 745/155/595 754/196/604
f 756/197/606 721/186/571 715/181/565
f 757/198/607 738/181/588 755/197/605
f 757/198/607 755/197/605 745/155/595
f 738/181/588 757/198/607 741/187/591
f 715/181/565 758/198/608 756/197/606
f 758/198/608 745/155/595 756/197/606
f 758/198/608 715/181/565 722/187/572
f 759/199/609 757/198/607 745/155/595
f 759/199/609 745/155/595 758/198/608
f 759/199/609 741/187/591 757/198/607
f 722/187/572 759/199/609 758/198/608
f 741/187/591 759/199/609 760/200/610
f 759/199/609 722/187/572 760/200/610
f 723/188/573 741/187/591 760/200/610
f 722/187/572 723/188/573 760/200/610
