# Generated by GTAClone/tools/split_car_wheels.py from kart-ooli.obj
# Kenney Car Kit (CC0 1.0); the split is a derivative work, also CC0.
mtllib colormap.mtl
v -0.298350 0.316452 0.094764
v -0.298350 0.135190 0.094764
v -0.298350 0.346504 0.082316
v -0.298350 0.358952 0.052264
v -0.298350 0.358952 -0.089139
v -0.298350 0.346504 -0.119191
v -0.298350 0.316452 -0.131638
v -0.298350 0.135190 -0.131638
v -0.366038 0.346504 -0.119191
v -0.349382 0.316452 -0.131638
v -0.453724 0.206207 -0.119191
v -0.423672 0.197589 -0.131638
v -0.466172 0.209777 -0.089139
v -0.466172 0.135190 -0.089139
v -0.453724 0.135190 -0.119191
v -0.372937 0.358952 -0.089139
v -0.423672 0.135190 -0.131638
v -0.372937 0.358952 0.052264
v -0.423672 0.135190 0.094764
v -0.453724 0.135190 0.082316
v -0.466172 0.135190 0.052264
v -0.423672 0.197589 0.094764
v -0.453724 0.206207 0.082316
v -0.366038 0.346504 0.082316
v -0.349382 0.316452 0.094764
v -0.466172 0.209777 0.052264
v 0.466172 0.209777 0.615557
v 0.466172 0.135190 0.589483
v 0.466172 0.209777 0.589483
v 0.466172 0.135190 0.615557
v -0.453724 0.135190 0.559431
v -0.466172 0.135190 0.615557
v -0.466172 0.135190 0.589483
v -0.423672 0.135190 0.546983
v -0.298350 0.135190 0.546983
v -0.298350 0.135190 0.615557
v -0.298350 0.135190 0.783378
v 0.298350 0.135190 0.615557
v 0.298350 0.135190 0.783378
v 0.298350 0.135190 0.546983
v 0.423672 0.135190 0.546983
v 0.453724 0.135190 0.559431
v 0.298350 0.316452 0.546983
v 0.423672 0.197589 0.546983
v 0.349382 0.316452 0.546983
v 0.372937 0.358952 0.615557
v 0.372937 0.358952 0.589483
v 0.298350 0.209777 0.783378
v -0.298350 0.209777 0.783378
v -0.298350 0.358952 0.615557
v 0.298350 0.358952 0.615557
v 0.298350 0.358952 0.690144
v -0.298350 0.358952 0.690144
v -0.423672 0.197589 0.546983
v -0.298350 0.316452 0.546983
v -0.349382 0.316452 0.546983
v -0.466172 0.209777 0.615557
v -0.372937 0.358952 0.615557
v -0.372937 0.358952 0.589483
v -0.298350 0.358952 0.589483
v 0.298350 0.358952 0.589483
v 0.453724 0.206207 0.559431
v 0.366038 0.346504 0.559431
v 0.298350 0.346504 0.559431
v -0.466172 0.209777 0.589483
v -0.298350 0.346504 0.559431
v -0.366038 0.346504 0.559431
v -0.453724 0.206207 0.559431
v -0.149175 0.260695 -0.270830
v 0.149175 0.194691 -0.517157
v 0.149175 0.260695 -0.270830
v -0.149175 0.194691 -0.517157
v -0.149175 0.199426 -0.547584
v -0.149175 0.299637 -0.566627
v -0.149175 0.226716 -0.561848
v -0.149175 0.409870 -0.529208
v -0.149175 0.497392 -0.452454
v -0.149175 0.529713 -0.386912
v -0.149175 0.531006 -0.356146
v -0.149175 0.507023 -0.336833
v 0.149175 0.299637 -0.566627
v 0.149175 0.199426 -0.547584
v 0.149175 0.226716 -0.561848
v 0.149175 0.409870 -0.529208
v 0.149175 0.497392 -0.452454
v 0.149175 0.529713 -0.386912
v 0.149175 0.531006 -0.356146
v 0.149175 0.507023 -0.336833
v 0.423672 0.197589 0.094764
v 0.298350 0.135190 0.094764
v 0.423672 0.135190 0.094764
v 0.298350 0.316452 0.094764
v 0.349382 0.316452 0.094764
v 0.298350 0.316452 -0.131638
v 0.423672 0.135190 -0.131638
v 0.298350 0.135190 -0.131638
v 0.423672 0.197589 -0.131638
v 0.349382 0.316452 -0.131638
v 0.466172 0.209777 0.052264
v 0.466172 0.135190 -0.089139
v 0.466172 0.209777 -0.089139
v 0.466172 0.135190 0.052264
v 0.372937 0.358952 -0.089139
v 0.372937 0.358952 0.052264
v 0.298350 0.358952 0.052264
v 0.366038 0.346504 0.082316
v 0.298350 0.346504 0.082316
v 0.453724 0.206207 0.082316
v 0.453724 0.135190 0.082316
v 0.453724 0.135190 -0.119191
v 0.298350 0.358952 -0.089139
v 0.366038 0.346504 -0.119191
v 0.298350 0.346504 -0.119191
v 0.453724 0.206207 -0.119191
v 0.320395 0.551600 -0.480322
v 0.271545 0.326681 -0.322978
v 0.292092 0.503283 -0.528638
v 0.291338 0.360469 -0.289191
v 0.175980 0.326681 -0.322978
v 0.127130 0.551600 -0.480322
v 0.155433 0.503283 -0.528638
v 0.156188 0.360469 -0.289191
v 0.271545 0.394256 -0.255403
v 0.223763 0.619929 -0.411992
v 0.223763 0.408251 -0.241408
v 0.292092 0.599916 -0.432006
v 0.175980 0.394256 -0.255403
v 0.155433 0.599916 -0.432006
v 0.223763 0.312686 -0.336974
v 0.223763 0.483270 -0.548651
v 0.262230 0.360469 -0.289191
v 0.250963 0.379702 -0.269957
v 0.250963 0.341235 -0.308424
v 0.223763 0.387669 -0.261991
v 0.223763 0.333268 -0.316391
v 0.196562 0.341235 -0.308424
v 0.196562 0.379702 -0.269957
v 0.185295 0.360469 -0.289191
v 0.245523 0.214989 -0.112937
v 0.245523 0.184215 -0.143711
v 0.254536 0.199602 -0.128324
v 0.223763 0.177842 -0.150084
v 0.223763 0.221362 -0.106564
v 0.202002 0.214989 -0.112937
v 0.202002 0.184215 -0.143711
v 0.192989 0.199602 -0.128324
v -0.127130 0.551600 -0.480322
v -0.175980 0.326681 -0.322978
v -0.155433 0.503283 -0.528638
v -0.156188 0.360469 -0.289191
v -0.271545 0.326681 -0.322978
v -0.320395 0.551600 -0.480322
v -0.292092 0.503283 -0.528638
v -0.291338 0.360469 -0.289191
v -0.155433 0.599916 -0.432006
v -0.223763 0.408251 -0.241408
v -0.175980 0.394256 -0.255403
v -0.223763 0.619929 -0.411992
v -0.292092 0.599916 -0.432006
v -0.271545 0.394256 -0.255403
v -0.223763 0.312686 -0.336974
v -0.223763 0.483270 -0.548651
v -0.202002 0.214989 -0.112937
v -0.202002 0.184215 -0.143711
v -0.192989 0.199602 -0.128324
v -0.223763 0.221362 -0.106564
v -0.223763 0.177842 -0.150084
v -0.245523 0.214989 -0.112937
v -0.245523 0.184215 -0.143711
v -0.254536 0.199602 -0.128324
v -0.185295 0.360469 -0.289191
v -0.196562 0.379702 -0.269957
v -0.196562 0.341235 -0.308424
v -0.223763 0.387669 -0.261991
v -0.223763 0.333268 -0.316391
v -0.250963 0.341235 -0.308424
v -0.250963 0.379702 -0.269957
v -0.262230 0.360469 -0.289191
v -0.277372 0.172484 -0.323313
v -0.277372 0.247071 -0.397901
v -0.277372 0.172484 -0.397901
v -0.277372 0.247071 -0.323313
v 0.277372 0.172484 -0.397901
v 0.277372 0.247071 -0.397901
v 0.277372 0.247071 -0.323313
v 0.277372 0.172484 -0.323313
v -0.277372 0.172484 0.361027
v -0.277372 0.247071 0.286439
v -0.277372 0.172484 0.286439
v -0.277372 0.247071 0.361027
v 0.277372 0.172484 0.286439
v 0.277372 0.247071 0.286439
v 0.277372 0.247071 0.361027
v 0.277372 0.172484 0.361027
v 0.223763 0.209777 0.615557
v 0.149175 0.209777 -0.174139
v 0.223763 0.209777 -0.174139
v 0.149175 0.209777 0.615557
v 0.149175 0.284365 -0.174139
v 0.149175 0.284365 0.615557
v 0.223763 0.284365 0.615557
v 0.223763 0.284365 -0.174139
v -0.298350 0.172484 0.094764
v -0.298350 0.247071 -0.216639
v -0.298350 0.172484 -0.216639
v -0.298350 0.247071 0.094764
v 0.298350 0.172484 -0.216639
v 0.298350 0.247071 -0.216639
v 0.255850 0.247071 0.137264
v -0.255850 0.172484 0.137264
v 0.255850 0.172484 0.137264
v -0.255850 0.247071 0.137264
v 0.298350 0.247071 0.094764
v 0.298350 0.172484 0.094764
v 0.285902 0.247071 0.124816
v 0.285902 0.172484 0.124816
v -0.285902 0.172484 0.124816
v -0.285902 0.247071 0.124816
v -0.223763 0.284365 -0.174139
v -0.149175 0.209777 -0.174139
v -0.223763 0.209777 -0.174139
v -0.149175 0.284365 -0.174139
v -0.149175 0.284365 0.615557
v -0.223763 0.209777 0.615557
v -0.149175 0.209777 0.615557
v -0.223763 0.284365 0.615557
v 0.298350 0.154914 0.825878
v 0.213350 0.081302 0.783378
v 0.298350 0.081302 0.783378
v 0.213350 0.154914 0.825878
v 0.213350 0.177690 0.740878
v 0.298350 0.123802 0.709766
v 0.213350 0.123802 0.709766
v 0.298350 0.177690 0.740878
v 0.213350 0.217139 0.740878
v 0.213350 0.313526 0.783378
v 0.213350 0.271026 0.709766
v 0.213350 0.239914 0.825878
v 0.298350 0.313526 0.783378
v 0.298350 0.271026 0.709766
v 0.298350 0.239914 0.825878
v 0.298350 0.217139 0.740878
v -0.213350 0.154914 0.825878
v -0.298350 0.081302 0.783378
v -0.213350 0.081302 0.783378
v -0.298350 0.154914 0.825878
v -0.298350 0.177690 0.740878
v -0.213350 0.123802 0.709766
v -0.298350 0.123802 0.709766
v -0.213350 0.177690 0.740878
v -0.298350 0.217139 0.740878
v -0.298350 0.313526 0.783378
v -0.298350 0.271026 0.709766
v -0.298350 0.239914 0.825878
v -0.213350 0.313526 0.783378
v -0.213350 0.271026 0.709766
v -0.213350 0.239914 0.825878
v -0.213350 0.217139 0.740878
v -0.223763 0.284365 0.576882
v 0.223763 0.284365 -0.318168
v 0.223763 0.284365 0.576882
v -0.223763 0.284365 -0.318168
v -0.223763 0.433540 -0.318168
v -0.223763 0.392664 0.308170
v -0.223763 0.458964 0.352370
v -0.223763 0.287917 0.580433
v -0.149175 0.358952 -0.318168
v -0.149175 0.433540 -0.318168
v 0.149175 0.358952 -0.318168
v 0.223763 0.433540 -0.318168
v 0.149175 0.433540 -0.318168
v 0.149175 0.318077 0.258445
v -0.149175 0.318077 0.258445
v 0.223763 0.392664 0.308170
v 0.149175 0.392664 0.308170
v -0.149175 0.392664 0.308170
v 0.223763 0.458964 0.352370
v 0.223763 0.287917 0.580433
v -0.194634 0.517566 0.391437
v -0.194634 0.338146 0.630663
v -0.124313 0.358952 0.651469
v -0.124313 0.541839 0.407620
v 0.194634 0.517566 0.391437
v 0.194634 0.338146 0.630663
v 0.124313 0.541839 0.407620
v 0.124313 0.358952 0.651469
v 0.273643 0.588003 -0.587267
v 0.273643 0.658544 -0.516725
v 0.294304 0.623274 -0.551996
v 0.223763 0.573393 -0.601876
v 0.223763 0.673154 -0.502116
v 0.173882 0.588003 -0.587267
v 0.173882 0.658544 -0.516725
v 0.153221 0.623274 -0.551996
v -0.173882 0.588003 -0.587267
v -0.173882 0.658544 -0.516725
v -0.153221 0.623274 -0.551996
v -0.223763 0.573393 -0.601876
v -0.223763 0.673154 -0.502116
v -0.273643 0.588003 -0.587267
v -0.273643 0.658544 -0.516725
v -0.294304 0.623274 -0.551996
v 0.155433 0.647698 -0.479788
v 0.127130 0.599382 -0.528104
v 0.155433 0.551066 -0.576421
v 0.223763 0.667712 -0.459775
v 0.292092 0.551066 -0.576421
v 0.223763 0.531053 -0.596434
v 0.292092 0.647698 -0.479788
v 0.320395 0.599382 -0.528104
v -0.292092 0.647698 -0.479788
v -0.320395 0.599382 -0.528104
v -0.292092 0.551066 -0.576421
v -0.223763 0.667712 -0.459775
v -0.155433 0.551066 -0.576421
v -0.223763 0.531053 -0.596434
v -0.155433 0.647698 -0.479788
v -0.127130 0.599382 -0.528104
v 0.200875 1.017666 0.041127
v 0.245950 0.957844 -0.078599
v 0.200876 1.017666 -0.066522
v 0.245949 0.957844 0.053205
v -0.180046 0.957844 -0.192750
v -0.200875 1.017666 -0.066527
v -0.147050 1.017666 -0.159753
v -0.245949 0.957844 -0.078605
v -0.073525 1.056531 -0.086226
v 0.026913 1.056531 -0.113138
v -0.026911 1.056531 -0.113138
v 0.073526 1.056531 -0.086225
v -0.100438 1.056531 -0.039613
v 0.100438 1.056531 -0.039611
v -0.100438 1.056531 0.014211
v 0.100437 1.056531 0.014213
v -0.073527 1.056531 0.060825
v 0.073525 1.056531 0.060826
v -0.026914 1.056531 0.087738
v 0.026911 1.056531 0.087738
v 0.053827 1.017666 -0.213575
v -0.053822 1.017666 -0.213576
v -0.065899 0.957844 -0.258651
v 0.065905 0.957844 -0.258649
v -0.053827 1.017666 0.188175
v 0.053822 1.017666 0.188176
v -0.200877 1.017666 0.041122
v -0.245951 0.957844 0.053199
v 0.147049 1.017666 0.134353
v 0.180045 0.957844 0.167350
v 0.147053 1.017666 -0.159750
v 0.065899 0.957844 0.233251
v -0.147053 1.017666 0.134350
v 0.180050 0.957844 -0.192746
v 0.042612 0.382318 -0.171723
v -0.116412 0.382318 -0.129115
v -0.042609 0.382318 -0.171724
v 0.116415 0.382318 -0.129112
v -0.159024 0.382318 -0.055312
v 0.159024 0.382318 -0.055309
v -0.159025 0.382318 0.029908
v 0.159023 0.382318 0.029912
v -0.116415 0.382318 0.103712
v 0.116412 0.382318 0.103715
v -0.042612 0.382318 0.146323
v 0.042608 0.382318 0.146324
v -0.065905 0.957844 0.233249
v -0.180050 0.957844 0.167346
v 0.239294 0.458110 0.051421
v 0.175174 0.458110 0.162478
v 0.239295 0.458110 -0.076816
v 0.175178 0.458110 -0.187874
v 0.064116 0.458110 0.226595
v -0.239295 0.458110 0.051416
v -0.175178 0.458110 0.162474
v -0.239294 0.458110 -0.076822
v -0.064122 0.458110 0.226594
v 0.064121 0.458110 -0.251994
v -0.064116 0.458110 -0.251995
v -0.175174 0.458110 -0.187878
v 0.075542 0.358985 0.275208
v 0.027029 0.484812 0.042227
v 0.042002 0.434571 0.026037
v 0.057927 0.418092 0.294255
v 0.173334 0.441588 0.366282
v 0.111149 0.452159 0.349599
v 0.157450 0.424542 0.364941
v 0.143673 0.487060 0.352343
v 0.158325 0.380993 0.353305
v 0.099901 0.406746 0.339874
v 0.112941 0.362990 0.325773
v 0.151956 0.402363 0.360192
v 0.219122 0.369179 0.338153
v 0.174850 0.366158 0.346127
v 0.197103 0.361834 0.340581
v 0.235006 0.386224 0.339493
v 0.240500 0.408403 0.344243
v 0.234131 0.429774 0.351129
v 0.217606 0.444608 0.358307
v 0.195353 0.448933 0.363853
v 0.182798 0.305993 0.240014
v 0.184935 0.406795 -0.009586
v 0.243699 0.326307 0.233298
v 0.133169 0.389528 -0.003877
v 0.067312 0.503987 -0.026509
v 0.074798 0.478867 -0.034604
v 0.220222 0.549254 0.020922
v 0.239507 0.534937 0.289043
v 0.285213 0.493906 0.269189
v 0.181372 0.584130 0.037797
v 0.073122 0.479437 0.307392
v 0.144483 0.553646 -0.028724
v 0.129055 0.594297 0.050836
v 0.118325 0.558729 -0.022204
v 0.163908 0.536208 -0.037161
v 0.039945 0.536955 0.053394
v 0.092442 0.550096 -0.019350
v 0.073770 0.530059 -0.020925
v 0.077289 0.577029 0.056545
v 0.146265 0.464979 -0.052415
v 0.120382 0.456345 -0.049561
v 0.281197 0.419114 0.307218
v 0.268156 0.462870 0.321318
v 0.171395 0.511088 -0.045256
v 0.222279 0.446869 -0.006435
v 0.164937 0.485016 -0.050840
v 0.235195 0.499013 0.004732
v 0.302829 0.434799 0.250142
v 0.121248 0.317954 0.255354
v 0.080852 0.399695 0.009162
v 0.146776 0.332616 0.311076
v 0.177958 0.546898 0.304383
v 0.234321 0.493244 0.336015
v 0.188757 0.502099 0.347371
v 0.117057 0.526583 0.311099
v 0.094223 0.461428 -0.043041
v 0.269948 0.373701 0.297493
v 0.287633 0.373454 0.237005
v 0.237424 0.338800 0.294749
v 0.192340 0.323762 0.299721
v -0.302835 0.434799 0.250140
v -0.235201 0.499013 0.004729
v -0.287639 0.373454 0.237002
v -0.222285 0.446869 -0.006438
v -0.075549 0.358985 0.275205
v -0.121255 0.317954 0.255351
v -0.042008 0.434571 0.026034
v -0.080858 0.399695 0.009159
v -0.146782 0.332616 0.311074
v -0.182804 0.305993 0.240011
v -0.192346 0.323762 0.299718
v -0.268163 0.462870 0.321315
v -0.285220 0.493906 0.269187
v -0.281203 0.419114 0.307215
v -0.188764 0.502099 0.347368
v -0.234327 0.493244 0.336012
v -0.195359 0.448933 0.363851
v -0.217612 0.444608 0.358304
v -0.118331 0.558729 -0.022207
v -0.092448 0.550096 -0.019353
v -0.144490 0.553646 -0.028727
v -0.163915 0.536208 -0.037164
v -0.073776 0.530059 -0.020928
v -0.171401 0.511088 -0.045259
v -0.067318 0.503987 -0.026512
v -0.164943 0.485016 -0.050843
v -0.074804 0.478867 -0.034607
v -0.146271 0.464979 -0.052418
v -0.094229 0.461428 -0.043044
v -0.120388 0.456345 -0.049564
v -0.143680 0.487060 0.352340
v -0.111156 0.452159 0.349596
v -0.117063 0.526583 0.311096
v -0.073129 0.479437 0.307389
v -0.184941 0.406795 -0.009589
v -0.173340 0.441588 0.366279
v -0.077295 0.577029 0.056542
v -0.177964 0.546898 0.304380
v -0.129061 0.594297 0.050833
v -0.181378 0.584130 0.037794
v -0.239514 0.534937 0.289040
v -0.243705 0.326307 0.233295
v -0.235012 0.386224 0.339490
v -0.269954 0.373701 0.297490
v -0.219128 0.369179 0.338150
v -0.237430 0.338800 0.294746
v -0.197109 0.361834 0.340578
v -0.220228 0.549254 0.020919
v -0.174856 0.366158 0.346124
v -0.240506 0.408403 0.344240
v -0.158331 0.380993 0.353302
v -0.112947 0.362990 0.325771
v -0.039951 0.536955 0.053391
v -0.234137 0.429774 0.351127
v -0.133175 0.389528 -0.003880
v -0.157456 0.424542 0.364939
v -0.099907 0.406746 0.339871
v -0.151962 0.402363 0.360189
v -0.027035 0.484812 0.042224
v -0.057933 0.418092 0.294252
v -0.078717 0.750981 0.257712
v -0.080159 0.748097 0.256880
v -0.060690 0.748097 0.248015
v -0.164691 0.748097 0.208075
v -0.166133 0.750981 0.207243
v -0.166749 0.748097 0.186782
v -0.167045 0.782298 0.176947
v -0.139135 0.813117 0.164193
v -0.154545 0.782298 0.155296
v -0.151635 0.813117 0.185843
v -0.124944 0.830911 0.201253
v -0.110714 0.814974 0.239239
v -0.094125 0.830911 0.219047
v -0.134137 0.814974 0.225716
v -0.154421 0.801450 0.214004
v -0.039524 0.748097 0.221703
v -0.154545 0.748097 0.155296
v -0.039524 0.782298 0.221703
v -0.054934 0.813117 0.212806
v -0.081625 0.830911 0.197397
v -0.112444 0.830911 0.179603
v -0.111839 0.748097 0.253474
v -0.107016 0.757742 0.256258
v -0.052024 0.782298 0.243354
v -0.090429 0.801450 0.250951
v -0.078717 0.778027 0.257712
v -0.067434 0.813117 0.234457
v -0.150724 0.771266 0.231024
v -0.166133 0.778027 0.207243
v -0.144869 0.782977 0.234404
v -0.123015 0.789739 0.247022
v -0.112872 0.782977 0.252878
v -0.150724 0.757742 0.231024
v -0.145901 0.748097 0.233808
v -0.107016 0.771266 0.256258
v -0.134726 0.789739 0.240260
v -0.052024 0.748097 0.243354
v -0.167045 0.748097 0.176947
v 0.078711 0.750981 0.257715
v 0.060683 0.748097 0.248018
v 0.080153 0.748097 0.256883
v 0.164685 0.748097 0.208078
v 0.166742 0.748097 0.186785
v 0.166127 0.750981 0.207245
v 0.134720 0.789739 0.240263
v 0.110707 0.814974 0.239242
v 0.123008 0.789739 0.247025
v 0.134130 0.814974 0.225719
v 0.039518 0.782298 0.221706
v 0.154539 0.748097 0.155299
v 0.039518 0.748097 0.221706
v 0.154539 0.782298 0.155299
v 0.054927 0.813117 0.212809
v 0.139129 0.813117 0.164196
v 0.081618 0.830911 0.197399
v 0.112438 0.830911 0.179606
v 0.107010 0.757742 0.256261
v 0.111833 0.748097 0.253477
v 0.094118 0.830911 0.219050
v 0.124938 0.830911 0.201256
v 0.052018 0.748097 0.243357
v 0.052018 0.782298 0.243357
v 0.078711 0.778027 0.257715
v 0.090422 0.801450 0.250953
v 0.067428 0.813117 0.234460
v 0.154415 0.801450 0.214007
v 0.150718 0.771266 0.231026
v 0.166127 0.778027 0.207245
v 0.144862 0.782977 0.234407
v 0.112866 0.782977 0.252881
v 0.150718 0.757742 0.231026
v 0.145895 0.748097 0.233811
v 0.107010 0.771266 0.256261
v 0.151629 0.813117 0.185846
v 0.167039 0.748097 0.176949
v 0.167039 0.782298 0.176949
v -0.011370 0.695851 0.241488
v -0.034307 0.673914 0.235342
v -0.018247 0.667486 0.239645
v -0.048371 0.684196 0.231573
v -0.054509 0.691589 0.229929
v -0.054509 0.701216 0.229929
v -0.020965 0.699692 0.238917
v -0.029369 0.705835 0.236665
v -0.040358 0.710963 0.233720
v -0.032722 0.709874 0.235766
v 0.031988 0.673914 0.235342
v 0.009051 0.695851 0.241488
v 0.015928 0.667486 0.239645
v 0.046052 0.684196 0.231573
v 0.052190 0.691589 0.229929
v 0.052190 0.701216 0.229929
v 0.018646 0.699692 0.238917
v 0.027050 0.705835 0.236665
v 0.038039 0.710963 0.233720
v 0.030403 0.709874 0.235766
v -0.103273 0.954740 -0.074575
v -0.134932 0.909464 -0.066673
v 0.000000 0.848752 -0.099211
v 0.134932 0.909464 -0.066673
v 0.146049 0.856057 -0.057352
v -0.134932 0.802651 -0.048031
v -0.103273 0.757375 -0.040129
v -0.146049 0.856057 -0.057352
v -0.055891 0.727122 -0.034849
v 0.000000 0.716499 -0.032995
v -0.055891 0.984992 -0.079855
v 0.000000 0.995616 -0.081709
v 0.055891 0.984992 -0.079855
v 0.055891 0.727122 -0.034849
v 0.103273 0.757375 -0.040129
v 0.134932 0.802651 -0.048031
v 0.103273 0.954740 -0.074575
v 0.105040 1.119411 0.020884
v 0.000000 1.139377 0.017400
v -0.274483 0.877093 0.063175
v -0.253589 0.776721 0.080693
v 0.194089 1.062556 0.030807
v -0.194089 1.062556 0.030807
v -0.105040 1.119411 0.020884
v 0.274483 0.877093 0.063175
v 0.253589 0.776721 0.080693
v 0.105040 0.634774 0.105467
v 0.000000 0.614809 0.108951
v -0.194089 0.691630 0.095544
v -0.105040 0.634774 0.105467
v -0.253589 0.977464 0.045658
v 0.253589 0.977464 0.045658
v 0.194089 0.691630 0.095544
v 0.326765 1.033206 0.194032
v 0.353688 0.903871 0.216605
v 0.250095 1.142851 0.174896
v -0.326765 1.033206 0.194032
v -0.353688 0.903871 0.216605
v -0.326765 0.774535 0.239177
v -0.250095 0.664890 0.258314
v 0.135351 0.591628 0.271100
v 0.250095 0.664890 0.258314
v -0.135351 0.591628 0.271100
v 0.135351 1.216113 0.162110
v 0.000000 1.241839 0.157620
v -0.135351 1.216113 0.162110
v -0.250095 1.142851 0.174896
v 0.326765 0.774535 0.239177
v 0.000000 0.565902 0.275590
v 0.367937 1.065641 0.192109
v 0.398252 0.915506 0.218312
v 0.281607 1.192920 0.169895
v 0.367937 0.765371 0.244514
v 0.281607 0.638093 0.266728
v 0.408970 0.726180 0.118814
v 0.442666 0.893058 0.089689
v 0.408970 1.059936 0.060564
v 0.152404 1.277964 0.155053
v 0.152404 0.553048 0.281571
v 0.408970 0.697461 -0.045734
v 0.313012 0.584707 0.143505
v 0.442666 0.864340 -0.074859
v 0.169401 0.490178 0.160003
v 0.313012 1.201409 0.035873
v 0.169401 1.295938 0.019375
v 0.408970 1.031218 -0.103984
v 0.000000 0.523185 0.286783
v 0.000000 0.456984 0.165796
v -0.152404 0.553048 0.281571
v -0.169401 0.490178 0.160003
v -0.281607 0.638093 0.266728
v -0.367937 0.765371 0.244514
v -0.313012 0.584707 0.143505
v -0.398252 0.915506 0.218312
v -0.367937 1.065641 0.192109
v -0.408970 0.726180 0.118814
v -0.313012 0.555989 -0.021043
v -0.442666 0.893058 0.089689
v -0.281607 1.192920 0.169895
v -0.169401 0.461460 -0.004546
v -0.408970 0.697461 -0.045734
v -0.152404 1.277964 0.155053
v 0.000000 1.307828 0.149840
v -0.169401 1.295938 0.019375
v 0.000000 1.329132 0.013582
v 0.000000 0.428266 0.001248
v -0.313012 1.201409 0.035873
v -0.408970 1.059936 0.060564
v -0.313012 1.172691 -0.128675
v -0.169401 1.267220 -0.145173
v 0.000000 1.300414 -0.150967
v -0.442666 0.864340 -0.074859
v -0.408970 1.031218 -0.103984
v -0.275258 1.108513 -0.276809
v 0.169401 1.267220 -0.145173
v -0.148969 1.191640 -0.291317
v 0.313012 1.172691 -0.128675
v -0.359642 0.690603 -0.203872
v -0.389274 0.837353 -0.229484
v -0.359642 0.984104 -0.255096
v -0.204304 1.016616 -0.390661
v -0.275258 0.566194 -0.182159
v -0.148969 0.483067 -0.167651
v -0.204304 0.614092 -0.320409
v -0.266936 0.706432 -0.336525
v -0.288930 0.815354 -0.355535
v -0.266936 0.924276 -0.374545
v -0.110569 1.078315 -0.401429
v 0.000000 1.220831 -0.296411
v 0.148969 1.191640 -0.291317
v 0.275258 1.108513 -0.276809
v 0.359642 0.984104 -0.255096
v 0.389274 0.837353 -0.229484
v 0.359642 0.690603 -0.203872
v 0.313012 0.555989 -0.021043
v 0.169401 0.461460 -0.004546
v 0.275258 0.566194 -0.182159
v 0.266936 0.706432 -0.336525
v 0.288930 0.815354 -0.355535
v 0.266936 0.924276 -0.374545
v 0.148969 0.483067 -0.167651
v 0.204304 0.614092 -0.320409
v 0.000000 0.453876 -0.162556
v 0.204304 1.016616 -0.390661
v 0.110569 0.552393 -0.309641
v -0.110569 0.552393 -0.309641
v 0.110569 1.078315 -0.401429
v 0.000000 0.530727 -0.305860
v 0.000000 0.649548 -0.411377
v 0.058832 0.661076 -0.413389
v 0.000000 0.796008 -0.466383
v -0.058832 0.661076 -0.413389
v 0.108708 0.693906 -0.419119
v -0.108708 0.693906 -0.419119
v 0.142034 0.743039 -0.427694
v -0.142034 0.743039 -0.427694
v 0.153736 0.800995 -0.437809
v -0.153736 0.800995 -0.437809
v 0.142034 0.858951 -0.447924
v -0.142034 0.858951 -0.447924
v 0.108708 0.908084 -0.456499
v -0.108708 0.908084 -0.456499
v 0.058832 0.940914 -0.462229
v -0.058832 0.940914 -0.462229
v 0.000000 0.952442 -0.464241
v 0.000000 1.099981 -0.405210
vt 0.718750 0.437013
vt 0.718750 0.275000
vt 0.718750 0.463874
vt 0.718750 0.475000
vt 0.718750 0.338476
vt 0.718750 0.330772
vt 0.718750 0.341667
vt 0.718750 0.283588
vt 0.718750 0.353769
vt 0.718750 0.304321
vt 0.718750 0.420545
vt 0.718750 0.465164
vt 0.718750 0.470368
vt 0.718750 0.450937
vt 0.718750 0.441165
vt 0.718750 0.350939
vt 0.843750 0.088397
vt 0.843750 0.025000
vt 0.843750 0.108013
vt 0.843750 0.061603
vt 0.843750 0.141987
vt 0.843750 0.225000
vt 0.843750 0.188397
vt 0.843750 0.161603
vt 0.843750 0.071350
vt 0.843750 0.058650
vt 0.843750 0.079250
vt 0.843750 0.026104
vt 0.843750 0.048175
vt 0.843750 0.035475
vt 0.843750 0.097458
vt 0.843750 0.041710
vt 0.843750 0.105000
vt 0.343750 0.475000
vt 0.593750 0.713722
vt 0.593750 0.725000
vt 0.593750 0.691165
vt 0.843750 0.355000
vt 0.843750 0.298175
vt 0.843750 0.146885
vt 0.843750 0.098206
vt 0.843750 0.103117
vt 0.843750 0.151796
vt 0.843750 0.051794
vt 0.843750 0.103115
vt 0.843750 0.065210
vt 0.843750 0.098204
vt 0.843750 0.095105
vt 0.843750 0.084164
vt 0.843750 0.084163
vt 0.843750 0.095106
vt 0.843750 0.114057
vt 0.843750 0.114058
vt 0.843750 0.135942
vt 0.843750 0.135943
vt 0.843750 0.154894
vt 0.843750 0.154895
vt 0.843750 0.165836
vt 0.843750 0.165837
vt 0.843750 0.043327
vt 0.843750 0.043327
vt 0.843750 0.025001
vt 0.843750 0.206673
vt 0.843750 0.206674
vt 0.843750 0.146883
vt 0.843750 0.151794
vt 0.843750 0.184790
vt 0.843750 0.198206
vt 0.843750 0.065212
vt 0.843750 0.184788
vt 0.843750 0.051796
vt 0.843750 0.060343
vt 0.843750 0.077667
vt 0.843750 0.060343
vt 0.843750 0.077668
vt 0.843750 0.107675
vt 0.843750 0.107676
vt 0.843750 0.142324
vt 0.843750 0.142325
vt 0.843750 0.172331
vt 0.843750 0.172333
vt 0.843750 0.189657
vt 0.843750 0.189657
vt 0.843750 0.224999
vt 0.843750 0.198204
vt 0.843750 0.151071
vt 0.843750 0.196225
vt 0.843750 0.098931
vt 0.843750 0.053777
vt 0.843750 0.222294
vt 0.843750 0.151069
vt 0.843750 0.196223
vt 0.843750 0.098929
vt 0.843750 0.222294
vt 0.843750 0.027707
vt 0.843750 0.027706
vt 0.843750 0.053775
vt 0.843750 0.183764
vt 0.843750 0.055591
vt 0.843750 0.210225
vt 0.343750 0.354636
vt 0.343750 0.350293
vt 0.343750 0.401795
vt 0.343750 0.448205
vt 0.343750 0.451000
vt 0.343750 0.430636
vt 0.343750 0.364818
vt 0.343750 0.395364
vt 0.343750 0.385182
vt 0.343750 0.402818
vt 0.343750 0.413000
vt 0.343750 0.401784
vt 0.343750 0.295499
vt 0.343750 0.275000
vt 0.343750 0.345315
vt 0.343750 0.381136
vt 0.343750 0.427777
vt 0.343750 0.420392
vt 0.343750 0.450158
vt 0.343750 0.469725
vt 0.343750 0.395107
vt 0.343750 0.384724
vt 0.343750 0.372477
vt 0.343750 0.360230
vt 0.343750 0.349847
vt 0.343750 0.342910
vt 0.343750 0.340473
vt 0.343750 0.402044
vt 0.343750 0.404480
vt 0.343750 0.428045
vt 0.343750 0.432623
vt 0.343750 0.349460
vt 0.343750 0.415007
vt 0.343750 0.316909
vt 0.343750 0.312330
vt 0.343750 0.329947
vt 0.343750 0.395494
vt 0.343750 0.402136
vt 0.343750 0.427279
vt 0.343750 0.342818
vt 0.343750 0.317674
vt 0.343750 0.300874
vt 0.343750 0.444080
vt 0.343750 0.449979
vt 0.343750 0.294974
vt 0.843750 0.409429
vt 0.843750 0.402136
vt 0.843750 0.372477
vt 0.843750 0.427279
vt 0.843750 0.375000
vt 0.843750 0.342818
vt 0.843750 0.438616
vt 0.843750 0.444080
vt 0.843750 0.340571
vt 0.843750 0.317674
vt 0.843750 0.311384
vt 0.843750 0.300874
vt 0.843750 0.336732
vt 0.843750 0.413268
vt 0.843750 0.458118
vt 0.843750 0.449979
vt 0.843750 0.291882
vt 0.843750 0.294974
vt 0.843750 0.304289
vt 0.843750 0.282612
vt 0.843750 0.445711
vt 0.843750 0.467388
vt 0.843750 0.285033
vt 0.843750 0.275000
vt 0.843750 0.464967
vt 0.843750 0.475000
vt 0.843750 0.437182
vt 0.843750 0.456245
vt 0.843750 0.341347
vt 0.843750 0.408653
vt 0.843750 0.421153
vt 0.843750 0.312818
vt 0.843750 0.293755
vt 0.843750 0.328847
vt 0.843750 0.350022
vt 0.843750 0.399978
vt 0.843750 0.435302
vt 0.843750 0.462938
vt 0.843750 0.287062
vt 0.843750 0.314698
vt 0.843750 0.309730
vt 0.843750 0.340270
vt 0.843750 0.342914
vt 0.843750 0.350442
vt 0.843750 0.361710
vt 0.843750 0.388290
vt 0.843750 0.399558
vt 0.843750 0.407086
vt 0.843750 0.409730
vt 0.843750 0.440270
vn 1.000000 0.000000 0.000000
vn -0.376065 0.609155 -0.698216
vn -0.063350 0.195429 -0.978670
vn -0.791853 0.215431 -0.571452
vn -0.239846 0.082653 -0.967286
vn -0.968566 0.193512 -0.156311
vn -0.986444 0.000000 -0.164096
vn -0.786028 0.000000 -0.618191
vn -0.618220 0.758180 -0.207285
vn -0.201644 0.000000 -0.979459
vn 0.000000 0.707107 -0.707107
vn 0.000000 0.195090 -0.980785
vn 0.000000 0.980785 -0.195090
vn 0.000000 0.980785 0.195090
vn -0.618220 0.758180 0.207285
vn 0.000000 -1.000000 0.000000
vn -0.239846 0.082653 0.967286
vn -0.791853 0.215431 0.571452
vn -0.201644 0.000000 0.979459
vn -0.786028 0.000000 0.618191
vn -0.376065 0.609155 0.698216
vn -0.063350 0.195429 0.978670
vn 0.000000 0.707107 0.707107
vn 0.000000 0.195090 0.980785
vn -0.968566 0.193512 0.156311
vn -0.986444 0.000000 0.164096
vn 0.000000 0.000000 -1.000000
vn 0.000000 0.000000 1.000000
vn 0.901796 0.247506 0.354266
vn 0.980785 0.000000 -0.195090
vn 0.942729 0.270371 -0.195350
vn 0.923879 0.000000 0.382683
vn 0.000000 0.195090 -0.980785
vn 0.195090 0.000000 -0.980785
vn 0.211649 0.060700 -0.975459
vn 0.109410 0.197403 -0.974198
vn 0.528101 0.809304 0.257170
vn 0.474361 0.855865 -0.206098
vn 0.354266 0.247506 0.901796
vn -0.382683 0.000000 0.923879
vn 0.382683 0.000000 0.923879
vn -0.354266 0.247506 0.901796
vn 0.257170 0.809304 0.528101
vn -0.257170 0.809304 0.528101
vn -0.211649 0.060700 -0.975459
vn -0.195090 0.000000 -0.980785
vn -0.109410 0.197403 -0.974198
vn -0.901796 0.247506 0.354266
vn -0.528101 0.809304 0.257170
vn -0.923879 0.000000 0.382683
vn -0.474361 0.855865 -0.206098
vn 0.000000 1.000000 0.000000
vn 0.000000 0.980785 -0.195090
vn 0.707107 0.000000 -0.707107
vn 0.700615 0.200934 -0.684664
vn 0.353423 0.637662 -0.684456
vn -1.000000 0.000000 0.000000
vn -0.942729 0.270371 -0.195350
vn -0.980785 0.000000 -0.195090
vn -0.353423 0.637662 -0.684456
vn -0.700615 0.200934 -0.684664
vn -0.707107 0.000000 -0.707107
vn 0.000000 -0.965926 0.258819
vn 0.000000 -0.998557 0.053696
vn 0.000000 0.500000 -0.866025
vn 0.000000 0.130526 -0.991445
vn 0.000000 0.793353 -0.608761
vn 0.000000 0.968895 -0.247473
vn 0.000000 -0.270130 -0.962824
vn 0.000000 -0.812847 -0.582478
vn 0.000000 0.452777 0.891624
vn 0.000000 0.258819 0.965926
vn 0.000000 0.910864 0.412707
vn 0.239846 0.082653 0.967286
vn 0.201644 0.000000 0.979459
vn 0.063350 0.195429 0.978670
vn 0.201644 0.000000 -0.979459
vn 0.239846 0.082653 -0.967286
vn 0.063350 0.195429 -0.978670
vn 0.968566 0.193512 0.156311
vn 0.986444 0.000000 -0.164096
vn 0.968566 0.193512 -0.156311
vn 0.986444 0.000000 0.164096
vn 0.618220 0.758180 -0.207285
vn 0.618220 0.758180 0.207285
vn 0.376065 0.609155 0.698216
vn 0.791853 0.215431 0.571452
vn 0.786028 0.000000 0.618191
vn 0.376065 0.609155 -0.698216
vn 0.786028 0.000000 -0.618191
vn 0.791853 0.215431 -0.571452
vn 0.994271 -0.075579 0.075579
vn 0.703056 -0.572714 -0.421557
vn -0.703056 -0.572714 -0.421557
vn -0.994271 -0.075579 0.075579
vn 0.703056 0.421557 0.572714
vn 0.000000 0.627478 0.778635
vn -0.703056 0.421557 0.572714
vn 0.000000 -0.778635 -0.627478
vn 0.000000 -0.707107 0.707107
vn 0.000000 -0.730602 -0.682804
vn 0.706703 -0.523613 -0.475816
vn -0.706703 -0.523613 -0.475816
vn 0.999429 -0.023899 0.023899
vn 0.706703 0.475816 0.523613
vn -0.999429 -0.023899 0.023899
vn 0.000000 0.682804 0.730601
vn -0.706703 0.475816 0.523613
vn 0.000000 -0.707107 -0.707107
vn 0.000000 -0.707107 0.707107
vn -0.980785 0.000000 0.195090
vn 0.195090 0.000000 0.980785
vn -0.195090 0.000000 0.980785
vn 0.980785 0.000000 0.195090
vn 0.707107 0.000000 0.707107
vn -0.707107 0.000000 0.707107
vn 0.000000 -0.258819 0.965926
vn 0.000000 -0.500000 0.866025
vn 0.000000 0.258819 -0.965926
vn 0.000000 0.500000 -0.866025
vn 0.000000 -0.866025 -0.500000
vn -1.000000 0.000000 0.000000
vn 0.000000 0.866025 -0.500000
vn 0.000000 0.500000 0.866025
vn 0.000000 0.258819 0.965926
vn 0.000000 -0.500000 -0.866025
vn 0.000000 -0.258819 -0.965926
vn 1.000000 0.000000 0.000000
vn -0.979442 0.161381 0.121035
vn -0.977253 0.169661 0.127246
vn 0.000000 0.997497 0.070711
vn 0.000000 0.997877 0.065122
vn 0.979442 0.161381 0.121035
vn 0.977253 0.169661 0.127246
vn -0.700246 0.571121 0.428341
vn -0.689130 0.579710 0.434782
vn -0.152921 0.114918 0.981534
vn -0.193761 0.784839 0.588629
vn 0.700246 0.571121 0.428341
vn 0.689130 0.579710 0.434782
vn 0.193761 0.784839 0.588629
vn 0.152921 0.114918 0.981534
vn 0.000000 0.554700 -0.832050
vn 0.000000 0.707107 -0.707107
vn -0.674294 0.689700 0.263895
vn -0.791487 0.432174 -0.432174
vn -0.953596 0.212902 -0.212902
vn -0.559666 0.827917 -0.036430
vn -0.559666 0.036430 -0.827917
vn -0.674294 -0.263896 -0.689700
vn 0.000000 0.991839 0.127492
vn 0.000000 0.887197 0.461391
vn 0.000000 -0.127492 -0.991840
vn 0.674294 -0.263896 -0.689700
vn 0.000000 -0.461392 -0.887196
vn 0.559666 0.036430 -0.827917
vn 0.674294 0.689700 0.263895
vn 0.559666 0.827917 -0.036430
vn 0.953596 0.212902 -0.212902
vn 0.791487 0.432174 -0.432174
vn -0.707107 0.500000 0.500000
vn 0.000000 0.707107 0.707107
vn 0.707107 -0.500000 -0.500000
vn 0.000000 -0.707107 -0.707107
vn -0.707107 -0.500000 -0.500000
vn 0.707107 0.500000 0.500000
vn 0.598297 0.785072 0.160321
vn 0.920435 0.303280 -0.246618
vn 0.598301 0.785072 -0.160307
vn 0.920429 0.303280 0.246640
vn -0.673795 0.303280 -0.673811
vn -0.598297 0.785072 -0.160321
vn -0.437980 0.785072 -0.437990
vn -0.920429 0.303280 -0.246640
vn -0.145857 0.978494 -0.145860
vn 0.053390 0.978494 -0.199246
vn -0.053386 0.978494 -0.199247
vn 0.145861 0.978494 -0.145857
vn -0.199246 0.978494 -0.053390
vn 0.199247 0.978494 -0.053386
vn -0.199247 0.978494 0.053386
vn 0.199246 0.978494 0.053390
vn -0.145861 0.978494 0.145857
vn 0.145857 0.978494 0.145861
vn -0.053390 0.978494 0.199246
vn 0.053386 0.978494 0.199248
vn 0.160321 0.785072 -0.598297
vn -0.160307 0.785072 -0.598301
vn -0.246618 0.303281 -0.920435
vn 0.246640 0.303281 -0.920429
vn -0.160321 0.785072 0.598297
vn 0.160307 0.785072 0.598301
vn -0.598301 0.785072 0.160307
vn -0.920435 0.303280 0.246618
vn 0.437980 0.785072 0.437990
vn 0.673795 0.303280 0.673811
vn 0.437990 0.785072 -0.437980
vn 0.246618 0.303280 0.920435
vn -0.437990 0.785072 0.437980
vn 0.673811 0.303280 -0.673795
vn 0.106464 -0.911488 -0.397311
vn -0.290849 -0.911488 -0.290856
vn -0.106455 -0.911488 -0.397313
vn 0.290856 -0.911488 -0.290849
vn -0.397311 -0.911488 -0.106464
vn 0.397313 -0.911488 -0.106455
vn -0.397313 -0.911488 0.106455
vn 0.397311 -0.911488 0.106464
vn -0.290856 -0.911488 0.290849
vn 0.290849 -0.911488 0.290856
vn -0.106464 -0.911488 0.397311
vn 0.106455 -0.911488 0.397313
vn -0.246640 0.303280 0.920429
vn -0.673811 0.303280 0.673795
vn 0.890481 -0.387437 0.238615
vn 0.651872 -0.387437 0.651887
vn 0.890486 -0.387437 -0.238594
vn 0.651887 -0.387437 -0.651872
vn 0.238594 -0.387437 0.890486
vn -0.890486 -0.387437 0.238594
vn -0.651887 -0.387437 0.651872
vn -0.890481 -0.387437 -0.238615
vn -0.238615 -0.387437 0.890481
vn 0.238615 -0.387437 -0.890481
vn -0.238594 -0.387437 -0.890486
vn -0.651872 -0.387437 -0.651887
vn -0.778095 -0.582927 0.234017
vn -0.983675 0.027745 -0.177803
vn -0.851934 -0.414303 -0.320252
vn -0.915842 -0.120725 0.382961
vn 0.014371 0.022258 0.999649
vn -0.504343 0.142651 0.851639
vn -0.099222 -0.099639 0.990065
vn -0.245477 0.420441 0.873482
vn -0.092965 -0.411069 0.906852
vn -0.593875 -0.218803 0.774234
vn -0.490084 -0.567068 0.662006
vn -0.138509 -0.258248 0.956098
vn 0.341805 -0.495557 0.798494
vn 0.025208 -0.517155 0.855521
vn 0.184344 -0.548080 0.815859
vn 0.455397 -0.373661 0.808079
vn 0.494685 -0.215052 0.842045
vn 0.449140 -0.062230 0.891292
vn 0.330968 0.043856 0.942623
vn 0.171831 0.074780 0.982284
vn 0.060616 -0.997311 -0.041187
vn 0.405672 -0.658692 -0.633685
vn 0.536849 -0.838458 -0.093706
vn -0.049795 -0.810617 -0.583455
vn -0.631511 0.188286 -0.752159
vn -0.564488 -0.036605 -0.824629
vn 0.716148 0.594740 -0.365261
vn 0.504072 0.792974 0.342205
vn 0.861481 0.472121 0.186956
vn 0.374325 0.901602 -0.216782
vn -0.797018 0.358980 0.485690
vn 0.059367 0.632857 -0.771989
vn -0.085991 0.991055 -0.102057
vn -0.174817 0.678366 -0.713624
vn 0.233268 0.476742 -0.847528
vn -0.870033 0.486533 -0.079553
vn -0.406534 0.601074 -0.688070
vn -0.573696 0.421693 -0.702175
vn -0.541458 0.839129 -0.051828
vn 0.075314 -0.160937 -0.984087
vn -0.156403 -0.238228 -0.958533
vn 0.849111 -0.120364 0.514318
vn 0.745320 0.227901 0.626546
vn 0.300291 0.251852 -0.919998
vn 0.734247 -0.306096 -0.605960
vn 0.242476 0.018445 -0.969982
vn 0.847889 0.152692 -0.507710
vn 0.999228 0.009918 0.038012
vn -0.420686 -0.903780 0.078768
vn -0.510111 -0.721165 -0.468731
vn -0.220780 -0.808827 0.545028
vn 0.022770 0.886505 0.462160
vn 0.476016 0.469660 0.743524
vn 0.113359 0.540135 0.833909
vn -0.453463 0.727652 0.514679
vn -0.390587 -0.192719 -0.900168
vn 0.759579 -0.481818 0.436913
vn 0.880405 -0.469787 -0.064717
vn 0.500713 -0.759608 0.415070
vn 0.141876 -0.879301 0.454643
vn -0.999228 0.009918 0.038012
vn -0.847889 0.152692 -0.507710
vn -0.880405 -0.469787 -0.064717
vn -0.734247 -0.306096 -0.605960
vn 0.778095 -0.582927 0.234017
vn 0.420686 -0.903780 0.078768
vn 0.851934 -0.414303 -0.320252
vn 0.510111 -0.721165 -0.468731
vn 0.220780 -0.808827 0.545028
vn -0.060616 -0.997311 -0.041187
vn -0.141876 -0.879301 0.454643
vn -0.745320 0.227901 0.626546
vn -0.861481 0.472121 0.186956
vn -0.849111 -0.120364 0.514318
vn -0.113359 0.540135 0.833909
vn -0.476016 0.469660 0.743524
vn -0.171831 0.074780 0.982284
vn -0.330968 0.043856 0.942623
vn 0.174817 0.678366 -0.713624
vn 0.406534 0.601074 -0.688070
vn -0.059367 0.632857 -0.771989
vn -0.233268 0.476742 -0.847528
vn 0.573696 0.421693 -0.702175
vn -0.300291 0.251852 -0.919998
vn 0.631511 0.188286 -0.752159
vn -0.242476 0.018445 -0.969982
vn 0.564488 -0.036605 -0.824629
vn -0.075314 -0.160937 -0.984087
vn 0.390587 -0.192719 -0.900168
vn 0.156403 -0.238228 -0.958533
vn 0.245477 0.420441 0.873482
vn 0.504343 0.142651 0.851639
vn 0.453463 0.727652 0.514679
vn 0.797018 0.358980 0.485690
vn -0.405672 -0.658692 -0.633685
vn -0.014371 0.022258 0.999649
vn 0.541458 0.839129 -0.051828
vn -0.022770 0.886505 0.462160
vn 0.085991 0.991055 -0.102057
vn -0.374325 0.901602 -0.216782
vn -0.504072 0.792974 0.342205
vn -0.536849 -0.838458 -0.093706
vn -0.455397 -0.373661 0.808079
vn -0.759579 -0.481818 0.436913
vn -0.341805 -0.495557 0.798494
vn -0.500713 -0.759608 0.415070
vn -0.184344 -0.548080 0.815859
vn -0.716148 0.594740 -0.365261
vn -0.025208 -0.517155 0.855521
vn -0.494685 -0.215052 0.842045
vn 0.092965 -0.411069 0.906852
vn 0.490084 -0.567068 0.662006
vn 0.870033 0.486533 -0.079553
vn -0.449140 -0.062230 0.891292
vn 0.049795 -0.810617 -0.583455
vn 0.099222 -0.099639 0.990065
vn 0.593875 -0.218803 0.774234
vn 0.138509 -0.258248 0.956098
vn 0.983675 0.027745 -0.177803
vn 0.915842 -0.120725 0.382961
vn 0.215451 -0.178617 0.960040
vn 0.082854 -0.314416 0.945662
vn 0.471013 -0.020949 0.881877
vn -0.860395 -0.314416 0.401077
vn -0.939145 -0.178617 0.293434
vn -0.999235 -0.020949 0.033029
vn -0.940206 0.249273 -0.232111
vn -0.612372 0.707107 -0.353553
vn -0.836516 0.258819 -0.482963
vn -0.724330 0.681025 -0.107474
vn -0.350421 0.930298 0.108402
vn -0.207160 0.666606 0.716045
vn 0.081332 0.930298 0.357675
vn -0.516533 0.666606 0.537429
vn -0.784458 0.487989 0.382743
vn 0.500000 0.000000 -0.866025
vn -0.373332 -0.080136 0.924230
vn -0.262952 -0.067921 0.962415
vn 0.671117 0.249273 0.698187
vn 0.060764 0.487989 0.870732
vn 0.215451 0.178617 0.960040
vn 0.455240 0.681025 0.573551
vn -0.702000 0.067921 0.708931
vn -0.939145 0.178617 0.293434
vn -0.643178 0.185563 0.742891
vn -0.423655 0.253484 0.869633
vn -0.321774 0.185563 0.928455
vn -0.702000 -0.067921 0.708931
vn -0.613741 -0.080136 0.785430
vn -0.262952 0.067921 0.962415
vn -0.541297 0.253484 0.801713
vn -0.224144 0.965926 -0.129410
vn 0.696389 0.000000 0.717665
vn 0.224144 0.965926 0.129410
vn -0.969710 0.000000 -0.244258
vn -0.866025 0.000000 -0.500000
vn 0.836516 0.258819 0.482963
vn 0.612372 0.707107 0.353553
vn 0.866025 0.000000 0.500000
vn -0.215451 -0.178617 0.960040
vn -0.471013 -0.020949 0.881877
vn -0.082854 -0.314416 0.945662
vn 0.860395 -0.314416 0.401077
vn 0.999235 -0.020949 0.033029
vn 0.939145 -0.178617 0.293434
vn 0.541297 0.253484 0.801713
vn 0.207160 0.666606 0.716045
vn 0.423655 0.253484 0.869633
vn 0.516533 0.666606 0.537429
vn -0.500000 0.000000 -0.866025
vn 0.262952 -0.067921 0.962415
vn 0.373332 -0.080136 0.924230
vn 0.224144 0.965926 -0.129410
vn -0.081332 0.930298 0.357675
vn 0.350421 0.930298 0.108402
vn -0.224144 0.965926 0.129410
vn -0.696389 0.000000 0.717665
vn -0.671117 0.249273 0.698187
vn -0.215451 0.178617 0.960040
vn -0.060764 0.487989 0.870732
vn -0.455240 0.681025 0.573551
vn 0.784458 0.487989 0.382743
vn 0.702000 0.067921 0.708931
vn 0.939145 0.178617 0.293434
vn 0.643178 0.185563 0.742891
vn 0.321774 0.185563 0.928455
vn 0.702000 -0.067921 0.708931
vn 0.613741 -0.080136 0.785430
vn 0.262952 0.067921 0.962415
vn 0.612372 0.707107 -0.353553
vn 0.724330 0.681025 -0.107474
vn 0.836516 0.258819 -0.482963
vn 0.969710 0.000000 -0.244258
vn 0.866025 0.000000 -0.500000
vn 0.940206 0.249273 -0.232111
vn -0.836516 0.258819 0.482963
vn -0.612372 0.707107 0.353553
vn -0.866025 0.000000 0.500000
vn -0.126325 -0.033781 0.991414
vn -0.258819 0.000000 0.965926
vn -0.135964 -0.031366 0.990217
vn 0.258819 0.000000 0.965926
vn 0.126325 -0.033781 0.991414
vn 0.135964 -0.031366 0.990217
vn 0.365692 -0.225372 0.903038
vn 0.480233 -0.055546 0.875380
vn 0.000000 0.171929 0.985109
vn -0.480233 -0.055546 0.875380
vn -0.520912 0.146760 0.840900
vn 0.480233 0.348786 0.804813
vn 0.365692 0.517942 0.773308
vn 0.520912 0.146760 0.840900
vn 0.196928 0.629128 0.751942
vn 0.000000 0.667737 0.744398
vn 0.196928 -0.337223 0.920597
vn 0.000000 -0.376105 0.926577
vn -0.196928 -0.337223 0.920597
vn -0.196928 0.629128 0.751942
vn -0.365692 0.517942 0.773308
vn -0.480233 0.348786 0.804813
vn -0.365692 -0.225372 0.903038
vn -0.304703 -0.646128 0.699768
vn 0.000000 -0.705573 0.708637
vn 0.809523 0.100938 0.578346
vn 0.745747 0.413732 0.522194
vn -0.566852 -0.474453 0.673479
vn 0.566852 -0.474453 0.673479
vn 0.304703 -0.646128 0.699768
vn -0.809523 0.100938 0.578346
vn -0.745747 0.413732 0.522194
vn -0.304703 0.844967 0.439530
vn 0.000000 0.903903 0.427738
vn 0.566852 0.674537 0.472948
vn 0.304703 0.844967 0.439530
vn 0.745747 -0.212386 0.631469
vn -0.745747 -0.212386 0.631469
vn -0.566852 0.674537 0.472948
vn -0.821190 -0.265931 0.504903
vn -0.891360 0.077935 0.446547
vn -0.624265 -0.553633 0.551165
vn 0.821190 -0.265931 0.504903
vn 0.891360 0.077935 0.446547
vn 0.821190 0.421240 0.384973
vn 0.624265 0.707603 0.331045
vn -0.335582 0.894794 0.294498
vn -0.624265 0.707603 0.331045
vn 0.335582 0.894794 0.294498
vn -0.335582 -0.742137 0.580188
vn 0.000000 -0.807407 0.589994
vn 0.335582 -0.742137 0.580188
vn 0.624265 -0.553633 0.551165
vn -0.821190 0.421240 0.384973
vn 0.000000 0.959527 0.281615
vn 0.556106 0.362703 0.747792
vn -0.068765 0.145808 0.986920
vn -0.083051 0.174671 0.981118
vn -0.046616 0.127958 0.990684
vn 0.597844 0.136690 0.789873
vn -0.080413 0.207197 0.974989
vn 0.428179 0.557312 0.711383
vn -0.022892 0.119312 0.992593
vn 0.550333 -0.087140 0.830385
vn -0.060938 0.233612 0.970418
vn 0.421349 -0.277141 0.863514
vn -0.032060 0.248935 0.967990
vn 0.911972 -0.344612 0.222598
vn 0.987111 0.027515 0.157652
vn 0.911972 0.399641 0.092705
vn 0.232546 0.688478 0.686964
vn 0.000000 0.116894 0.993144
vn 0.228428 -0.405222 0.885221
vn 0.000000 0.253738 0.967273
vn 0.911972 -0.399641 -0.092705
vn 0.697993 -0.660085 0.277657
vn 0.987111 -0.027515 -0.157652
vn 0.377751 -0.870877 0.314447
vn 0.697993 0.715114 0.037647
vn 0.377751 0.925907 0.000857
vn 0.911972 0.344612 -0.222598
vn 0.000000 -0.450458 0.892798
vn 0.000000 -0.944898 0.327365
vn -0.228428 -0.405222 0.885221
vn 0.032060 0.248935 0.967990
vn -0.377751 -0.870877 0.314447
vn -0.421349 -0.277141 0.863514
vn 0.060938 0.233612 0.970418
vn -0.550333 -0.087140 0.830385
vn 0.080413 0.207197 0.974989
vn -0.697993 -0.660085 0.277657
vn -0.597844 0.136690 0.789873
vn 0.083051 0.174671 0.981118
vn -0.556106 0.362703 0.747792
vn 0.068765 0.145808 0.986920
vn 0.046616 0.127958 0.990684
vn -0.911972 -0.344612 0.222598
vn -0.697993 -0.715114 -0.037647
vn -0.987111 0.027515 0.157652
vn -0.428179 0.557312 0.711383
vn 0.022892 0.119312 0.992593
vn -0.377751 -0.925907 -0.000857
vn -0.911972 -0.399641 -0.092705
vn -0.232546 0.688478 0.686964
vn 0.000000 0.734701 0.678391
vn -0.377751 0.925907 0.000857
vn 0.000000 0.999927 -0.012061
vn 0.000000 -0.999927 0.012061
vn -0.697993 0.715114 0.037647
vn -0.911972 0.399641 0.092705
vn -0.697993 0.660085 -0.277657
vn -0.377751 0.870877 -0.314447
vn 0.000000 0.944898 -0.327365
vn -0.987111 -0.027515 -0.157652
vn -0.911972 0.344612 -0.222598
vn -0.624972 0.535240 -0.568268
vn 0.377751 0.870877 -0.314447
vn -0.338232 0.723980 -0.601208
vn 0.697993 0.660085 -0.277657
vn -0.816565 -0.413621 -0.402665
vn -0.883844 -0.080425 -0.460817
vn -0.816565 0.252770 -0.518969
vn -0.479664 0.346198 -0.806269
vn -0.624972 -0.696091 -0.353366
vn -0.338232 -0.884831 -0.320425
vn -0.479664 -0.598845 -0.641332
vn -0.626711 -0.382050 -0.679169
vn -0.678348 -0.126323 -0.723800
vn -0.626711 0.129404 -0.768432
vn -0.259592 0.491056 -0.831550
vn 0.000000 0.790257 -0.612775
vn 0.338232 0.723980 -0.601208
vn 0.624972 0.535240 -0.568268
vn 0.816565 0.252770 -0.518969
vn 0.883844 -0.080425 -0.460817
vn 0.816565 -0.413621 -0.402665
vn 0.697993 -0.715114 -0.037647
vn 0.377751 -0.925907 -0.000857
vn 0.624972 -0.696091 -0.353366
vn 0.626711 -0.382050 -0.679169
vn 0.678348 -0.126323 -0.723800
vn 0.626711 0.129404 -0.768432
vn 0.338232 -0.884831 -0.320425
vn 0.479664 -0.598845 -0.641332
vn 0.000000 -0.951108 -0.308858
vn 0.479664 0.346198 -0.806269
vn 0.259592 -0.743703 -0.616050
vn -0.259592 -0.743703 -0.616050
vn 0.259592 0.491056 -0.831550
vn 0.000000 -0.794570 -0.607173
vn 0.000000 -0.534314 -0.845286
vn 0.145813 -0.505742 -0.850272
vn 0.000000 -0.171929 -0.985109
vn -0.145813 -0.505742 -0.850272
vn 0.269428 -0.424375 -0.864473
vn -0.269428 -0.424375 -0.864473
vn 0.352025 -0.302602 -0.885726
vn -0.352025 -0.302602 -0.885726
vn 0.381029 -0.158959 -0.910796
vn -0.381029 -0.158959 -0.910796
vn 0.352025 -0.015317 -0.935865
vn -0.352025 -0.015317 -0.935865
vn 0.269428 0.106457 -0.957118
vn -0.269428 0.106457 -0.957118
vn 0.145813 0.187824 -0.971319
vn -0.145813 0.187824 -0.971319
vn 0.000000 0.216396 -0.976306
vn 0.000000 0.541923 -0.840428
usemtl colormap
f 1/1/1 2/2/1 3/3/1
f 3/3/1 2/2/1 4/4/1
f 4/4/1 2/2/1 5/4/1
f 5/4/1 2/2/1 6/3/1
f 6/3/1 2/2/1 7/1/1
f 8/2/1 7/1/1 2/2/1
f 9/3/2 10/1/3 11/5/4
f 12/6/5 11/5/4 10/1/3
f 13/7/6 11/5/4 14/2/7
f 15/2/8 14/2/7 11/5/4
f 9/3/2 11/5/4 16/4/9
f 13/7/6 16/4/9 11/5/4
f 11/5/4 12/6/5 15/2/8
f 17/2/10 15/2/8 12/6/5
f 9/3/2 6/3/11 10/1/3
f 7/1/12 10/1/3 6/3/11
f 6/3/11 9/3/2 5/4/13
f 16/4/9 5/4/13 9/3/2
f 4/4/14 5/4/13 18/4/15
f 16/4/9 18/4/15 5/4/13
f 8/2/16 2/2/16 17/2/16
f 2/2/16 19/2/16 17/2/16
f 17/2/16 19/2/16 15/2/16
f 19/2/16 20/2/16 15/2/16
f 15/2/16 20/2/16 14/2/16
f 21/2/16 14/2/16 20/2/16
f 22/6/17 23/5/18 19/2/19
f 20/2/20 19/2/19 23/5/18
f 24/3/21 25/1/22 3/3/23
f 1/1/24 3/3/23 25/1/22
f 24/3/21 23/5/18 25/1/22
f 22/6/17 25/1/22 23/5/18
f 23/5/18 26/7/25 20/2/20
f 21/2/26 20/2/20 26/7/25
f 24/3/21 18/4/15 23/5/18
f 26/7/25 23/5/18 18/4/15
f 3/3/23 4/4/14 24/3/21
f 18/4/15 24/3/21 4/4/14
f 18/4/15 16/4/9 26/7/25
f 13/7/6 26/7/25 16/4/9
f 21/2/26 26/7/25 14/2/7
f 13/7/6 14/2/7 26/7/25
f 10/1/3 7/1/12 12/6/5
f 12/6/5 7/1/12 17/2/10
f 8/2/27 17/2/10 7/1/12
f 25/1/22 22/6/17 1/1/24
f 1/1/24 22/6/17 2/2/28
f 19/2/19 2/2/28 22/6/17
f 27/7/29 28/2/30 29/7/31
f 28/2/30 27/7/29 30/2/32
f 31/2/16 32/2/16 33/2/16
f 34/2/16 32/2/16 31/2/16
f 35/2/16 32/2/16 34/2/16
f 36/2/16 32/2/16 35/2/16
f 36/2/16 37/2/16 32/2/16
f 38/2/16 37/2/16 36/2/16
f 37/2/16 38/2/16 39/2/16
f 40/2/16 39/2/16 38/2/16
f 41/2/16 39/2/16 40/2/16
f 42/2/16 39/2/16 41/2/16
f 28/2/16 39/2/16 42/2/16
f 39/2/16 28/2/16 30/2/16
f 43/1/33 41/2/34 40/2/27
f 41/2/34 43/1/33 44/6/35
f 44/6/35 43/1/33 45/1/36
f 46/4/37 29/7/31 47/4/38
f 29/7/31 46/4/37 27/7/29
f 48/7/39 37/2/40 39/2/41
f 37/2/40 48/7/39 49/7/42
f 50/4/27 38/2/27 36/2/27
f 38/2/27 50/4/27 51/4/27
f 52/4/43 49/7/42 48/7/39
f 49/7/42 52/4/43 53/4/44
f 54/6/45 35/2/27 34/2/46
f 35/2/27 54/6/45 55/1/33
f 55/1/33 54/6/45 56/1/47
f 52/4/43 27/7/29 46/4/37
f 27/7/29 52/4/43 48/7/39
f 53/4/44 57/7/48 49/7/42
f 57/7/48 53/4/44 58/4/49
f 49/7/42 32/2/50 37/2/40
f 32/2/50 49/7/42 57/7/48
f 48/7/39 30/2/32 27/7/29
f 30/2/32 48/7/39 39/2/41
f 59/4/51 50/4/52 60/4/53
f 58/4/49 50/4/52 59/4/51
f 53/4/44 50/4/52 58/4/49
f 53/4/44 51/4/52 50/4/52
f 52/4/43 51/4/52 53/4/44
f 52/4/43 61/4/53 51/4/52
f 46/4/37 61/4/53 52/4/43
f 61/4/53 46/4/37 47/4/38
f 29/7/31 42/2/54 62/5/55
f 42/2/54 29/7/31 28/2/30
f 63/3/56 61/4/53 47/4/38
f 61/4/53 63/3/56 64/3/11
f 64/3/11 45/1/36 43/1/33
f 45/1/36 64/3/11 63/3/56
f 44/6/35 42/2/54 41/2/34
f 42/2/54 44/6/35 62/5/55
f 47/4/38 62/5/55 63/3/56
f 62/5/55 47/4/38 29/7/31
f 45/1/36 62/5/55 44/6/35
f 62/5/55 45/1/36 63/3/56
f 38/2/57 43/1/57 40/2/57
f 43/1/57 38/2/57 64/3/57
f 64/3/57 38/2/57 61/4/57
f 61/4/57 38/2/57 51/4/57
f 32/2/50 65/7/58 33/2/59
f 65/7/58 32/2/50 57/7/48
f 57/7/48 59/4/51 65/7/58
f 59/4/51 57/7/48 58/4/49
f 56/1/47 66/3/11 55/1/33
f 66/3/11 56/1/47 67/3/60
f 33/2/59 68/5/61 31/2/62
f 68/5/61 33/2/59 65/7/58
f 65/7/58 67/3/60 68/5/61
f 67/3/60 65/7/58 59/4/51
f 68/5/61 34/2/46 31/2/62
f 34/2/46 68/5/61 54/6/45
f 68/5/61 56/1/47 54/6/45
f 56/1/47 68/5/61 67/3/60
f 67/3/60 60/4/53 66/3/11
f 60/4/53 67/3/60 59/4/51
f 66/3/1 35/2/1 55/1/1
f 35/2/1 66/3/1 36/2/1
f 36/2/1 66/3/1 60/4/1
f 36/2/1 60/4/1 50/4/1
f 69/2/63 70/2/64 71/2/63
f 70/2/64 69/2/63 72/2/64
f 73/8/57 74/9/57 75/10/57
f 74/9/57 73/8/57 72/2/57
f 74/9/57 72/2/57 76/11/57
f 76/11/57 72/2/57 69/2/57
f 76/11/57 69/2/57 77/12/57
f 77/12/57 69/2/57 78/4/57
f 78/4/57 69/2/57 79/13/57
f 79/13/57 69/2/57 80/14/57
f 81/9/1 82/8/1 83/10/1
f 82/8/1 81/9/1 70/2/1
f 70/2/1 81/9/1 84/11/1
f 70/2/1 84/11/1 71/2/1
f 71/2/1 84/11/1 85/12/1
f 71/2/1 85/12/1 86/4/1
f 71/2/1 86/4/1 87/13/1
f 71/2/1 87/13/1 88/14/1
f 76/11/65 81/9/66 74/9/66
f 81/9/66 76/11/65 84/11/65
f 76/11/65 85/12/67 84/11/65
f 85/12/67 76/11/65 77/12/67
f 77/12/67 86/4/68 85/12/67
f 86/4/68 77/12/67 78/4/68
f 74/9/66 83/10/69 75/10/69
f 83/10/69 74/9/66 81/9/66
f 72/2/64 82/8/70 70/2/64
f 82/8/70 72/2/64 73/8/70
f 75/10/69 82/8/70 73/8/70
f 82/8/70 75/10/69 83/10/69
f 88/14/71 69/2/72 71/2/72
f 69/2/72 88/14/71 80/14/71
f 78/4/68 87/13/73 86/4/68
f 87/13/73 78/4/68 79/13/73
f 87/13/73 80/14/71 88/14/71
f 80/14/71 87/13/73 79/13/73
f 89/6/74 90/2/28 91/2/75
f 90/2/28 89/6/74 92/1/24
f 92/1/24 89/6/74 93/1/76
f 94/1/12 95/2/77 96/2/27
f 95/2/77 94/1/12 97/6/78
f 97/6/78 94/1/12 98/1/79
f 99/7/80 100/2/81 101/7/82
f 100/2/81 99/7/80 102/2/83
f 103/4/84 99/7/80 101/7/82
f 99/7/80 103/4/84 104/4/85
f 105/4/14 106/3/86 104/4/85
f 106/3/86 105/4/14 107/3/23
f 104/4/85 108/5/87 99/7/80
f 108/5/87 104/4/85 106/3/86
f 99/7/80 109/2/88 102/2/83
f 109/2/88 99/7/80 108/5/87
f 108/5/87 93/1/76 89/6/74
f 93/1/76 108/5/87 106/3/86
f 93/1/76 107/3/23 92/1/24
f 107/3/23 93/1/76 106/3/86
f 108/5/87 91/2/75 109/2/88
f 91/2/75 108/5/87 89/6/74
f 109/2/16 100/2/16 102/2/16
f 100/2/16 109/2/16 110/2/16
f 110/2/16 109/2/16 91/2/16
f 110/2/16 91/2/16 95/2/16
f 95/2/16 91/2/16 90/2/16
f 95/2/16 90/2/16 96/2/16
f 111/4/13 104/4/85 103/4/84
f 104/4/85 111/4/13 105/4/14
f 112/3/89 111/4/13 103/4/84
f 111/4/13 112/3/89 113/3/11
f 113/3/11 98/1/79 94/1/12
f 98/1/79 113/3/11 112/3/89
f 97/6/78 110/2/90 95/2/77
f 110/2/90 97/6/78 114/5/91
f 114/5/91 103/4/84 101/7/82
f 103/4/84 114/5/91 112/3/89
f 114/5/91 100/2/81 110/2/90
f 100/2/81 114/5/91 101/7/82
f 98/1/79 114/5/91 97/6/78
f 114/5/91 98/1/79 112/3/89
f 90/2/57 94/1/57 96/2/57
f 94/1/57 90/2/57 113/3/57
f 113/3/57 90/2/57 111/4/57
f 111/4/57 90/2/57 105/4/57
f 105/4/57 90/2/57 107/3/57
f 107/3/57 90/2/57 92/1/57
f 115/15/92 116/16/93 117/15/93
f 116/16/93 115/15/92 118/16/92
f 119/16/94 120/15/95 121/15/94
f 120/15/95 119/16/94 122/16/95
f 123/16/96 124/15/97 125/16/97
f 124/15/97 123/16/96 126/15/96
f 124/15/97 127/16/98 125/16/97
f 127/16/98 124/15/97 128/15/98
f 121/15/94 129/16/99 119/16/94
f 129/16/99 121/15/94 130/15/99
f 126/15/96 118/16/92 115/15/92
f 118/16/92 126/15/96 123/16/96
f 127/16/98 120/15/95 122/16/95
f 120/15/95 127/16/98 128/15/98
f 129/16/99 117/15/93 116/16/93
f 117/15/93 129/16/99 130/15/99
f 123/16/100 116/16/100 118/16/100
f 116/16/100 123/16/100 131/16/100
f 131/16/100 123/16/100 132/16/100
f 133/16/100 116/16/100 131/16/100
f 132/16/100 123/16/100 125/16/100
f 132/16/100 125/16/100 134/16/100
f 116/16/100 133/16/100 129/16/100
f 129/16/100 133/16/100 135/16/100
f 129/16/100 135/16/100 136/16/100
f 134/16/100 125/16/100 127/16/100
f 129/16/100 136/16/100 119/16/100
f 134/16/100 127/16/100 137/16/100
f 119/16/100 136/16/100 138/16/100
f 137/16/100 127/16/100 138/16/100
f 119/16/100 138/16/100 127/16/100
f 119/16/100 127/16/100 122/16/100
f 139/2/100 140/2/100 141/2/100
f 140/2/100 139/2/100 142/2/100
f 142/2/100 139/2/100 143/2/100
f 142/2/100 143/2/100 144/2/100
f 142/2/100 144/2/100 145/2/100
f 145/2/100 144/2/100 146/2/100
f 142/2/101 133/16/102 140/2/102
f 133/16/102 142/2/101 135/16/101
f 136/16/103 142/2/101 145/2/103
f 142/2/101 136/16/103 135/16/101
f 131/16/104 140/2/102 133/16/102
f 140/2/102 131/16/104 141/2/104
f 132/16/105 141/2/104 131/16/104
f 141/2/104 132/16/105 139/2/105
f 145/2/103 138/16/106 136/16/103
f 138/16/106 145/2/103 146/2/106
f 134/16/107 144/2/108 143/2/107
f 144/2/108 134/16/107 137/16/108
f 132/16/105 143/2/107 139/2/105
f 143/2/107 132/16/105 134/16/107
f 146/2/106 137/16/108 138/16/106
f 137/16/108 146/2/106 144/2/108
f 147/15/92 148/16/93 149/15/93
f 148/16/93 147/15/92 150/16/92
f 151/16/94 152/15/95 153/15/94
f 152/15/95 151/16/94 154/16/95
f 155/15/96 156/16/97 157/16/96
f 156/16/97 155/15/96 158/15/97
f 156/16/97 159/15/98 160/16/98
f 159/15/98 156/16/97 158/15/97
f 153/15/94 161/16/99 151/16/94
f 161/16/99 153/15/94 162/15/99
f 147/15/92 157/16/96 150/16/92
f 157/16/96 147/15/92 155/15/96
f 160/16/98 152/15/95 154/16/95
f 152/15/95 160/16/98 159/15/98
f 162/15/99 148/16/93 161/16/99
f 148/16/93 162/15/99 149/15/93
f 163/2/100 164/2/100 165/2/100
f 164/2/100 163/2/100 166/2/100
f 164/2/100 166/2/100 167/2/100
f 167/2/100 166/2/100 168/2/100
f 167/2/100 168/2/100 169/2/100
f 169/2/100 168/2/100 170/2/100
f 157/16/100 148/16/100 150/16/100
f 148/16/100 157/16/100 171/16/100
f 171/16/100 157/16/100 172/16/100
f 173/16/100 148/16/100 171/16/100
f 172/16/100 157/16/100 156/16/100
f 172/16/100 156/16/100 174/16/100
f 148/16/100 173/16/100 161/16/100
f 161/16/100 173/16/100 175/16/100
f 161/16/100 175/16/100 176/16/100
f 174/16/100 156/16/100 160/16/100
f 161/16/100 176/16/100 151/16/100
f 174/16/100 160/16/100 177/16/100
f 151/16/100 176/16/100 178/16/100
f 177/16/100 160/16/100 178/16/100
f 151/16/100 178/16/100 160/16/100
f 151/16/100 160/16/100 154/16/100
f 176/16/103 167/2/101 169/2/103
f 167/2/101 176/16/103 175/16/101
f 172/16/105 165/2/104 171/16/104
f 165/2/104 172/16/105 163/2/105
f 171/16/104 164/2/102 173/16/102
f 164/2/102 171/16/104 165/2/104
f 169/2/103 178/16/106 176/16/103
f 178/16/106 169/2/103 170/2/106
f 166/2/107 177/16/108 168/2/108
f 177/16/108 166/2/107 174/16/107
f 168/2/108 178/16/106 170/2/106
f 178/16/106 168/2/108 177/16/108
f 172/16/105 166/2/107 163/2/105
f 166/2/107 172/16/105 174/16/107
f 167/2/101 173/16/102 164/2/102
f 173/16/102 167/2/101 175/16/101
f 179/2/57 180/4/57 181/2/57
f 180/4/57 179/2/57 182/4/57
f 180/4/11 183/2/109 181/2/109
f 183/2/109 180/4/11 184/4/11
f 185/4/1 183/2/1 184/4/1
f 183/2/1 185/4/1 186/2/1
f 185/4/23 179/2/110 186/2/110
f 179/2/110 185/4/23 182/4/23
f 180/4/11 185/4/23 184/4/11
f 185/4/23 180/4/11 182/4/23
f 179/2/110 183/2/109 186/2/110
f 183/2/109 179/2/110 181/2/109
f 187/2/57 188/4/57 189/2/57
f 188/4/57 187/2/57 190/4/57
f 188/4/11 191/2/109 189/2/109
f 191/2/109 188/4/11 192/4/11
f 193/4/1 191/2/1 192/4/1
f 191/2/1 193/4/1 194/2/1
f 193/4/23 187/2/110 194/2/110
f 187/2/110 193/4/23 190/4/23
f 188/4/11 193/4/23 192/4/11
f 193/4/23 188/4/11 190/4/23
f 187/2/110 191/2/109 194/2/110
f 191/2/109 187/2/110 189/2/109
f 195/2/16 196/2/16 197/2/16
f 196/2/16 195/2/16 198/2/16
f 198/2/57 199/4/57 196/2/57
f 199/4/57 198/2/57 200/4/57
f 201/4/28 198/2/28 195/2/28
f 198/2/28 201/4/28 200/4/28
f 199/4/27 197/2/27 196/2/27
f 197/2/27 199/4/27 202/4/27
f 201/4/1 197/2/1 202/4/1
f 197/2/1 201/4/1 195/2/1
f 199/4/52 201/4/52 202/4/52
f 201/4/52 199/4/52 200/4/52
f 203/2/111 204/4/57 205/2/57
f 204/4/57 203/2/111 206/4/111
f 204/4/27 207/2/27 205/2/27
f 207/2/27 204/4/27 208/4/27
f 209/4/112 210/2/113 211/2/112
f 210/2/113 209/4/112 212/4/113
f 213/4/114 207/2/1 208/4/1
f 207/2/1 213/4/114 214/2/114
f 215/4/115 211/2/112 216/2/115
f 211/2/112 215/4/115 209/4/112
f 215/4/115 214/2/114 213/4/114
f 214/2/114 215/4/115 216/2/115
f 217/2/116 206/4/111 203/2/111
f 206/4/111 217/2/116 218/4/116
f 212/4/113 217/2/116 210/2/113
f 217/2/116 212/4/113 218/4/116
f 204/4/52 213/4/52 208/4/52
f 213/4/52 204/4/52 215/4/52
f 215/4/52 204/4/52 209/4/52
f 209/4/52 204/4/52 212/4/52
f 212/4/52 204/4/52 218/4/52
f 218/4/52 204/4/52 206/4/52
f 216/2/16 207/2/16 214/2/16
f 207/2/16 216/2/16 205/2/16
f 205/2/16 216/2/16 211/2/16
f 205/2/16 211/2/16 210/2/16
f 205/2/16 210/2/16 217/2/16
f 205/2/16 217/2/16 203/2/16
f 219/4/27 220/2/27 221/2/27
f 220/2/27 219/4/27 222/4/27
f 223/4/28 224/2/28 225/2/28
f 224/2/28 223/4/28 226/4/28
f 223/4/1 220/2/1 222/4/1
f 220/2/1 223/4/1 225/2/1
f 219/4/52 223/4/52 222/4/52
f 223/4/52 219/4/52 226/4/52
f 224/2/57 219/4/57 221/2/57
f 219/4/57 224/2/57 226/4/57
f 225/2/16 221/2/16 220/2/16
f 221/2/16 225/2/16 224/2/16
f 227/17/117 228/18/118 229/18/118
f 228/18/118 227/17/117 230/17/117
f 231/19/119 232/20/120 233/20/120
f 232/20/120 231/19/119 234/19/119
f 228/18/121 232/20/121 229/18/121
f 232/20/121 228/18/121 233/20/121
f 228/18/122 231/19/122 233/20/122
f 231/19/122 228/18/122 235/21/122
f 236/22/122 235/21/122 228/18/122
f 235/21/122 236/22/122 237/23/122
f 236/22/122 228/18/122 230/17/122
f 236/22/122 230/17/122 238/24/122
f 237/23/123 239/22/123 240/23/123
f 239/22/123 237/23/123 236/22/123
f 239/22/124 238/24/125 241/24/125
f 238/24/125 239/22/124 236/22/124
f 237/23/126 242/21/127 235/21/127
f 242/21/127 237/23/126 240/23/126
f 235/21/127 234/19/119 231/19/119
f 234/19/119 235/21/127 242/21/127
f 241/24/125 230/17/117 227/17/117
f 230/17/117 241/24/125 238/24/125
f 239/22/128 242/21/128 240/23/128
f 242/21/128 239/22/128 234/19/128
f 229/18/128 234/19/128 239/22/128
f 234/19/128 229/18/128 232/20/128
f 229/18/128 239/22/128 241/24/128
f 229/18/128 241/24/128 227/17/128
f 243/17/117 244/18/118 245/18/118
f 244/18/118 243/17/117 246/17/117
f 247/19/119 248/20/120 249/20/120
f 248/20/120 247/19/119 250/19/119
f 244/18/121 248/20/121 245/18/121
f 248/20/121 244/18/121 249/20/121
f 244/18/122 247/19/122 249/20/122
f 247/19/122 244/18/122 251/21/122
f 252/22/122 251/21/122 244/18/122
f 251/21/122 252/22/122 253/23/122
f 252/22/122 244/18/122 246/17/122
f 252/22/122 246/17/122 254/24/122
f 253/23/123 255/22/123 256/23/123
f 255/22/123 253/23/123 252/22/123
f 255/22/124 254/24/125 257/24/125
f 254/24/125 255/22/124 252/22/124
f 253/23/126 258/21/127 251/21/127
f 258/21/127 253/23/126 256/23/126
f 251/21/127 250/19/119 247/19/119
f 250/19/119 251/21/127 258/21/127
f 257/24/125 246/17/117 243/17/117
f 246/17/117 257/24/125 254/24/125
f 255/22/128 258/21/128 256/23/128
f 258/21/128 255/22/128 250/19/128
f 245/18/128 250/19/128 255/22/128
f 250/19/128 245/18/128 248/20/128
f 245/18/128 255/22/128 257/24/128
f 245/18/128 257/24/128 243/17/128
f 259/18/16 260/18/16 261/18/16
f 260/18/16 259/18/16 262/18/16
f 259/18/57 263/25/57 262/18/57
f 263/25/57 259/18/57 264/26/57
f 264/26/57 259/18/57 265/27/129
f 265/27/129 259/18/57 266/28/130
f 267/29/27 263/25/27 268/25/27
f 267/29/27 262/18/27 263/25/27
f 262/18/27 267/29/27 260/18/27
f 269/29/27 260/18/27 267/29/27
f 260/18/27 269/29/27 270/25/27
f 270/25/27 269/29/27 271/25/27
f 267/29/131 272/30/131 269/29/131
f 272/30/131 267/29/131 273/30/131
f 271/25/132 274/26/132 270/25/132
f 274/26/132 271/25/132 275/26/132
f 272/30/57 271/25/57 269/29/57
f 271/25/57 272/30/57 275/26/57
f 263/25/132 276/26/132 268/25/132
f 276/26/132 263/25/132 264/26/132
f 276/26/1 267/29/1 268/25/1
f 267/29/1 276/26/1 273/30/1
f 274/26/1 260/18/1 270/25/1
f 260/18/1 274/26/1 261/18/1
f 261/18/1 274/26/1 277/27/133
f 261/18/1 277/27/133 278/28/134
f 266/28/130 279/31/135 265/27/129
f 279/31/135 266/28/130 280/32/136
f 279/31/135 281/29/137 282/33/138
f 281/29/137 279/31/135 280/32/136
f 283/31/139 278/28/134 277/27/133
f 278/28/134 283/31/139 284/32/140
f 285/33/141 284/32/140 283/31/139
f 284/32/140 285/33/141 286/29/142
f 284/32/110 261/18/110 278/28/110
f 261/18/110 284/32/110 259/18/110
f 259/18/110 284/32/110 286/29/142
f 259/18/110 286/29/142 281/29/137
f 259/18/110 281/29/137 280/32/110
f 259/18/110 280/32/110 266/28/110
f 265/27/143 276/26/143 264/26/143
f 276/26/143 265/27/143 275/26/143
f 272/30/143 276/26/143 275/26/143
f 276/26/143 272/30/143 273/30/143
f 275/26/143 265/27/143 274/26/143
f 274/26/143 265/27/143 277/27/143
f 277/27/143 265/27/143 279/31/143
f 277/27/143 279/31/143 283/31/143
f 283/31/143 279/31/143 282/33/143
f 283/31/143 282/33/143 285/33/143
f 287/34/144 288/34/144 289/34/144
f 288/34/144 287/34/144 290/34/144
f 288/34/144 290/34/144 291/34/144
f 291/34/144 290/34/144 292/34/144
f 291/34/144 292/34/144 293/34/144
f 293/34/144 292/34/144 294/34/144
f 295/34/144 296/34/144 297/34/144
f 296/34/144 295/34/144 298/34/144
f 296/34/144 298/34/144 299/34/144
f 299/34/144 298/34/144 300/34/144
f 299/34/144 300/34/144 301/34/144
f 301/34/144 300/34/144 302/34/144
f 303/35/145 294/36/146 304/35/147
f 294/36/146 303/35/145 293/36/148
f 304/35/147 292/36/149 305/35/150
f 292/36/149 304/35/147 294/36/146
f 291/36/151 303/35/145 306/35/152
f 303/35/145 291/36/151 293/36/148
f 290/36/153 307/35/154 308/35/155
f 307/35/154 290/36/153 287/36/156
f 305/35/150 290/36/153 308/35/155
f 290/36/153 305/35/150 292/36/149
f 309/35/157 291/36/151 306/35/152
f 291/36/151 309/35/157 288/36/158
f 287/36/156 310/35/159 307/35/154
f 310/35/159 287/36/156 289/36/160
f 289/36/160 309/35/157 310/35/159
f 309/35/157 289/36/160 288/36/158
f 306/35/152 128/37/161 124/37/162
f 128/37/161 306/35/152 303/35/145
f 307/35/154 115/37/1 117/37/163
f 115/37/1 307/35/154 310/35/159
f 308/35/155 117/37/163 130/37/164
f 117/37/163 308/35/155 307/35/154
f 120/37/57 305/35/150 121/37/165
f 305/35/150 120/37/57 304/35/147
f 128/37/161 304/35/147 120/37/57
f 304/35/147 128/37/161 303/35/145
f 126/37/166 306/35/152 124/37/162
f 306/35/152 126/37/166 309/35/157
f 121/37/165 308/35/155 130/37/164
f 308/35/155 121/37/165 305/35/150
f 309/35/157 115/37/1 310/35/159
f 115/37/1 309/35/157 126/37/166
f 311/35/145 302/36/146 312/35/147
f 302/36/146 311/35/145 301/36/148
f 312/35/147 300/36/149 313/35/150
f 300/36/149 312/35/147 302/36/146
f 299/36/151 311/35/145 314/35/152
f 311/35/145 299/36/151 301/36/148
f 298/36/153 315/35/154 316/35/155
f 315/35/154 298/36/153 295/36/156
f 313/35/150 298/36/153 316/35/155
f 298/36/153 313/35/150 300/36/149
f 317/35/157 299/36/151 314/35/152
f 299/36/151 317/35/157 296/36/158
f 295/36/156 318/35/159 315/35/154
f 318/35/159 295/36/156 297/36/160
f 297/36/160 317/35/157 318/35/159
f 317/35/157 297/36/160 296/36/158
f 314/35/152 159/37/161 158/37/162
f 159/37/161 314/35/152 311/35/145
f 315/35/154 147/37/1 149/37/163
f 147/37/1 315/35/154 318/35/159
f 162/37/164 315/35/154 149/37/163
f 315/35/154 162/37/164 316/35/155
f 152/37/57 313/35/150 153/37/165
f 313/35/150 152/37/57 312/35/147
f 152/37/57 311/35/145 312/35/147
f 311/35/145 152/37/57 159/37/161
f 155/37/166 314/35/152 158/37/162
f 314/35/152 155/37/166 317/35/157
f 313/35/150 162/37/164 153/37/165
f 162/37/164 313/35/150 316/35/155
f 317/35/157 147/37/1 318/35/159
f 147/37/1 317/35/157 155/37/166
f 282/38/138 286/39/142 285/38/141
f 286/39/142 282/38/138 281/39/137
f 1/1/1 2/2/1 3/3/1
f 3/3/1 2/2/1 4/4/1
f 4/4/1 2/2/1 5/4/1
f 5/4/1 2/2/1 6/3/1
f 6/3/1 2/2/1 7/1/1
f 8/2/1 7/1/1 2/2/1
f 9/3/2 10/1/3 11/5/4
f 12/6/5 11/5/4 10/1/3
f 13/7/6 11/5/4 14/2/7
f 15/2/8 14/2/7 11/5/4
f 9/3/2 11/5/4 16/4/9
f 13/7/6 16/4/9 11/5/4
f 11/5/4 12/6/5 15/2/8
f 17/2/10 15/2/8 12/6/5
f 9/3/2 6/3/11 10/1/3
f 7/1/12 10/1/3 6/3/11
f 6/3/11 9/3/2 5/4/13
f 16/4/9 5/4/13 9/3/2
f 4/4/14 5/4/13 18/4/15
f 16/4/9 18/4/15 5/4/13
f 8/2/16 2/2/16 17/2/16
f 2/2/16 19/2/16 17/2/16
f 17/2/16 19/2/16 15/2/16
f 19/2/16 20/2/16 15/2/16
f 15/2/16 20/2/16 14/2/16
f 21/2/16 14/2/16 20/2/16
f 22/6/17 23/5/18 19/2/19
f 20/2/20 19/2/19 23/5/18
f 24/3/21 25/1/22 3/3/23
f 1/1/24 3/3/23 25/1/22
f 24/3/21 23/5/18 25/1/22
f 22/6/17 25/1/22 23/5/18
f 23/5/18 26/7/25 20/2/20
f 21/2/26 20/2/20 26/7/25
f 24/3/21 18/4/15 23/5/18
f 26/7/25 23/5/18 18/4/15
f 3/3/23 4/4/14 24/3/21
f 18/4/15 24/3/21 4/4/14
f 18/4/15 16/4/9 26/7/25
f 13/7/6 26/7/25 16/4/9
f 21/2/26 26/7/25 14/2/7
f 13/7/6 14/2/7 26/7/25
f 10/1/3 7/1/12 12/6/5
f 12/6/5 7/1/12 17/2/10
f 8/2/27 17/2/10 7/1/12
f 25/1/22 22/6/17 1/1/24
f 1/1/24 22/6/17 2/2/28
f 19/2/19 2/2/28 22/6/17
f 27/7/29 28/2/30 29/7/31
f 28/2/30 27/7/29 30/2/32
f 31/2/16 32/2/16 33/2/16
f 34/2/16 32/2/16 31/2/16
f 35/2/16 32/2/16 34/2/16
f 36/2/16 32/2/16 35/2/16
f 36/2/16 37/2/16 32/2/16
f 38/2/16 37/2/16 36/2/16
f 37/2/16 38/2/16 39/2/16
f 40/2/16 39/2/16 38/2/16
f 41/2/16 39/2/16 40/2/16
f 42/2/16 39/2/16 41/2/16
f 28/2/16 39/2/16 42/2/16
f 39/2/16 28/2/16 30/2/16
f 43/1/33 41/2/34 40/2/27
f 41/2/34 43/1/33 44/6/35
f 44/6/35 43/1/33 45/1/36
f 46/4/37 29/7/31 47/4/38
f 29/7/31 46/4/37 27/7/29
f 48/7/39 37/2/40 39/2/41
f 37/2/40 48/7/39 49/7/42
f 50/4/27 38/2/27 36/2/27
f 38/2/27 50/4/27 51/4/27
f 52/4/43 49/7/42 48/7/39
f 49/7/42 52/4/43 53/4/44
f 54/6/45 35/2/27 34/2/46
f 35/2/27 54/6/45 55/1/33
f 55/1/33 54/6/45 56/1/47
f 52/4/43 27/7/29 46/4/37
f 27/7/29 52/4/43 48/7/39
f 53/4/44 57/7/48 49/7/42
f 57/7/48 53/4/44 58/4/49
f 49/7/42 32/2/50 37/2/40
f 32/2/50 49/7/42 57/7/48
f 48/7/39 30/2/32 27/7/29
f 30/2/32 48/7/39 39/2/41
f 59/4/51 50/4/52 60/4/53
f 58/4/49 50/4/52 59/4/51
f 53/4/44 50/4/52 58/4/49
f 53/4/44 51/4/52 50/4/52
f 52/4/43 51/4/52 53/4/44
f 52/4/43 61/4/53 51/4/52
f 46/4/37 61/4/53 52/4/43
f 61/4/53 46/4/37 47/4/38
f 29/7/31 42/2/54 62/5/55
f 42/2/54 29/7/31 28/2/30
f 63/3/56 61/4/53 47/4/38
f 61/4/53 63/3/56 64/3/11
f 64/3/11 45/1/36 43/1/33
f 45/1/36 64/3/11 63/3/56
f 44/6/35 42/2/54 41/2/34
f 42/2/54 44/6/35 62/5/55
f 47/4/38 62/5/55 63/3/56
f 62/5/55 47/4/38 29/7/31
f 45/1/36 62/5/55 44/6/35
f 62/5/55 45/1/36 63/3/56
f 38/2/57 43/1/57 40/2/57
f 43/1/57 38/2/57 64/3/57
f 64/3/57 38/2/57 61/4/57
f 61/4/57 38/2/57 51/4/57
f 32/2/50 65/7/58 33/2/59
f 65/7/58 32/2/50 57/7/48
f 57/7/48 59/4/51 65/7/58
f 59/4/51 57/7/48 58/4/49
f 56/1/47 66/3/11 55/1/33
f 66/3/11 56/1/47 67/3/60
f 33/2/59 68/5/61 31/2/62
f 68/5/61 33/2/59 65/7/58
f 65/7/58 67/3/60 68/5/61
f 67/3/60 65/7/58 59/4/51
f 68/5/61 34/2/46 31/2/62
f 34/2/46 68/5/61 54/6/45
f 68/5/61 56/1/47 54/6/45
f 56/1/47 68/5/61 67/3/60
f 67/3/60 60/4/53 66/3/11
f 60/4/53 67/3/60 59/4/51
f 66/3/1 35/2/1 55/1/1
f 35/2/1 66/3/1 36/2/1
f 36/2/1 66/3/1 60/4/1
f 36/2/1 60/4/1 50/4/1
f 69/2/63 70/2/64 71/2/63
f 70/2/64 69/2/63 72/2/64
f 73/8/57 74/9/57 75/10/57
f 74/9/57 73/8/57 72/2/57
f 74/9/57 72/2/57 76/11/57
f 76/11/57 72/2/57 69/2/57
f 76/11/57 69/2/57 77/12/57
f 77/12/57 69/2/57 78/4/57
f 78/4/57 69/2/57 79/13/57
f 79/13/57 69/2/57 80/14/57
f 81/9/1 82/8/1 83/10/1
f 82/8/1 81/9/1 70/2/1
f 70/2/1 81/9/1 84/11/1
f 70/2/1 84/11/1 71/2/1
f 71/2/1 84/11/1 85/12/1
f 71/2/1 85/12/1 86/4/1
f 71/2/1 86/4/1 87/13/1
f 71/2/1 87/13/1 88/14/1
f 76/11/65 81/9/66 74/9/66
f 81/9/66 76/11/65 84/11/65
f 76/11/65 85/12/67 84/11/65
f 85/12/67 76/11/65 77/12/67
f 77/12/67 86/4/68 85/12/67
f 86/4/68 77/12/67 78/4/68
f 74/9/66 83/10/69 75/10/69
f 83/10/69 74/9/66 81/9/66
f 72/2/64 82/8/70 70/2/64
f 82/8/70 72/2/64 73/8/70
f 75/10/69 82/8/70 73/8/70
f 82/8/70 75/10/69 83/10/69
f 88/14/71 69/2/72 71/2/72
f 69/2/72 88/14/71 80/14/71
f 78/4/68 87/13/73 86/4/68
f 87/13/73 78/4/68 79/13/73
f 87/13/73 80/14/71 88/14/71
f 80/14/71 87/13/73 79/13/73
f 89/6/74 90/2/28 91/2/75
f 90/2/28 89/6/74 92/1/24
f 92/1/24 89/6/74 93/1/76
f 94/1/12 95/2/77 96/2/27
f 95/2/77 94/1/12 97/6/78
f 97/6/78 94/1/12 98/1/79
f 99/7/80 100/2/81 101/7/82
f 100/2/81 99/7/80 102/2/83
f 103/4/84 99/7/80 101/7/82
f 99/7/80 103/4/84 104/4/85
f 105/4/14 106/3/86 104/4/85
f 106/3/86 105/4/14 107/3/23
f 104/4/85 108/5/87 99/7/80
f 108/5/87 104/4/85 106/3/86
f 99/7/80 109/2/88 102/2/83
f 109/2/88 99/7/80 108/5/87
f 108/5/87 93/1/76 89/6/74
f 93/1/76 108/5/87 106/3/86
f 93/1/76 107/3/23 92/1/24
f 107/3/23 93/1/76 106/3/86
f 108/5/87 91/2/75 109/2/88
f 91/2/75 108/5/87 89/6/74
f 109/2/16 100/2/16 102/2/16
f 100/2/16 109/2/16 110/2/16
f 110/2/16 109/2/16 91/2/16
f 110/2/16 91/2/16 95/2/16
f 95/2/16 91/2/16 90/2/16
f 95/2/16 90/2/16 96/2/16
f 111/4/13 104/4/85 103/4/84
f 104/4/85 111/4/13 105/4/14
f 112/3/89 111/4/13 103/4/84
f 111/4/13 112/3/89 113/3/11
f 113/3/11 98/1/79 94/1/12
f 98/1/79 113/3/11 112/3/89
f 97/6/78 110/2/90 95/2/77
f 110/2/90 97/6/78 114/5/91
f 114/5/91 103/4/84 101/7/82
f 103/4/84 114/5/91 112/3/89
f 114/5/91 100/2/81 110/2/90
f 100/2/81 114/5/91 101/7/82
f 98/1/79 114/5/91 97/6/78
f 114/5/91 98/1/79 112/3/89
f 90/2/57 94/1/57 96/2/57
f 94/1/57 90/2/57 113/3/57
f 113/3/57 90/2/57 111/4/57
f 111/4/57 90/2/57 105/4/57
f 105/4/57 90/2/57 107/3/57
f 107/3/57 90/2/57 92/1/57
f 115/15/92 116/16/93 117/15/93
f 116/16/93 115/15/92 118/16/92
f 119/16/94 120/15/95 121/15/94
f 120/15/95 119/16/94 122/16/95
f 123/16/96 124/15/97 125/16/97
f 124/15/97 123/16/96 126/15/96
f 124/15/97 127/16/98 125/16/97
f 127/16/98 124/15/97 128/15/98
f 121/15/94 129/16/99 119/16/94
f 129/16/99 121/15/94 130/15/99
f 126/15/96 118/16/92 115/15/92
f 118/16/92 126/15/96 123/16/96
f 127/16/98 120/15/95 122/16/95
f 120/15/95 127/16/98 128/15/98
f 129/16/99 117/15/93 116/16/93
f 117/15/93 129/16/99 130/15/99
f 123/16/100 116/16/100 118/16/100
f 116/16/100 123/16/100 131/16/100
f 131/16/100 123/16/100 132/16/100
f 133/16/100 116/16/100 131/16/100
f 132/16/100 123/16/100 125/16/100
f 132/16/100 125/16/100 134/16/100
f 116/16/100 133/16/100 129/16/100
f 129/16/100 133/16/100 135/16/100
f 129/16/100 135/16/100 136/16/100
f 134/16/100 125/16/100 127/16/100
f 129/16/100 136/16/100 119/16/100
f 134/16/100 127/16/100 137/16/100
f 119/16/100 136/16/100 138/16/100
f 137/16/100 127/16/100 138/16/100
f 119/16/100 138/16/100 127/16/100
f 119/16/100 127/16/100 122/16/100
f 139/2/100 140/2/100 141/2/100
f 140/2/100 139/2/100 142/2/100
f 142/2/100 139/2/100 143/2/100
f 142/2/100 143/2/100 144/2/100
f 142/2/100 144/2/100 145/2/100
f 145/2/100 144/2/100 146/2/100
f 142/2/101 133/16/102 140/2/102
f 133/16/102 142/2/101 135/16/101
f 136/16/103 142/2/101 145/2/103
f 142/2/101 136/16/103 135/16/101
f 131/16/104 140/2/102 133/16/102
f 140/2/102 131/16/104 141/2/104
f 132/16/105 141/2/104 131/16/104
f 141/2/104 132/16/105 139/2/105
f 145/2/103 138/16/106 136/16/103
f 138/16/106 145/2/103 146/2/106
f 134/16/107 144/2/108 143/2/107
f 144/2/108 134/16/107 137/16/108
f 132/16/105 143/2/107 139/2/105
f 143/2/107 132/16/105 134/16/107
f 146/2/106 137/16/108 138/16/106
f 137/16/108 146/2/106 144/2/108
f 147/15/92 148/16/93 149/15/93
f 148/16/93 147/15/92 150/16/92
f 151/16/94 152/15/95 153/15/94
f 152/15/95 151/16/94 154/16/95
f 155/15/96 156/16/97 157/16/96
f 156/16/97 155/15/96 158/15/97
f 156/16/97 159/15/98 160/16/98
f 159/15/98 156/16/97 158/15/97
f 153/15/94 161/16/99 151/16/94
f 161/16/99 153/15/94 162/15/99
f 147/15/92 157/16/96 150/16/92
f 157/16/96 147/15/92 155/15/96
f 160/16/98 152/15/95 154/16/95
f 152/15/95 160/16/98 159/15/98
f 162/15/99 148/16/93 161/16/99
f 148/16/93 162/15/99 149/15/93
f 163/2/100 164/2/100 165/2/100
f 164/2/100 163/2/100 166/2/100
f 164/2/100 166/2/100 167/2/100
f 167/2/100 166/2/100 168/2/100
f 167/2/100 168/2/100 169/2/100
f 169/2/100 168/2/100 170/2/100
f 157/16/100 148/16/100 150/16/100
f 148/16/100 157/16/100 171/16/100
f 171/16/100 157/16/100 172/16/100
f 173/16/100 148/16/100 171/16/100
f 172/16/100 157/16/100 156/16/100
f 172/16/100 156/16/100 174/16/100
f 148/16/100 173/16/100 161/16/100
f 161/16/100 173/16/100 175/16/100
f 161/16/100 175/16/100 176/16/100
f 174/16/100 156/16/100 160/16/100
f 161/16/100 176/16/100 151/16/100
f 174/16/100 160/16/100 177/16/100
f 151/16/100 176/16/100 178/16/100
f 177/16/100 160/16/100 178/16/100
f 151/16/100 178/16/100 160/16/100
f 151/16/100 160/16/100 154/16/100
f 176/16/103 167/2/101 169/2/103
f 167/2/101 176/16/103 175/16/101
f 172/16/105 165/2/104 171/16/104
f 165/2/104 172/16/105 163/2/105
f 171/16/104 164/2/102 173/16/102
f 164/2/102 171/16/104 165/2/104
f 169/2/103 178/16/106 176/16/103
f 178/16/106 169/2/103 170/2/106
f 166/2/107 177/16/108 168/2/108
f 177/16/108 166/2/107 174/16/107
f 168/2/108 178/16/106 170/2/106
f 178/16/106 168/2/108 177/16/108
f 172/16/105 166/2/107 163/2/105
f 166/2/107 172/16/105 174/16/107
f 167/2/101 173/16/102 164/2/102
f 173/16/102 167/2/101 175/16/101
f 179/2/57 180/4/57 181/2/57
f 180/4/57 179/2/57 182/4/57
f 180/4/11 183/2/109 181/2/109
f 183/2/109 180/4/11 184/4/11
f 185/4/1 183/2/1 184/4/1
f 183/2/1 185/4/1 186/2/1
f 185/4/23 179/2/110 186/2/110
f 179/2/110 185/4/23 182/4/23
f 180/4/11 185/4/23 184/4/11
f 185/4/23 180/4/11 182/4/23
f 179/2/110 183/2/109 186/2/110
f 183/2/109 179/2/110 181/2/109
f 187/2/57 188/4/57 189/2/57
f 188/4/57 187/2/57 190/4/57
f 188/4/11 191/2/109 189/2/109
f 191/2/109 188/4/11 192/4/11
f 193/4/1 191/2/1 192/4/1
f 191/2/1 193/4/1 194/2/1
f 193/4/23 187/2/110 194/2/110
f 187/2/110 193/4/23 190/4/23
f 188/4/11 193/4/23 192/4/11
f 193/4/23 188/4/11 190/4/23
f 187/2/110 191/2/109 194/2/110
f 191/2/109 187/2/110 189/2/109
f 195/2/16 196/2/16 197/2/16
f 196/2/16 195/2/16 198/2/16
f 198/2/57 199/4/57 196/2/57
f 199/4/57 198/2/57 200/4/57
f 201/4/28 198/2/28 195/2/28
f 198/2/28 201/4/28 200/4/28
f 199/4/27 197/2/27 196/2/27
f 197/2/27 199/4/27 202/4/27
f 201/4/1 197/2/1 202/4/1
f 197/2/1 201/4/1 195/2/1
f 199/4/52 201/4/52 202/4/52
f 201/4/52 199/4/52 200/4/52
f 203/2/111 204/4/57 205/2/57
f 204/4/57 203/2/111 206/4/111
f 204/4/27 207/2/27 205/2/27
f 207/2/27 204/4/27 208/4/27
f 209/4/112 210/2/113 211/2/112
f 210/2/113 209/4/112 212/4/113
f 213/4/114 207/2/1 208/4/1
f 207/2/1 213/4/114 214/2/114
f 215/4/115 211/2/112 216/2/115
f 211/2/112 215/4/115 209/4/112
f 215/4/115 214/2/114 213/4/114
f 214/2/114 215/4/115 216/2/115
f 217/2/116 206/4/111 203/2/111
f 206/4/111 217/2/116 218/4/116
f 212/4/113 217/2/116 210/2/113
f 217/2/116 212/4/113 218/4/116
f 204/4/52 213/4/52 208/4/52
f 213/4/52 204/4/52 215/4/52
f 215/4/52 204/4/52 209/4/52
f 209/4/52 204/4/52 212/4/52
f 212/4/52 204/4/52 218/4/52
f 218/4/52 204/4/52 206/4/52
f 216/2/16 207/2/16 214/2/16
f 207/2/16 216/2/16 205/2/16
f 205/2/16 216/2/16 211/2/16
f 205/2/16 211/2/16 210/2/16
f 205/2/16 210/2/16 217/2/16
f 205/2/16 217/2/16 203/2/16
f 219/4/27 220/2/27 221/2/27
f 220/2/27 219/4/27 222/4/27
f 223/4/28 224/2/28 225/2/28
f 224/2/28 223/4/28 226/4/28
f 223/4/1 220/2/1 222/4/1
f 220/2/1 223/4/1 225/2/1
f 219/4/52 223/4/52 222/4/52
f 223/4/52 219/4/52 226/4/52
f 224/2/57 219/4/57 221/2/57
f 219/4/57 224/2/57 226/4/57
f 225/2/16 221/2/16 220/2/16
f 221/2/16 225/2/16 224/2/16
f 227/17/117 228/18/118 229/18/118
f 228/18/118 227/17/117 230/17/117
f 231/19/119 232/20/120 233/20/120
f 232/20/120 231/19/119 234/19/119
f 228/18/121 232/20/121 229/18/121
f 232/20/121 228/18/121 233/20/121
f 228/18/122 231/19/122 233/20/122
f 231/19/122 228/18/122 235/21/122
f 236/22/122 235/21/122 228/18/122
f 235/21/122 236/22/122 237/23/122
f 236/22/122 228/18/122 230/17/122
f 236/22/122 230/17/122 238/24/122
f 237/23/123 239/22/123 240/23/123
f 239/22/123 237/23/123 236/22/123
f 239/22/124 238/24/125 241/24/125
f 238/24/125 239/22/124 236/22/124
f 237/23/126 242/21/127 235/21/127
f 242/21/127 237/23/126 240/23/126
f 235/21/127 234/19/119 231/19/119
f 234/19/119 235/21/127 242/21/127
f 241/24/125 230/17/117 227/17/117
f 230/17/117 241/24/125 238/24/125
f 239/22/128 242/21/128 240/23/128
f 242/21/128 239/22/128 234/19/128
f 229/18/128 234/19/128 239/22/128
f 234/19/128 229/18/128 232/20/128
f 229/18/128 239/22/128 241/24/128
f 229/18/128 241/24/128 227/17/128
f 243/17/117 244/18/118 245/18/118
f 244/18/118 243/17/117 246/17/117
f 247/19/119 248/20/120 249/20/120
f 248/20/120 247/19/119 250/19/119
f 244/18/121 248/20/121 245/18/121
f 248/20/121 244/18/121 249/20/121
f 244/18/122 247/19/122 249/20/122
f 247/19/122 244/18/122 251/21/122
f 252/22/122 251/21/122 244/18/122
f 251/21/122 252/22/122 253/23/122
f 252/22/122 244/18/122 246/17/122
f 252/22/122 246/17/122 254/24/122
f 253/23/123 255/22/123 256/23/123
f 255/22/123 253/23/123 252/22/123
f 255/22/124 254/24/125 257/24/125
f 254/24/125 255/22/124 252/22/124
f 253/23/126 258/21/127 251/21/127
f 258/21/127 253/23/126 256/23/126
f 251/21/127 250/19/119 247/19/119
f 250/19/119 251/21/127 258/21/127
f 257/24/125 246/17/117 243/17/117
f 246/17/117 257/24/125 254/24/125
f 255/22/128 258/21/128 256/23/128
f 258/21/128 255/22/128 250/19/128
f 245/18/128 250/19/128 255/22/128
f 250/19/128 245/18/128 248/20/128
f 245/18/128 255/22/128 257/24/128
f 245/18/128 257/24/128 243/17/128
f 259/18/16 260/18/16 261/18/16
f 260/18/16 259/18/16 262/18/16
f 259/18/57 263/25/57 262/18/57
f 263/25/57 259/18/57 264/26/57
f 264/26/57 259/18/57 265/27/129
f 265/27/129 259/18/57 266/28/130
f 267/29/27 263/25/27 268/25/27
f 267/29/27 262/18/27 263/25/27
f 262/18/27 267/29/27 260/18/27
f 269/29/27 260/18/27 267/29/27
f 260/18/27 269/29/27 270/25/27
f 270/25/27 269/29/27 271/25/27
f 267/29/131 272/30/131 269/29/131
f 272/30/131 267/29/131 273/30/131
f 271/25/132 274/26/132 270/25/132
f 274/26/132 271/25/132 275/26/132
f 272/30/57 271/25/57 269/29/57
f 271/25/57 272/30/57 275/26/57
f 263/25/132 276/26/132 268/25/132
f 276/26/132 263/25/132 264/26/132
f 276/26/1 267/29/1 268/25/1
f 267/29/1 276/26/1 273/30/1
f 274/26/1 260/18/1 270/25/1
f 260/18/1 274/26/1 261/18/1
f 261/18/1 274/26/1 277/27/133
f 261/18/1 277/27/133 278/28/134
f 266/28/130 279/31/135 265/27/129
f 279/31/135 266/28/130 280/32/136
f 279/31/135 281/29/137 282/33/138
f 281/29/137 279/31/135 280/32/136
f 283/31/139 278/28/134 277/27/133
f 278/28/134 283/31/139 284/32/140
f 285/33/141 284/32/140 283/31/139
f 284/32/140 285/33/141 286/29/142
f 284/32/110 261/18/110 278/28/110
f 261/18/110 284/32/110 259/18/110
f 259/18/110 284/32/110 286/29/142
f 259/18/110 286/29/142 281/29/137
f 259/18/110 281/29/137 280/32/110
f 259/18/110 280/32/110 266/28/110
f 265/27/143 276/26/143 264/26/143
f 276/26/143 265/27/143 275/26/143
f 272/30/143 276/26/143 275/26/143
f 276/26/143 272/30/143 273/30/143
f 275/26/143 265/27/143 274/26/143
f 274/26/143 265/27/143 277/27/143
f 277/27/143 265/27/143 279/31/143
f 277/27/143 279/31/143 283/31/143
f 283/31/143 279/31/143 282/33/143
f 283/31/143 282/33/143 285/33/143
f 287/34/144 288/34/144 289/34/144
f 288/34/144 287/34/144 290/34/144
f 288/34/144 290/34/144 291/34/144
f 291/34/144 290/34/144 292/34/144
f 291/34/144 292/34/144 293/34/144
f 293/34/144 292/34/144 294/34/144
f 295/34/144 296/34/144 297/34/144
f 296/34/144 295/34/144 298/34/144
f 296/34/144 298/34/144 299/34/144
f 299/34/144 298/34/144 300/34/144
f 299/34/144 300/34/144 301/34/144
f 301/34/144 300/34/144 302/34/144
f 303/35/145 294/36/146 304/35/147
f 294/36/146 303/35/145 293/36/148
f 304/35/147 292/36/149 305/35/150
f 292/36/149 304/35/147 294/36/146
f 291/36/151 303/35/145 306/35/152
f 303/35/145 291/36/151 293/36/148
f 290/36/153 307/35/154 308/35/155
f 307/35/154 290/36/153 287/36/156
f 305/35/150 290/36/153 308/35/155
f 290/36/153 305/35/150 292/36/149
f 309/35/157 291/36/151 306/35/152
f 291/36/151 309/35/157 288/36/158
f 287/36/156 310/35/159 307/35/154
f 310/35/159 287/36/156 289/36/160
f 289/36/160 309/35/157 310/35/159
f 309/35/157 289/36/160 288/36/158
f 306/35/152 128/37/161 124/37/162
f 128/37/161 306/35/152 303/35/145
f 307/35/154 115/37/1 117/37/163
f 115/37/1 307/35/154 310/35/159
f 308/35/155 117/37/163 130/37/164
f 117/37/163 308/35/155 307/35/154
f 120/37/57 305/35/150 121/37/165
f 305/35/150 120/37/57 304/35/147
f 128/37/161 304/35/147 120/37/57
f 304/35/147 128/37/161 303/35/145
f 126/37/166 306/35/152 124/37/162
f 306/35/152 126/37/166 309/35/157
f 121/37/165 308/35/155 130/37/164
f 308/35/155 121/37/165 305/35/150
f 309/35/157 115/37/1 310/35/159
f 115/37/1 309/35/157 126/37/166
f 311/35/145 302/36/146 312/35/147
f 302/36/146 311/35/145 301/36/148
f 312/35/147 300/36/149 313/35/150
f 300/36/149 312/35/147 302/36/146
f 299/36/151 311/35/145 314/35/152
f 311/35/145 299/36/151 301/36/148
f 298/36/153 315/35/154 316/35/155
f 315/35/154 298/36/153 295/36/156
f 313/35/150 298/36/153 316/35/155
f 298/36/153 313/35/150 300/36/149
f 317/35/157 299/36/151 314/35/152
f 299/36/151 317/35/157 296/36/158
f 295/36/156 318/35/159 315/35/154
f 318/35/159 295/36/156 297/36/160
f 297/36/160 317/35/157 318/35/159
f 317/35/157 297/36/160 296/36/158
f 314/35/152 159/37/161 158/37/162
f 159/37/161 314/35/152 311/35/145
f 315/35/154 147/37/1 149/37/163
f 147/37/1 315/35/154 318/35/159
f 162/37/164 315/35/154 149/37/163
f 315/35/154 162/37/164 316/35/155
f 152/37/57 313/35/150 153/37/165
f 313/35/150 152/37/57 312/35/147
f 152/37/57 311/35/145 312/35/147
f 311/35/145 152/37/57 159/37/161
f 155/37/166 314/35/152 158/37/162
f 314/35/152 155/37/166 317/35/157
f 313/35/150 162/37/164 153/37/165
f 162/37/164 313/35/150 316/35/155
f 317/35/157 147/37/1 318/35/159
f 147/37/1 317/35/157 155/37/166
f 282/38/138 286/39/142 285/38/141
f 286/39/142 282/38/138 281/39/137
f 319/40/167 320/41/168 321/42/169
f 320/41/168 319/40/167 322/43/170
f 323/44/171 324/45/172 325/46/173
f 324/45/172 323/44/171 326/47/174
f 327/48/175 328/49/176 329/50/177
f 328/49/176 327/48/175 330/51/178
f 330/51/178 327/48/175 331/52/179
f 330/51/178 331/52/179 332/53/180
f 332/53/180 331/52/179 333/54/181
f 332/53/180 333/54/181 334/55/182
f 334/55/182 333/54/181 335/56/183
f 334/55/182 335/56/183 336/57/184
f 336/57/184 335/56/183 337/58/185
f 336/57/184 337/58/185 338/59/186
f 329/50/177 339/60/187 340/61/188
f 339/60/187 329/50/177 328/49/176
f 341/18/189 339/60/187 342/62/190
f 339/60/187 341/18/189 340/61/188
f 343/63/191 338/59/186 337/58/185
f 338/59/186 343/63/191 344/64/192
f 326/47/174 345/65/193 324/45/172
f 345/65/193 326/47/174 346/66/194
f 347/67/195 322/43/170 319/40/167
f 322/43/170 347/67/195 348/68/196
f 330/51/178 321/42/169 349/69/197
f 321/42/169 330/51/178 332/53/180
f 336/57/184 319/40/167 334/55/182
f 319/40/167 336/57/184 347/67/195
f 338/59/186 347/67/195 336/57/184
f 347/67/195 338/59/186 344/64/192
f 347/67/195 350/22/198 348/68/196
f 350/22/198 347/67/195 344/64/192
f 345/65/193 335/56/183 333/54/181
f 335/56/183 345/65/193 351/70/199
f 321/42/169 352/71/200 349/69/197
f 352/71/200 321/42/169 320/41/168
f 345/65/193 331/52/179 324/45/172
f 331/52/179 345/65/193 333/54/181
f 353/72/201 354/73/202 355/74/203
f 354/73/202 353/72/201 356/75/204
f 354/73/202 356/75/204 357/76/205
f 357/76/205 356/75/204 358/77/206
f 357/76/205 358/77/206 359/78/207
f 359/78/207 358/77/206 360/79/208
f 359/78/207 360/79/208 361/80/209
f 361/80/209 360/79/208 362/81/210
f 361/80/209 362/81/210 363/82/211
f 363/82/211 362/81/210 364/83/212
f 342/62/190 349/69/197 352/71/200
f 349/69/197 342/62/190 339/60/187
f 332/53/180 319/40/167 321/42/169
f 319/40/167 332/53/180 334/55/182
f 351/70/199 365/84/213 343/63/191
f 365/84/213 351/70/199 366/85/214
f 328/49/176 349/69/197 339/60/187
f 349/69/197 328/49/176 330/51/178
f 325/46/173 329/50/177 340/61/188
f 329/50/177 325/46/173 327/48/175
f 341/18/189 325/46/173 340/61/188
f 325/46/173 341/18/189 323/44/171
f 344/64/192 365/84/213 350/22/198
f 365/84/213 344/64/192 343/63/191
f 346/66/194 351/70/199 345/65/193
f 351/70/199 346/66/194 366/85/214
f 324/45/172 327/48/175 325/46/173
f 327/48/175 324/45/172 331/52/179
f 351/70/199 337/58/185 335/56/183
f 337/58/185 351/70/199 343/63/191
f 367/86/215 362/81/210 360/79/208
f 362/81/210 367/86/215 368/87/216
f 369/88/217 356/75/204 370/89/218
f 356/75/204 369/88/217 358/77/206
f 368/87/216 364/83/212 362/81/210
f 364/83/212 368/87/216 371/90/219
f 361/80/209 372/91/220 359/78/207
f 372/91/220 361/80/209 373/92/221
f 357/76/205 372/91/220 374/93/222
f 372/91/220 357/76/205 359/78/207
f 363/82/211 373/92/221 361/80/209
f 373/92/221 363/82/211 375/94/223
f 364/83/212 375/94/223 363/82/211
f 375/94/223 364/83/212 371/90/219
f 376/95/224 355/74/203 377/96/225
f 355/74/203 376/95/224 353/72/201
f 355/74/203 378/97/226 377/96/225
f 378/97/226 355/74/203 354/73/202
f 370/89/218 353/72/201 376/95/224
f 353/72/201 370/89/218 356/75/204
f 354/73/202 374/93/222 378/97/226
f 374/93/222 354/73/202 357/76/205
f 367/86/215 358/77/206 369/88/217
f 358/77/206 367/86/215 360/79/208
f 365/84/213 371/90/219 350/22/198
f 371/90/219 365/84/213 375/94/223
f 322/43/170 369/88/217 320/41/168
f 369/88/217 322/43/170 367/86/215
f 370/89/218 342/62/190 352/71/200
f 342/62/190 370/89/218 376/95/224
f 348/68/196 367/86/215 322/43/170
f 367/86/215 348/68/196 368/87/216
f 376/95/224 341/18/189 342/62/190
f 341/18/189 376/95/224 377/96/225
f 350/22/198 368/87/216 348/68/196
f 368/87/216 350/22/198 371/90/219
f 372/91/220 366/85/214 346/66/194
f 366/85/214 372/91/220 373/92/221
f 378/97/226 341/18/189 377/96/225
f 341/18/189 378/97/226 323/44/171
f 378/97/226 326/47/174 323/44/171
f 326/47/174 378/97/226 374/93/222
f 365/84/213 373/92/221 375/94/223
f 373/92/221 365/84/213 366/85/214
f 320/41/168 370/89/218 352/71/200
f 370/89/218 320/41/168 369/88/217
f 374/93/222 346/66/194 326/47/174
f 346/66/194 374/93/222 372/91/220
f 379/98/227 380/99/228 381/99/229
f 380/99/228 379/98/227 382/98/230
f 383/22/231 384/100/232 385/22/233
f 384/100/232 383/22/231 386/100/234
f 387/22/235 388/100/236 389/100/237
f 388/100/236 387/22/235 390/22/238
f 389/100/237 382/98/230 379/98/227
f 382/98/230 389/100/237 388/100/236
f 391/22/239 392/22/240 393/22/241
f 392/22/240 391/22/239 394/22/242
f 392/22/240 394/22/242 387/22/235
f 387/22/235 394/22/242 395/22/243
f 387/22/235 395/22/243 390/22/238
f 390/22/238 395/22/243 396/22/244
f 390/22/238 396/22/244 385/22/233
f 385/22/233 396/22/244 397/22/245
f 385/22/233 397/22/245 383/22/231
f 383/22/231 397/22/245 398/22/246
f 399/98/247 400/99/248 401/98/249
f 400/99/248 399/98/247 402/99/250
f 381/99/229 403/18/251 404/18/252
f 403/18/251 381/99/229 380/99/228
f 405/99/253 406/98/254 407/98/255
f 406/98/254 405/99/253 408/99/256
f 388/100/236 409/98/257 382/98/230
f 409/98/257 388/100/236 384/100/232
f 410/18/258 411/99/259 408/99/256
f 411/99/259 410/18/258 412/18/260
f 410/18/258 405/99/253 413/18/261
f 405/99/253 410/18/258 408/99/256
f 414/99/262 415/18/263 416/18/264
f 415/18/263 414/99/262 417/99/265
f 402/99/250 418/18/266 400/99/248
f 418/18/266 402/99/250 419/18/267
f 420/100/268 396/22/244 395/22/243
f 396/22/244 420/100/268 421/100/269
f 422/18/270 423/99/271 424/18/272
f 423/99/271 422/18/270 425/99/273
f 415/18/263 411/99/259 412/18/260
f 411/99/259 415/18/263 417/99/265
f 405/99/253 426/98/274 425/99/273
f 426/98/274 405/99/253 407/98/255
f 382/98/230 414/99/262 380/99/228
f 414/99/262 382/98/230 409/98/257
f 427/98/275 402/99/250 399/98/247
f 402/99/250 427/98/275 428/99/276
f 380/99/228 416/18/264 403/18/251
f 416/18/264 380/99/228 414/99/262
f 389/100/237 427/98/275 429/100/277
f 427/98/275 389/100/237 379/98/227
f 430/98/278 431/100/279 406/98/254
f 431/100/279 430/98/278 432/100/280
f 430/98/278 386/100/234 432/100/280
f 386/100/234 430/98/278 433/98/281
f 385/22/233 388/100/236 390/22/238
f 388/100/236 385/22/233 384/100/232
f 428/99/276 419/18/267 402/99/250
f 419/18/267 428/99/276 434/18/282
f 435/100/283 401/98/249 436/98/284
f 401/98/249 435/100/283 437/100/285
f 381/99/229 434/18/282 428/99/276
f 434/18/282 381/99/229 404/18/252
f 426/98/274 435/100/283 436/98/284
f 435/100/283 426/98/274 420/100/268
f 421/100/269 397/22/245 396/22/244
f 397/22/245 421/100/269 431/100/279
f 414/99/262 433/98/281 417/99/265
f 433/98/281 414/99/262 409/98/257
f 392/22/240 389/100/237 429/100/277
f 389/100/237 392/22/240 387/22/235
f 420/100/268 394/22/242 435/100/283
f 394/22/242 420/100/268 395/22/243
f 437/100/285 399/98/247 401/98/249
f 399/98/247 437/100/285 438/100/286
f 393/22/241 429/100/277 438/100/286
f 429/100/277 393/22/241 392/22/240
f 406/98/254 421/100/269 407/98/255
f 421/100/269 406/98/254 431/100/279
f 413/18/261 425/99/273 422/18/270
f 425/99/273 413/18/261 405/99/253
f 437/100/285 393/22/241 438/100/286
f 393/22/241 437/100/285 391/22/239
f 435/100/283 391/22/239 437/100/285
f 391/22/239 435/100/283 394/22/242
f 423/99/271 401/98/249 400/99/248
f 401/98/249 423/99/271 436/98/284
f 408/99/256 430/98/278 406/98/254
f 430/98/278 408/99/256 411/99/259
f 417/99/265 430/98/278 411/99/259
f 430/98/278 417/99/265 433/98/281
f 398/22/246 386/100/234 383/22/231
f 386/100/234 398/22/246 432/100/280
f 418/18/266 423/99/271 400/99/248
f 423/99/271 418/18/266 424/18/272
f 384/100/232 433/98/281 409/98/257
f 433/98/281 384/100/232 386/100/234
f 434/18/282 418/18/266 419/18/267
f 418/18/266 434/18/282 404/18/252
f 418/18/266 404/18/252 424/18/272
f 424/18/272 404/18/252 403/18/251
f 424/18/272 403/18/251 422/18/270
f 422/18/270 403/18/251 416/18/264
f 422/18/270 416/18/264 413/18/261
f 413/18/261 416/18/264 415/18/263
f 413/18/261 415/18/263 410/18/258
f 410/18/258 415/18/263 412/18/260
f 431/100/279 398/22/246 397/22/245
f 398/22/246 431/100/279 432/100/280
f 407/98/255 420/100/268 426/98/274
f 420/100/268 407/98/255 421/100/269
f 429/100/277 399/98/247 438/100/286
f 399/98/247 429/100/277 427/98/275
f 427/98/275 381/99/229 428/99/276
f 381/99/229 427/98/275 379/98/227
f 425/99/273 436/98/284 423/99/271
f 436/98/284 425/99/273 426/98/274
f 439/98/287 440/99/288 441/98/289
f 442/99/290 441/98/289 440/99/288
f 443/98/291 444/98/292 445/99/293
f 446/99/294 445/99/293 444/98/292
f 444/98/292 447/100/295 448/98/296
f 449/100/297 448/98/296 447/100/295
f 450/100/298 451/98/299 452/100/300
f 439/98/287 452/100/300 451/98/299
f 453/100/301 454/100/302 455/22/303
f 456/22/304 455/22/303 454/100/302
f 457/18/305 458/18/306 459/18/307
f 459/18/307 458/18/306 460/18/308
f 458/18/306 461/18/309 460/18/308
f 460/18/308 461/18/309 462/18/310
f 461/18/309 463/18/311 462/18/310
f 462/18/310 463/18/311 464/18/312
f 463/18/311 465/18/313 464/18/312
f 464/18/312 465/18/313 466/18/314
f 465/18/313 467/18/315 466/18/314
f 468/18/316 466/18/314 467/18/315
f 469/100/317 470/100/318 471/98/319
f 472/98/320 471/98/319 470/100/318
f 464/18/312 466/18/314 442/99/290
f 473/99/321 442/99/290 466/18/314
f 453/100/301 455/22/303 469/100/317
f 474/22/322 469/100/317 455/22/303
f 471/98/319 475/99/323 476/98/324
f 477/99/325 476/98/324 475/99/323
f 477/99/325 478/99/326 476/98/324
f 479/98/327 476/98/324 478/99/326
f 441/98/289 442/99/290 480/98/328
f 473/99/321 480/98/328 442/99/290
f 481/22/329 482/100/330 483/22/331
f 484/100/332 483/22/331 482/100/330
f 483/22/331 484/100/332 485/22/333
f 449/100/297 485/22/333 484/100/332
f 486/99/334 460/18/308 440/99/288
f 462/18/310 440/99/288 460/18/308
f 454/100/302 479/98/327 450/100/298
f 451/98/299 450/100/298 479/98/327
f 487/22/335 485/22/333 447/100/295
f 449/100/297 447/100/295 485/22/333
f 449/100/297 484/100/332 448/98/296
f 480/98/328 448/98/296 484/100/332
f 488/22/336 452/100/300 481/22/329
f 482/100/330 481/22/329 452/100/300
f 489/22/337 487/22/335 490/100/338
f 447/100/295 490/100/338 487/22/335
f 472/98/320 491/99/339 471/98/319
f 475/99/323 471/98/319 491/99/339
f 454/100/302 450/100/298 456/22/304
f 492/22/340 456/22/304 450/100/298
f 452/100/300 439/98/287 482/100/330
f 441/98/289 482/100/330 439/98/287
f 465/18/313 445/99/293 467/18/315
f 446/99/294 467/18/315 445/99/293
f 484/100/332 482/100/330 480/98/328
f 441/98/289 480/98/328 482/100/330
f 467/18/315 446/99/294 468/18/316
f 493/99/341 468/18/316 446/99/294
f 470/100/318 494/22/342 495/100/343
f 496/22/344 495/100/343 494/22/342
f 471/98/319 476/98/324 469/100/317
f 453/100/301 469/100/317 476/98/324
f 453/100/301 476/98/324 454/100/302
f 479/98/327 454/100/302 476/98/324
f 443/98/291 490/100/338 444/98/292
f 447/100/295 444/98/292 490/100/338
f 491/99/339 497/99/345 461/18/309
f 463/18/311 461/18/309 497/99/345
f 446/99/294 444/98/292 493/99/341
f 448/98/296 493/99/341 444/98/292
f 472/98/320 498/98/346 491/99/339
f 497/99/345 491/99/339 498/98/346
f 451/98/299 486/99/334 439/98/287
f 440/99/288 439/98/287 486/99/334
f 475/99/323 458/18/306 477/99/325
f 457/18/305 477/99/325 458/18/306
f 440/99/288 462/18/310 442/99/290
f 464/18/312 442/99/290 462/18/310
f 450/100/298 452/100/300 492/22/340
f 488/22/336 492/22/340 452/100/300
f 468/18/316 493/99/341 466/18/314
f 473/99/321 466/18/314 493/99/341
f 475/99/323 491/99/339 458/18/306
f 461/18/309 458/18/306 491/99/339
f 478/99/326 459/18/307 486/99/334
f 460/18/308 486/99/334 459/18/307
f 457/18/305 459/18/307 477/99/325
f 478/99/326 477/99/325 459/18/307
f 470/100/318 495/100/343 472/98/320
f 498/98/346 472/98/320 495/100/343
f 478/99/326 486/99/334 479/98/327
f 451/98/299 479/98/327 486/99/334
f 497/99/345 445/99/293 463/18/311
f 465/18/313 463/18/311 445/99/293
f 493/99/341 448/98/296 473/99/321
f 480/98/328 473/99/321 448/98/296
f 455/22/303 456/22/304 474/22/322
f 474/22/322 456/22/304 494/22/342
f 456/22/304 492/22/340 494/22/342
f 494/22/342 492/22/340 496/22/344
f 492/22/340 488/22/336 496/22/344
f 496/22/344 488/22/336 489/22/337
f 488/22/336 481/22/329 489/22/337
f 489/22/337 481/22/329 487/22/335
f 481/22/329 483/22/331 487/22/335
f 485/22/333 487/22/335 483/22/331
f 495/100/343 490/100/338 498/98/346
f 443/98/291 498/98/346 490/100/338
f 496/22/344 489/22/337 495/100/343
f 490/100/338 495/100/343 489/22/337
f 469/100/317 474/22/322 470/100/318
f 494/22/342 470/100/318 474/22/322
f 498/98/346 443/98/291 497/99/345
f 445/99/293 497/99/345 443/98/291
f 499/101/347 500/102/348 501/102/349
f 502/102/350 503/101/351 504/102/352
f 505/103/353 506/104/354 507/103/355
f 506/104/354 505/103/353 508/104/356
f 509/34/357 510/105/358 511/34/359
f 510/105/358 509/34/357 512/105/360
f 508/104/356 512/105/360 509/34/357
f 512/105/360 508/104/356 513/106/361
f 507/103/362 514/102/362 515/102/362
f 514/102/362 507/103/362 516/103/362
f 516/103/362 507/103/362 517/104/362
f 517/104/362 507/103/362 506/104/362
f 517/104/362 506/104/362 518/34/362
f 518/34/362 506/104/362 519/34/362
f 499/101/347 520/102/363 500/102/348
f 520/102/363 499/101/347 521/107/364
f 522/103/365 523/106/366 524/108/367
f 523/106/366 522/103/365 525/104/368
f 526/109/369 513/106/361 527/108/370
f 513/106/361 526/109/369 528/110/371
f 523/106/366 529/111/372 530/110/373
f 529/111/372 523/106/366 510/105/358
f 502/102/350 531/107/374 503/101/351
f 531/107/374 502/102/350 532/102/375
f 524/108/367 521/107/364 499/101/347
f 521/107/364 524/108/367 533/109/376
f 534/111/377 513/106/361 528/110/371
f 513/106/361 534/111/377 512/105/360
f 506/104/354 509/34/357 519/34/378
f 509/34/357 506/104/354 508/104/356
f 522/103/365 501/102/349 535/102/379
f 501/102/349 522/103/365 499/101/347
f 499/101/347 522/103/365 524/108/367
f 519/34/378 511/34/359 518/34/380
f 511/34/359 519/34/378 509/34/357
f 536/102/381 507/103/355 515/102/382
f 507/103/355 536/102/381 505/103/353
f 511/34/359 523/106/366 525/104/368
f 523/106/366 511/34/359 510/105/358
f 524/108/367 530/110/373 533/109/376
f 530/110/373 524/108/367 523/106/366
f 504/102/352 505/103/353 536/102/381
f 505/103/353 504/102/352 527/108/370
f 527/108/370 504/102/352 503/101/351
f 510/105/358 534/111/377 529/111/372
f 534/111/377 510/105/358 512/105/360
f 525/104/368 516/103/383 517/104/384
f 516/103/383 525/104/368 522/103/365
f 531/107/374 527/108/370 503/101/351
f 527/108/370 531/107/374 526/109/369
f 527/108/370 508/104/356 505/103/353
f 508/104/356 527/108/370 513/106/361
f 516/103/383 535/102/379 514/102/385
f 535/102/379 516/103/383 522/103/365
f 521/107/364 532/102/375 520/102/363
f 532/102/375 521/107/364 531/107/374
f 531/107/374 521/107/364 533/109/376
f 531/107/374 533/109/376 526/109/369
f 526/109/369 533/109/376 530/110/373
f 526/109/369 530/110/373 528/110/371
f 528/110/371 530/110/373 534/111/377
f 534/111/377 530/110/373 529/111/372
f 535/102/16 515/102/16 514/102/16
f 515/102/16 535/102/16 501/102/16
f 515/102/16 501/102/16 500/102/16
f 515/102/16 500/102/16 520/102/16
f 515/102/16 520/102/16 532/102/16
f 515/102/16 532/102/16 502/102/16
f 515/102/16 502/102/16 536/102/16
f 536/102/16 502/102/16 504/102/16
f 518/34/380 525/104/368 517/104/384
f 525/104/368 518/34/380 511/34/359
f 537/101/386 538/102/387 539/102/388
f 540/102/389 541/102/390 542/101/391
f 543/111/392 544/105/393 545/111/394
f 544/105/393 543/111/392 546/105/395
f 547/103/396 548/102/396 549/102/396
f 548/102/396 547/103/396 550/103/396
f 550/103/396 547/103/396 551/104/396
f 550/103/396 551/104/396 552/104/396
f 552/104/396 551/104/396 553/34/396
f 552/104/396 553/34/396 554/34/396
f 555/107/397 539/102/388 556/102/398
f 539/102/388 555/107/397 537/101/386
f 554/34/399 557/34/400 558/34/401
f 557/34/400 554/34/399 553/34/402
f 537/101/386 559/102/403 538/102/387
f 559/102/403 537/101/386 560/103/404
f 560/103/404 537/101/386 561/108/405
f 562/106/406 560/103/404 561/108/405
f 560/103/404 562/106/406 563/104/407
f 564/106/408 565/109/409 566/108/410
f 565/109/409 564/106/408 567/110/411
f 545/111/394 562/106/406 568/110/412
f 562/106/406 545/111/394 544/105/393
f 569/107/413 540/102/389 542/101/391
f 540/102/389 569/107/413 570/102/414
f 557/34/400 562/106/406 544/105/393
f 562/106/406 557/34/400 563/104/407
f 555/107/397 561/108/405 537/101/386
f 561/108/405 555/107/397 571/109/415
f 564/106/408 543/111/392 567/110/411
f 543/111/392 564/106/408 546/105/395
f 552/104/416 558/34/401 572/104/417
f 558/34/401 552/104/416 554/34/399
f 550/103/418 573/102/419 548/102/420
f 573/102/419 550/103/418 574/103/421
f 568/110/412 561/108/405 571/109/415
f 561/108/405 568/110/412 562/106/406
f 574/103/421 541/102/390 573/102/419
f 541/102/390 574/103/421 566/108/410
f 541/102/390 566/108/410 542/101/391
f 541/102/16 548/102/16 573/102/16
f 548/102/16 541/102/16 540/102/16
f 548/102/16 540/102/16 570/102/16
f 548/102/16 570/102/16 549/102/16
f 549/102/16 570/102/16 556/102/16
f 549/102/16 556/102/16 539/102/16
f 549/102/16 539/102/16 538/102/16
f 549/102/16 538/102/16 559/102/16
f 566/108/410 569/107/413 542/101/391
f 569/107/413 566/108/410 565/109/409
f 572/104/417 566/108/410 574/103/421
f 566/108/410 572/104/417 564/106/408
f 547/103/422 563/104/407 551/104/423
f 563/104/407 547/103/422 560/103/404
f 559/102/403 547/103/422 549/102/424
f 547/103/422 559/102/403 560/103/404
f 569/107/413 556/102/398 570/102/414
f 556/102/398 569/107/413 555/107/397
f 555/107/397 569/107/413 571/109/415
f 571/109/415 569/107/413 565/109/409
f 571/109/415 565/109/409 568/110/412
f 568/110/412 565/109/409 567/110/411
f 568/110/412 567/110/411 543/111/392
f 568/110/412 543/111/392 545/111/394
f 553/34/402 563/104/407 557/34/400
f 563/104/407 553/34/402 551/104/423
f 552/104/416 574/103/421 550/103/418
f 574/103/421 552/104/416 572/104/417
f 558/34/401 544/105/393 546/105/395
f 544/105/393 558/34/401 557/34/400
f 572/104/417 546/105/395 564/106/408
f 546/105/395 572/104/417 558/34/401
f 575/112/425 576/113/426 577/114/427
f 576/113/426 575/112/425 578/115/426
f 578/115/426 575/112/425 579/116/426
f 579/116/426 575/112/425 580/117/426
f 580/117/426 575/112/425 581/118/426
f 580/117/426 581/118/426 582/119/426
f 580/117/426 582/119/426 583/34/426
f 583/34/426 582/119/426 584/120/426
f 585/113/428 586/112/429 587/114/430
f 586/112/429 585/113/428 588/115/428
f 586/112/429 588/115/428 589/116/428
f 586/112/429 589/116/428 590/117/428
f 586/112/429 590/117/428 591/118/428
f 591/118/428 590/117/428 592/119/428
f 592/119/428 590/117/428 593/34/428
f 592/119/428 593/34/428 594/120/428
f 586/112/429 577/114/427 587/114/430
f 577/114/427 586/112/429 575/112/425
f 595/121/431 596/122/432 597/123/433
f 598/122/434 597/123/433 599/123/435
f 597/123/433 600/124/436 601/125/437
f 602/123/438 600/124/436 597/123/433
f 597/123/433 603/126/439 604/127/440
f 605/128/441 595/121/431 597/123/433
f 606/129/442 597/123/433 607/128/443
f 597/123/433 608/126/444 609/125/445
f 599/123/435 597/123/433 610/124/446
f 597/123/433 609/125/445 610/124/446
f 607/128/443 597/123/433 611/121/447
f 596/122/432 602/123/438 597/123/433
f 606/129/442 605/128/441 597/123/433
f 597/123/433 601/125/437 603/126/439
f 611/121/447 597/123/433 598/122/434
f 597/123/433 604/127/440 608/126/444
f 612/130/448 606/129/442 607/128/443
f 606/129/442 612/130/448 613/131/449
f 600/124/436 614/123/450 615/132/451
f 614/123/450 600/124/436 602/123/438
f 616/133/452 607/128/443 611/121/447
f 607/128/443 616/133/452 612/130/448
f 605/128/441 617/133/453 595/121/431
f 617/133/453 605/128/441 618/130/454
f 619/123/455 610/124/446 620/132/456
f 610/124/446 619/123/455 599/123/435
f 621/134/457 604/127/440 622/135/458
f 604/127/440 621/134/457 608/126/444
f 601/125/437 615/132/451 623/136/459
f 615/132/451 601/125/437 600/124/436
f 604/127/440 624/134/460 622/135/458
f 624/134/460 604/127/440 603/126/439
f 606/129/442 618/130/454 605/128/441
f 618/130/454 606/129/442 613/131/449
f 603/126/439 623/136/459 624/134/460
f 623/136/459 603/126/439 601/125/437
f 595/121/431 625/137/461 596/122/432
f 625/137/461 595/121/431 617/133/453
f 619/123/455 598/122/434 599/123/435
f 598/122/434 619/123/455 626/137/462
f 626/137/462 611/121/447 598/122/434
f 611/121/447 626/137/462 616/133/452
f 596/122/432 614/123/450 602/123/438
f 614/123/450 596/122/432 625/137/461
f 620/132/456 609/125/445 627/136/463
f 609/125/445 620/132/456 610/124/446
f 627/136/463 608/126/444 621/134/457
f 608/126/444 627/136/463 609/125/445
f 619/123/455 628/138/464 626/137/462
f 628/138/464 619/123/455 629/123/465
f 626/137/462 630/139/466 616/133/452
f 630/139/466 626/137/462 628/138/464
f 631/138/467 614/123/450 625/137/461
f 614/123/450 631/138/467 632/123/468
f 633/140/469 623/136/459 615/132/451
f 623/136/459 633/140/469 634/141/470
f 627/136/463 635/142/471 636/141/472
f 635/142/471 627/136/463 621/134/457
f 623/136/459 637/142/473 624/134/460
f 637/142/473 623/136/459 634/141/470
f 638/143/474 616/133/452 630/139/466
f 616/133/452 638/143/474 612/130/448
f 632/123/468 615/132/451 614/123/450
f 615/132/451 632/123/468 633/140/469
f 639/144/475 618/130/454 613/131/449
f 618/130/454 639/144/475 640/143/476
f 640/143/476 617/133/453 618/130/454
f 617/133/453 640/143/476 641/139/477
f 641/139/477 625/137/461 617/133/453
f 625/137/461 641/139/477 631/138/467
f 620/132/456 629/123/465 619/123/455
f 629/123/465 620/132/456 642/140/478
f 621/134/457 643/145/479 635/142/471
f 643/145/479 621/134/457 622/135/458
f 624/134/460 643/145/479 622/135/458
f 643/145/479 624/134/460 637/142/473
f 639/144/475 612/130/448 638/143/474
f 612/130/448 639/144/475 613/131/449
f 627/136/463 642/140/478 620/132/456
f 642/140/478 627/136/463 636/141/472
f 644/146/480 628/147/481 629/148/482
f 630/149/483 628/147/481 644/146/480
f 644/146/480 629/148/482 645/150/484
f 645/150/484 629/148/482 642/151/485
f 646/152/486 630/149/483 644/146/480
f 638/153/487 630/149/483 646/152/486
f 645/150/484 642/151/485 647/154/488
f 642/151/485 636/155/489 647/154/488
f 647/154/488 636/155/489 648/156/490
f 636/155/489 635/157/491 648/156/490
f 649/158/492 645/150/484 647/154/488
f 648/156/490 649/158/492 647/154/488
f 650/150/493 644/146/480 645/150/484
f 645/150/484 649/158/492 650/150/493
f 651/159/494 646/152/486 644/146/480
f 644/146/480 650/150/493 651/159/494
f 652/160/495 638/153/487 646/152/486
f 652/160/495 639/161/496 638/153/487
f 648/156/490 635/157/491 653/162/497
f 635/157/491 643/163/498 653/162/497
f 654/158/499 650/150/493 649/158/492
f 649/158/492 648/156/490 655/164/500
f 655/164/500 654/158/499 649/158/492
f 656/150/501 651/159/494 650/150/493
f 650/150/493 654/158/499 656/150/501
f 657/165/502 648/156/490 653/162/497
f 648/156/490 657/165/502 655/164/500
f 646/152/486 651/159/494 658/166/503
f 646/152/486 659/167/504 652/160/495
f 659/167/504 646/152/486 658/166/503
f 651/159/494 656/150/501 660/159/505
f 660/159/505 658/166/503 651/159/494
f 643/163/498 661/168/506 653/162/497
f 653/162/497 662/169/507 657/165/502
f 662/169/507 653/162/497 661/168/506
f 643/163/498 663/162/508 661/168/506
f 637/157/509 663/162/508 643/163/498
f 664/165/510 661/168/506 663/162/508
f 661/168/506 664/165/510 662/169/507
f 665/156/511 663/162/508 637/157/509
f 665/156/511 664/165/510 663/162/508
f 634/155/512 665/156/511 637/157/509
f 666/154/513 665/156/511 634/155/512
f 633/151/514 666/154/513 634/155/512
f 664/165/510 665/156/511 667/164/515
f 666/154/513 667/164/515 665/156/511
f 668/150/516 666/154/513 633/151/514
f 668/150/516 633/151/514 632/148/517
f 669/146/518 668/150/516 632/148/517
f 669/146/518 632/148/517 631/147/519
f 641/149/520 669/146/518 631/147/519
f 667/164/515 666/154/513 670/158/521
f 668/150/516 670/158/521 666/154/513
f 671/164/522 664/165/510 667/164/515
f 670/158/521 671/164/522 667/164/515
f 670/158/521 668/150/516 672/150/523
f 669/146/518 672/150/523 668/150/516
f 673/152/524 669/146/518 641/149/520
f 640/153/525 673/152/524 641/149/520
f 664/165/510 671/164/522 674/165/526
f 674/165/526 662/169/507 664/165/510
f 671/164/522 670/158/521 675/158/527
f 672/150/523 675/158/527 670/158/521
f 676/160/528 673/152/524 640/153/525
f 676/160/528 640/153/525 639/161/496
f 677/170/529 676/160/528 639/161/496
f 677/170/529 639/161/496 652/160/495
f 678/167/530 673/152/524 676/160/528
f 677/170/529 678/167/530 676/160/528
f 652/160/495 679/171/531 677/170/529
f 678/167/530 677/170/529 679/171/531
f 679/171/531 652/160/495 659/167/504
f 662/169/507 674/165/526 680/169/532
f 680/169/532 657/165/502 662/169/507
f 673/152/524 678/167/530 681/166/533
f 681/166/533 669/146/518 673/152/524
f 672/150/523 669/146/518 682/159/534
f 669/146/518 681/166/533 682/159/534
f 678/167/530 683/166/535 681/166/533
f 683/166/535 682/159/534 681/166/533
f 679/171/531 684/167/536 678/167/530
f 683/166/535 678/167/530 684/167/536
f 659/167/504 685/171/537 679/171/531
f 684/167/536 679/171/531 685/171/537
f 682/159/534 686/150/538 672/150/523
f 675/158/527 672/150/523 686/150/538
f 682/159/534 683/166/535 687/159/539
f 686/150/538 682/159/534 687/159/539
f 684/167/536 688/172/540 683/166/535
f 688/172/540 687/159/539 683/166/535
f 685/171/537 659/167/504 689/167/541
f 658/166/503 689/167/541 659/167/504
f 685/171/537 690/173/542 684/167/536
f 688/172/540 684/167/536 690/173/542
f 689/167/541 658/166/503 691/166/543
f 658/166/503 660/159/505 691/166/543
f 686/150/538 692/174/544 675/158/527
f 687/159/539 693/150/545 686/150/538
f 692/174/544 686/150/538 693/150/545
f 687/159/539 688/172/540 694/175/546
f 693/150/545 687/159/539 694/175/546
f 690/173/542 695/176/547 688/172/540
f 695/176/547 694/175/546 688/172/540
f 696/177/548 675/158/527 692/174/544
f 675/158/527 696/177/548 671/164/522
f 696/177/548 674/165/526 671/164/522
f 674/165/526 696/177/548 697/178/549
f 697/178/549 680/169/532 674/165/526
f 692/174/544 698/179/550 696/177/548
f 698/179/550 697/178/549 696/177/548
f 693/150/545 699/180/551 692/174/544
f 698/179/550 692/174/544 699/180/551
f 694/175/546 700/150/552 693/150/545
f 699/180/551 693/150/545 700/150/552
f 694/175/546 695/176/547 701/181/553
f 700/150/552 694/175/546 701/181/553
f 695/176/547 690/173/542 702/182/554
f 703/183/555 702/182/554 690/173/542
f 690/173/542 685/171/537 703/183/555
f 685/171/537 704/173/556 703/183/555
f 704/173/556 685/171/537 689/167/541
f 689/167/541 705/172/557 704/173/556
f 705/172/557 689/167/541 691/166/543
f 691/166/543 706/175/558 705/172/557
f 706/175/558 691/166/543 660/159/505
f 660/159/505 707/150/559 706/175/558
f 707/150/559 660/159/505 656/150/501
f 656/150/501 708/174/560 707/150/559
f 708/174/560 656/150/501 654/158/499
f 709/164/561 708/174/560 654/158/499
f 654/158/499 655/164/500 709/164/561
f 655/164/500 710/165/562 709/164/561
f 710/165/562 655/164/500 657/165/502
f 657/165/502 680/169/532 710/165/562
f 708/174/560 709/164/561 711/177/563
f 710/165/562 711/177/563 709/164/561
f 712/180/564 707/150/559 708/174/560
f 711/177/563 712/180/564 708/174/560
f 713/150/565 706/175/558 707/150/559
f 707/150/559 712/180/564 713/150/565
f 714/181/566 705/172/557 706/175/558
f 706/175/558 713/150/565 714/181/566
f 680/169/532 715/178/567 710/165/562
f 711/177/563 710/165/562 715/178/567
f 712/180/564 711/177/563 716/179/568
f 715/178/567 716/179/568 711/177/563
f 715/178/567 680/169/532 717/184/569
f 680/169/532 697/178/549 717/184/569
f 705/172/557 714/181/566 718/176/570
f 718/176/570 704/173/556 705/172/557
f 716/179/568 715/178/567 719/185/571
f 717/184/569 719/185/571 715/178/567
f 720/185/572 717/184/569 697/178/549
f 697/178/549 698/179/550 720/185/572
f 704/173/556 718/176/570 721/182/573
f 721/182/573 703/183/555 704/173/556
f 719/185/571 717/184/569 722/186/574
f 717/184/569 720/185/572 722/186/574
f 723/187/575 719/185/571 722/186/574
f 720/185/572 723/187/575 722/186/574
f 724/188/576 716/179/568 719/185/571
f 719/185/571 723/187/575 724/188/576
f 725/150/577 724/188/576 723/187/575
f 723/187/575 720/185/572 726/188/578
f 698/179/550 726/188/578 720/185/572
f 725/150/577 723/187/575 726/188/578
f 716/179/568 724/188/576 727/189/579
f 725/150/577 727/189/579 724/188/576
f 727/189/579 712/180/564 716/179/568
f 726/188/578 698/179/550 728/189/580
f 725/150/577 726/188/578 728/189/580
f 699/180/551 728/189/580 698/179/550
f 712/180/564 727/189/579 729/190/581
f 725/150/577 729/190/581 727/189/579
f 729/190/581 713/150/565 712/180/564
f 728/189/580 699/180/551 730/190/582
f 725/150/577 728/189/580 730/190/582
f 700/150/552 730/190/582 699/180/551
f 731/150/583 729/190/581 725/150/577
f 713/150/565 729/190/581 731/150/583
f 732/150/584 725/150/577 730/190/582
f 730/190/582 700/150/552 732/150/584
f 733/191/585 731/150/583 725/150/577
f 733/191/585 713/150/565 731/150/583
f 713/150/565 733/191/585 714/181/566
f 700/150/552 734/191/586 732/150/584
f 734/191/586 725/150/577 732/150/584
f 734/191/586 700/150/552 701/181/553
f 735/192/587 714/181/566 733/191/585
f 735/192/587 733/191/585 725/150/577
f 714/181/566 735/192/587 718/176/570
f 701/181/553 736/192/588 734/191/586
f 736/192/588 725/150/577 734/191/586
f 736/192/588 701/181/553 695/176/547
f 737/193/589 718/176/570 735/192/587
f 737/193/589 735/192/587 725/150/577
f 718/176/570 737/193/589 721/182/573
f 695/176/547 738/193/590 736/192/588
f 738/193/590 725/150/577 736/192/588
f 738/193/590 695/176/547 702/182/554
f 739/194/591 737/193/589 725/150/577
f 739/194/591 725/150/577 738/193/590
f 739/194/591 721/182/573 737/193/589
f 702/182/554 739/194/591 738/193/590
f 721/182/573 739/194/591 740/195/592
f 739/194/591 702/182/554 740/195/592
f 703/183/555 721/182/573 740/195/592
f 702/182/554 703/183/555 740/195/592
